ISO-10303-21;
HEADER;
FILE_DESCRIPTION(('KiCad electronic assembly'),'2;1');
FILE_NAME('v2 motor driver.step','2026-08-26T00:38:14',('Pcbnew'),(
    'Kicad'),'Open CASCADE STEP processor 7.9','KiCad to STEP converter'
  ,'Unknown');
FILE_SCHEMA(('AUTOMOTIVE_DESIGN { 1 0 10303 214 1 1 1 1 }'));
ENDSEC;
DATA;
#1 = APPLICATION_PROTOCOL_DEFINITION('international standard',
  'automotive_design',2000,#2);
#2 = APPLICATION_CONTEXT(
  'core data for automotive mechanical design processes');
#3 = SHAPE_DEFINITION_REPRESENTATION(#4,#10);
#4 = PRODUCT_DEFINITION_SHAPE('','',#5);
#5 = PRODUCT_DEFINITION('design','',#6,#9);
#6 = PRODUCT_DEFINITION_FORMATION('','',#7);
#7 = PRODUCT('v2 motor driver 1','v2 motor driver 1','',(#8));
#8 = PRODUCT_CONTEXT('',#2,'mechanical');
#9 = PRODUCT_DEFINITION_CONTEXT('part definition',#2,'design');
#10 = SHAPE_REPRESENTATION('',(#11,#15,#19,#23,#27,#31,#35,#39,#43,#47,
    #51,#55,#59,#63,#67,#71,#75,#79,#83,#87,#91,#95,#99,#103),#107);
#11 = AXIS2_PLACEMENT_3D('',#12,#13,#14);
#12 = CARTESIAN_POINT('',(0.,0.,0.));
#13 = DIRECTION('',(0.,0.,1.));
#14 = DIRECTION('',(1.,0.,-0.));
#15 = AXIS2_PLACEMENT_3D('',#16,#17,#18);
#16 = CARTESIAN_POINT('',(190.3,-75.9125,1.595));
#17 = DIRECTION('',(0.,-0.,1.));
#18 = DIRECTION('',(1.110223024625E-16,1.,0.));
#19 = AXIS2_PLACEMENT_3D('',#20,#21,#22);
#20 = CARTESIAN_POINT('',(193.1,-75.9625,1.595));
#21 = DIRECTION('',(0.,-0.,1.));
#22 = DIRECTION('',(1.110223024625E-16,1.,0.));
#23 = AXIS2_PLACEMENT_3D('',#24,#25,#26);
#24 = CARTESIAN_POINT('',(194.775,-85.0625,1.595));
#25 = DIRECTION('',(0.,-0.,1.));
#26 = DIRECTION('',(1.110223024625E-16,1.,0.));
#27 = AXIS2_PLACEMENT_3D('',#28,#29,#30);
#28 = CARTESIAN_POINT('',(193.725,-80.5875,1.595));
#29 = DIRECTION('',(0.,-0.,1.));
#30 = DIRECTION('',(1.110223024625E-16,1.,0.));
#31 = AXIS2_PLACEMENT_3D('',#32,#33,#34);
#32 = CARTESIAN_POINT('',(191.2,-80.5875,1.595));
#33 = DIRECTION('',(0.,-0.,1.));
#34 = DIRECTION('',(1.110223024625E-16,1.,0.));
#35 = AXIS2_PLACEMENT_3D('',#36,#37,#38);
#36 = CARTESIAN_POINT('',(191.1375,-96.375,1.595));
#37 = DIRECTION('',(0.,0.,1.));
#38 = DIRECTION('',(1.,0.,0.));
#39 = AXIS2_PLACEMENT_3D('',#40,#41,#42);
#40 = CARTESIAN_POINT('',(190.4,-86.975,1.595));
#41 = DIRECTION('',(0.,-0.,1.));
#42 = DIRECTION('',(1.110223024625E-16,1.,0.));
#43 = AXIS2_PLACEMENT_3D('',#44,#45,#46);
#44 = CARTESIAN_POINT('',(194.5125,-91.725,-8.5E-02));
#45 = DIRECTION('',(1.499759782662E-32,1.224646799147E-16,-1.));
#46 = DIRECTION('',(-1.,1.224646799147E-16,0.));
#47 = AXIS2_PLACEMENT_3D('',#48,#49,#50);
#48 = CARTESIAN_POINT('',(200.4375,-84.175,-8.5E-02));
#49 = DIRECTION('',(1.499759782662E-32,1.224646799147E-16,-1.));
#50 = DIRECTION('',(-1.,1.224646799147E-16,0.));
#51 = AXIS2_PLACEMENT_3D('',#52,#53,#54);
#52 = CARTESIAN_POINT('',(189.3625,-88.85,-8.5E-02));
#53 = DIRECTION('',(1.499759782662E-32,1.224646799147E-16,-1.));
#54 = DIRECTION('',(-1.,1.224646799147E-16,0.));
#55 = AXIS2_PLACEMENT_3D('',#56,#57,#58);
#56 = CARTESIAN_POINT('',(190.8,-93.0125,-8.5E-02));
#57 = DIRECTION('',(1.224646799147E-16,-1.359631073447E-32,-1.));
#58 = DIRECTION('',(1.110223024625E-16,1.,0.));
#59 = AXIS2_PLACEMENT_3D('',#60,#61,#62);
#60 = CARTESIAN_POINT('',(184.875,-93.1875,-8.5E-02));
#61 = DIRECTION('',(-1.224646799147E-16,-1.359631073447E-32,-1.));
#62 = DIRECTION('',(1.110223024625E-16,-1.,0.));
#63 = AXIS2_PLACEMENT_3D('',#64,#65,#66);
#64 = CARTESIAN_POINT('',(187.925,-93.2125,-8.5E-02));
#65 = DIRECTION('',(-1.224646799147E-16,-1.359631073447E-32,-1.));
#66 = DIRECTION('',(1.110223024625E-16,-1.,0.));
#67 = AXIS2_PLACEMENT_3D('',#68,#69,#70);
#68 = CARTESIAN_POINT('',(199.075,-97.775,-8.5E-02));
#69 = DIRECTION('',(1.499759782662E-32,1.224646799147E-16,-1.));
#70 = DIRECTION('',(-1.,1.224646799147E-16,0.));
#71 = AXIS2_PLACEMENT_3D('',#72,#73,#74);
#72 = CARTESIAN_POINT('',(199.5375,-93.475,-8.5E-02));
#73 = DIRECTION('',(1.499759782662E-32,1.224646799147E-16,-1.));
#74 = DIRECTION('',(-1.,1.224646799147E-16,0.));
#75 = AXIS2_PLACEMENT_3D('',#76,#77,#78);
#76 = CARTESIAN_POINT('',(189.8375,-97.775,-8.5E-02));
#77 = DIRECTION('',(1.499759782662E-32,1.224646799147E-16,-1.));
#78 = DIRECTION('',(-1.,1.224646799147E-16,0.));
#79 = AXIS2_PLACEMENT_3D('',#80,#81,#82);
#80 = CARTESIAN_POINT('',(180.05,-86.5625,-8.5E-02));
#81 = DIRECTION('',(-1.224646799147E-16,-1.359631073447E-32,-1.));
#82 = DIRECTION('',(1.110223024625E-16,-1.,0.));
#83 = AXIS2_PLACEMENT_3D('',#84,#85,#86);
#84 = CARTESIAN_POINT('',(189.4625,-83.55,-8.5E-02));
#85 = DIRECTION('',(1.499759782662E-32,1.224646799147E-16,-1.));
#86 = DIRECTION('',(-1.,1.224646799147E-16,0.));
#87 = AXIS2_PLACEMENT_3D('',#88,#89,#90);
#88 = CARTESIAN_POINT('',(199.9,-88.925,-8.5E-02));
#89 = DIRECTION('',(1.499759782662E-32,1.224646799147E-16,-1.));
#90 = DIRECTION('',(-1.,1.224646799147E-16,0.));
#91 = AXIS2_PLACEMENT_3D('',#92,#93,#94);
#92 = CARTESIAN_POINT('',(180.5875,-78.3,-8.5E-02));
#93 = DIRECTION('',(0.,-1.224646799147E-16,-1.));
#94 = DIRECTION('',(1.,0.,0.));
#95 = AXIS2_PLACEMENT_3D('',#96,#97,#98);
#96 = CARTESIAN_POINT('',(195.8375,-86.375,-8.5E-02));
#97 = DIRECTION('',(0.,-1.224646799147E-16,-1.));
#98 = DIRECTION('',(1.,0.,0.));
#99 = AXIS2_PLACEMENT_3D('',#100,#101,#102);
#100 = CARTESIAN_POINT('',(189.4125,-86.3,-8.5E-02));
#101 = DIRECTION('',(1.499759782662E-32,1.224646799147E-16,-1.));
#102 = DIRECTION('',(-1.,1.224646799147E-16,0.));
#103 = AXIS2_PLACEMENT_3D('',#104,#105,#106);
#104 = CARTESIAN_POINT('',(0.,0.,0.));
#105 = DIRECTION('',(0.,0.,1.));
#106 = DIRECTION('',(1.,0.,-0.));
#107 = ( GEOMETRIC_REPRESENTATION_CONTEXT(3) 
GLOBAL_UNCERTAINTY_ASSIGNED_CONTEXT((#111)) GLOBAL_UNIT_ASSIGNED_CONTEXT
((#108,#109,#110)) REPRESENTATION_CONTEXT('Context #1',
  '3D Context with UNIT and UNCERTAINTY') );
#108 = ( LENGTH_UNIT() NAMED_UNIT(*) SI_UNIT(.MILLI.,.METRE.) );
#109 = ( NAMED_UNIT(*) PLANE_ANGLE_UNIT() SI_UNIT($,.RADIAN.) );
#110 = ( NAMED_UNIT(*) SI_UNIT($,.STERADIAN.) SOLID_ANGLE_UNIT() );
#111 = UNCERTAINTY_MEASURE_WITH_UNIT(LENGTH_MEASURE(1.E-07),#108,
  'distance_accuracy_value','confusion accuracy');
#112 = PRODUCT_RELATED_PRODUCT_CATEGORY('part',$,(#7));
#113 = SHAPE_DEFINITION_REPRESENTATION(#114,#120);
#114 = PRODUCT_DEFINITION_SHAPE('','',#115);
#115 = PRODUCT_DEFINITION('design','',#116,#119);
#116 = PRODUCT_DEFINITION_FORMATION('','',#117);
#117 = PRODUCT('R_0603_1608Metric','R_0603_1608Metric','',(#118));
#118 = PRODUCT_CONTEXT('',#2,'mechanical');
#119 = PRODUCT_DEFINITION_CONTEXT('part definition',#2,'design');
#120 = ADVANCED_BREP_SHAPE_REPRESENTATION('',(#11,#121),#911);
#121 = MANIFOLD_SOLID_BREP('',#122);
#122 = CLOSED_SHELL('',(#123,#163,#246,#271,#296,#363,#380,#397,#446,
    #463,#480,#529,#546,#615,#646,#670,#739,#763,#780,#797,#814,#831,
    #848,#865,#882,#899));
#123 = ADVANCED_FACE('',(#124),#158,.F.);
#124 = FACE_BOUND('',#125,.F.);
#125 = EDGE_LOOP('',(#126,#136,#144,#152));
#126 = ORIENTED_EDGE('',*,*,#127,.F.);
#127 = EDGE_CURVE('',#128,#130,#132,.T.);
#128 = VERTEX_POINT('',#129);
#129 = CARTESIAN_POINT('',(-0.8,-0.4,4.5E-02));
#130 = VERTEX_POINT('',#131);
#131 = CARTESIAN_POINT('',(-0.8,-0.4,0.405));
#132 = LINE('',#133,#134);
#133 = CARTESIAN_POINT('',(-0.8,-0.4,0.));
#134 = VECTOR('',#135,1.);
#135 = DIRECTION('',(0.,0.,1.));
#136 = ORIENTED_EDGE('',*,*,#137,.T.);
#137 = EDGE_CURVE('',#128,#138,#140,.T.);
#138 = VERTEX_POINT('',#139);
#139 = CARTESIAN_POINT('',(-0.8,0.4,4.5E-02));
#140 = LINE('',#141,#142);
#141 = CARTESIAN_POINT('',(-0.8,-0.4,4.5E-02));
#142 = VECTOR('',#143,1.);
#143 = DIRECTION('',(0.,1.,0.));
#144 = ORIENTED_EDGE('',*,*,#145,.T.);
#145 = EDGE_CURVE('',#138,#146,#148,.T.);
#146 = VERTEX_POINT('',#147);
#147 = CARTESIAN_POINT('',(-0.8,0.4,0.405));
#148 = LINE('',#149,#150);
#149 = CARTESIAN_POINT('',(-0.8,0.4,0.));
#150 = VECTOR('',#151,1.);
#151 = DIRECTION('',(0.,0.,1.));
#152 = ORIENTED_EDGE('',*,*,#153,.F.);
#153 = EDGE_CURVE('',#130,#146,#154,.T.);
#154 = LINE('',#155,#156);
#155 = CARTESIAN_POINT('',(-0.8,-0.4,0.405));
#156 = VECTOR('',#157,1.);
#157 = DIRECTION('',(0.,1.,0.));
#158 = PLANE('',#159);
#159 = AXIS2_PLACEMENT_3D('',#160,#161,#162);
#160 = CARTESIAN_POINT('',(-0.8,-0.4,0.));
#161 = DIRECTION('',(1.,0.,0.));
#162 = DIRECTION('',(0.,0.,1.));
#163 = ADVANCED_FACE('',(#164),#241,.F.);
#164 = FACE_BOUND('',#165,.F.);
#165 = EDGE_LOOP('',(#166,#176,#183,#184,#193,#201,#210,#218,#226,#234)
  );
#166 = ORIENTED_EDGE('',*,*,#167,.F.);
#167 = EDGE_CURVE('',#168,#170,#172,.T.);
#168 = VERTEX_POINT('',#169);
#169 = CARTESIAN_POINT('',(-0.755,-0.4,-2.775557561563E-17));
#170 = VERTEX_POINT('',#171);
#171 = CARTESIAN_POINT('',(-0.545,-0.4,-2.775557561563E-17));
#172 = LINE('',#173,#174);
#173 = CARTESIAN_POINT('',(-0.8,-0.4,0.));
#174 = VECTOR('',#175,1.);
#175 = DIRECTION('',(1.,0.,0.));
#176 = ORIENTED_EDGE('',*,*,#177,.F.);
#177 = EDGE_CURVE('',#128,#168,#178,.T.);
#178 = CIRCLE('',#179,4.5E-02);
#179 = AXIS2_PLACEMENT_3D('',#180,#181,#182);
#180 = CARTESIAN_POINT('',(-0.755,-0.4,4.5E-02));
#181 = DIRECTION('',(0.,-1.,0.));
#182 = DIRECTION('',(0.,0.,1.));
#183 = ORIENTED_EDGE('',*,*,#127,.T.);
#184 = ORIENTED_EDGE('',*,*,#185,.T.);
#185 = EDGE_CURVE('',#130,#186,#188,.T.);
#186 = VERTEX_POINT('',#187);
#187 = CARTESIAN_POINT('',(-0.755,-0.4,0.45));
#188 = CIRCLE('',#189,4.5E-02);
#189 = AXIS2_PLACEMENT_3D('',#190,#191,#192);
#190 = CARTESIAN_POINT('',(-0.755,-0.4,0.405));
#191 = DIRECTION('',(0.,1.,0.));
#192 = DIRECTION('',(0.,-0.,1.));
#193 = ORIENTED_EDGE('',*,*,#194,.T.);
#194 = EDGE_CURVE('',#186,#195,#197,.T.);
#195 = VERTEX_POINT('',#196);
#196 = CARTESIAN_POINT('',(-0.545,-0.4,0.45));
#197 = LINE('',#198,#199);
#198 = CARTESIAN_POINT('',(-0.8,-0.4,0.45));
#199 = VECTOR('',#200,1.);
#200 = DIRECTION('',(1.,0.,0.));
#201 = ORIENTED_EDGE('',*,*,#202,.F.);
#202 = EDGE_CURVE('',#203,#195,#205,.T.);
#203 = VERTEX_POINT('',#204);
#204 = CARTESIAN_POINT('',(-0.5,-0.4,0.405));
#205 = CIRCLE('',#206,4.5E-02);
#206 = AXIS2_PLACEMENT_3D('',#207,#208,#209);
#207 = CARTESIAN_POINT('',(-0.545,-0.4,0.405));
#208 = DIRECTION('',(0.,-1.,0.));
#209 = DIRECTION('',(0.,0.,1.));
#210 = ORIENTED_EDGE('',*,*,#211,.F.);
#211 = EDGE_CURVE('',#212,#203,#214,.T.);
#212 = VERTEX_POINT('',#213);
#213 = CARTESIAN_POINT('',(-0.755,-0.4,0.405));
#214 = LINE('',#215,#216);
#215 = CARTESIAN_POINT('',(-0.755,-0.4,0.405));
#216 = VECTOR('',#217,1.);
#217 = DIRECTION('',(1.,0.,0.));
#218 = ORIENTED_EDGE('',*,*,#219,.F.);
#219 = EDGE_CURVE('',#220,#212,#222,.T.);
#220 = VERTEX_POINT('',#221);
#221 = CARTESIAN_POINT('',(-0.755,-0.4,4.5E-02));
#222 = LINE('',#223,#224);
#223 = CARTESIAN_POINT('',(-0.755,-0.4,4.5E-02));
#224 = VECTOR('',#225,1.);
#225 = DIRECTION('',(0.,0.,1.));
#226 = ORIENTED_EDGE('',*,*,#227,.T.);
#227 = EDGE_CURVE('',#220,#228,#230,.T.);
#228 = VERTEX_POINT('',#229);
#229 = CARTESIAN_POINT('',(-0.5,-0.4,4.5E-02));
#230 = LINE('',#231,#232);
#231 = CARTESIAN_POINT('',(-0.755,-0.4,4.5E-02));
#232 = VECTOR('',#233,1.);
#233 = DIRECTION('',(1.,0.,0.));
#234 = ORIENTED_EDGE('',*,*,#235,.T.);
#235 = EDGE_CURVE('',#228,#170,#236,.T.);
#236 = CIRCLE('',#237,4.5E-02);
#237 = AXIS2_PLACEMENT_3D('',#238,#239,#240);
#238 = CARTESIAN_POINT('',(-0.545,-0.4,4.5E-02));
#239 = DIRECTION('',(0.,1.,0.));
#240 = DIRECTION('',(0.,-0.,1.));
#241 = PLANE('',#242);
#242 = AXIS2_PLACEMENT_3D('',#243,#244,#245);
#243 = CARTESIAN_POINT('',(-0.8,-0.4,0.));
#244 = DIRECTION('',(0.,1.,0.));
#245 = DIRECTION('',(0.,-0.,1.));
#246 = ADVANCED_FACE('',(#247),#266,.T.);
#247 = FACE_BOUND('',#248,.T.);
#248 = EDGE_LOOP('',(#249,#250,#259,#265));
#249 = ORIENTED_EDGE('',*,*,#137,.T.);
#250 = ORIENTED_EDGE('',*,*,#251,.T.);
#251 = EDGE_CURVE('',#138,#252,#254,.T.);
#252 = VERTEX_POINT('',#253);
#253 = CARTESIAN_POINT('',(-0.755,0.4,-2.775557561563E-17));
#254 = CIRCLE('',#255,4.5E-02);
#255 = AXIS2_PLACEMENT_3D('',#256,#257,#258);
#256 = CARTESIAN_POINT('',(-0.755,0.4,4.5E-02));
#257 = DIRECTION('',(0.,-1.,0.));
#258 = DIRECTION('',(0.,0.,1.));
#259 = ORIENTED_EDGE('',*,*,#260,.F.);
#260 = EDGE_CURVE('',#168,#252,#261,.T.);
#261 = LINE('',#262,#263);
#262 = CARTESIAN_POINT('',(-0.755,-0.4,-2.775557561563E-17));
#263 = VECTOR('',#264,1.);
#264 = DIRECTION('',(0.,1.,0.));
#265 = ORIENTED_EDGE('',*,*,#177,.F.);
#266 = CYLINDRICAL_SURFACE('',#267,4.5E-02);
#267 = AXIS2_PLACEMENT_3D('',#268,#269,#270);
#268 = CARTESIAN_POINT('',(-0.755,-0.4,4.5E-02));
#269 = DIRECTION('',(0.,1.,0.));
#270 = DIRECTION('',(-1.,0.,0.));
#271 = ADVANCED_FACE('',(#272),#291,.T.);
#272 = FACE_BOUND('',#273,.T.);
#273 = EDGE_LOOP('',(#274,#275,#283,#290));
#274 = ORIENTED_EDGE('',*,*,#185,.T.);
#275 = ORIENTED_EDGE('',*,*,#276,.T.);
#276 = EDGE_CURVE('',#186,#277,#279,.T.);
#277 = VERTEX_POINT('',#278);
#278 = CARTESIAN_POINT('',(-0.755,0.4,0.45));
#279 = LINE('',#280,#281);
#280 = CARTESIAN_POINT('',(-0.755,-0.4,0.45));
#281 = VECTOR('',#282,1.);
#282 = DIRECTION('',(0.,1.,0.));
#283 = ORIENTED_EDGE('',*,*,#284,.F.);
#284 = EDGE_CURVE('',#146,#277,#285,.T.);
#285 = CIRCLE('',#286,4.5E-02);
#286 = AXIS2_PLACEMENT_3D('',#287,#288,#289);
#287 = CARTESIAN_POINT('',(-0.755,0.4,0.405));
#288 = DIRECTION('',(0.,1.,0.));
#289 = DIRECTION('',(0.,-0.,1.));
#290 = ORIENTED_EDGE('',*,*,#153,.F.);
#291 = CYLINDRICAL_SURFACE('',#292,4.5E-02);
#292 = AXIS2_PLACEMENT_3D('',#293,#294,#295);
#293 = CARTESIAN_POINT('',(-0.755,-0.4,0.405));
#294 = DIRECTION('',(0.,1.,0.));
#295 = DIRECTION('',(-1.,0.,0.));
#296 = ADVANCED_FACE('',(#297),#358,.T.);
#297 = FACE_BOUND('',#298,.T.);
#298 = EDGE_LOOP('',(#299,#307,#308,#309,#310,#318,#327,#335,#343,#351)
  );
#299 = ORIENTED_EDGE('',*,*,#300,.F.);
#300 = EDGE_CURVE('',#252,#301,#303,.T.);
#301 = VERTEX_POINT('',#302);
#302 = CARTESIAN_POINT('',(-0.545,0.4,-2.775557561563E-17));
#303 = LINE('',#304,#305);
#304 = CARTESIAN_POINT('',(-0.8,0.4,0.));
#305 = VECTOR('',#306,1.);
#306 = DIRECTION('',(1.,0.,0.));
#307 = ORIENTED_EDGE('',*,*,#251,.F.);
#308 = ORIENTED_EDGE('',*,*,#145,.T.);
#309 = ORIENTED_EDGE('',*,*,#284,.T.);
#310 = ORIENTED_EDGE('',*,*,#311,.T.);
#311 = EDGE_CURVE('',#277,#312,#314,.T.);
#312 = VERTEX_POINT('',#313);
#313 = CARTESIAN_POINT('',(-0.545,0.4,0.45));
#314 = LINE('',#315,#316);
#315 = CARTESIAN_POINT('',(-0.8,0.4,0.45));
#316 = VECTOR('',#317,1.);
#317 = DIRECTION('',(1.,0.,0.));
#318 = ORIENTED_EDGE('',*,*,#319,.F.);
#319 = EDGE_CURVE('',#320,#312,#322,.T.);
#320 = VERTEX_POINT('',#321);
#321 = CARTESIAN_POINT('',(-0.5,0.4,0.405));
#322 = CIRCLE('',#323,4.5E-02);
#323 = AXIS2_PLACEMENT_3D('',#324,#325,#326);
#324 = CARTESIAN_POINT('',(-0.545,0.4,0.405));
#325 = DIRECTION('',(0.,-1.,0.));
#326 = DIRECTION('',(0.,0.,1.));
#327 = ORIENTED_EDGE('',*,*,#328,.F.);
#328 = EDGE_CURVE('',#329,#320,#331,.T.);
#329 = VERTEX_POINT('',#330);
#330 = CARTESIAN_POINT('',(-0.755,0.4,0.405));
#331 = LINE('',#332,#333);
#332 = CARTESIAN_POINT('',(-0.755,0.4,0.405));
#333 = VECTOR('',#334,1.);
#334 = DIRECTION('',(1.,0.,0.));
#335 = ORIENTED_EDGE('',*,*,#336,.F.);
#336 = EDGE_CURVE('',#337,#329,#339,.T.);
#337 = VERTEX_POINT('',#338);
#338 = CARTESIAN_POINT('',(-0.755,0.4,4.5E-02));
#339 = LINE('',#340,#341);
#340 = CARTESIAN_POINT('',(-0.755,0.4,4.5E-02));
#341 = VECTOR('',#342,1.);
#342 = DIRECTION('',(0.,0.,1.));
#343 = ORIENTED_EDGE('',*,*,#344,.T.);
#344 = EDGE_CURVE('',#337,#345,#347,.T.);
#345 = VERTEX_POINT('',#346);
#346 = CARTESIAN_POINT('',(-0.5,0.4,4.5E-02));
#347 = LINE('',#348,#349);
#348 = CARTESIAN_POINT('',(-0.755,0.4,4.5E-02));
#349 = VECTOR('',#350,1.);
#350 = DIRECTION('',(1.,0.,0.));
#351 = ORIENTED_EDGE('',*,*,#352,.T.);
#352 = EDGE_CURVE('',#345,#301,#353,.T.);
#353 = CIRCLE('',#354,4.5E-02);
#354 = AXIS2_PLACEMENT_3D('',#355,#356,#357);
#355 = CARTESIAN_POINT('',(-0.545,0.4,4.5E-02));
#356 = DIRECTION('',(0.,1.,0.));
#357 = DIRECTION('',(0.,-0.,1.));
#358 = PLANE('',#359);
#359 = AXIS2_PLACEMENT_3D('',#360,#361,#362);
#360 = CARTESIAN_POINT('',(-0.8,0.4,0.));
#361 = DIRECTION('',(0.,1.,0.));
#362 = DIRECTION('',(0.,-0.,1.));
#363 = ADVANCED_FACE('',(#364),#375,.F.);
#364 = FACE_BOUND('',#365,.F.);
#365 = EDGE_LOOP('',(#366,#367,#368,#369));
#366 = ORIENTED_EDGE('',*,*,#300,.F.);
#367 = ORIENTED_EDGE('',*,*,#260,.F.);
#368 = ORIENTED_EDGE('',*,*,#167,.T.);
#369 = ORIENTED_EDGE('',*,*,#370,.T.);
#370 = EDGE_CURVE('',#170,#301,#371,.T.);
#371 = LINE('',#372,#373);
#372 = CARTESIAN_POINT('',(-0.545,-0.4,-2.775557561563E-17));
#373 = VECTOR('',#374,1.);
#374 = DIRECTION('',(0.,1.,0.));
#375 = PLANE('',#376);
#376 = AXIS2_PLACEMENT_3D('',#377,#378,#379);
#377 = CARTESIAN_POINT('',(-0.8,-0.4,0.));
#378 = DIRECTION('',(0.,0.,1.));
#379 = DIRECTION('',(1.,0.,-0.));
#380 = ADVANCED_FACE('',(#381),#392,.T.);
#381 = FACE_BOUND('',#382,.T.);
#382 = EDGE_LOOP('',(#383,#384,#385,#386));
#383 = ORIENTED_EDGE('',*,*,#235,.T.);
#384 = ORIENTED_EDGE('',*,*,#370,.T.);
#385 = ORIENTED_EDGE('',*,*,#352,.F.);
#386 = ORIENTED_EDGE('',*,*,#387,.F.);
#387 = EDGE_CURVE('',#228,#345,#388,.T.);
#388 = LINE('',#389,#390);
#389 = CARTESIAN_POINT('',(-0.5,-0.4,4.5E-02));
#390 = VECTOR('',#391,1.);
#391 = DIRECTION('',(0.,1.,0.));
#392 = CYLINDRICAL_SURFACE('',#393,4.5E-02);
#393 = AXIS2_PLACEMENT_3D('',#394,#395,#396);
#394 = CARTESIAN_POINT('',(-0.545,-0.4,4.5E-02));
#395 = DIRECTION('',(0.,1.,0.));
#396 = DIRECTION('',(1.,0.,0.));
#397 = ADVANCED_FACE('',(#398),#441,.F.);
#398 = FACE_BOUND('',#399,.F.);
#399 = EDGE_LOOP('',(#400,#401,#402,#403,#411,#419,#427,#435));
#400 = ORIENTED_EDGE('',*,*,#227,.F.);
#401 = ORIENTED_EDGE('',*,*,#219,.T.);
#402 = ORIENTED_EDGE('',*,*,#211,.T.);
#403 = ORIENTED_EDGE('',*,*,#404,.T.);
#404 = EDGE_CURVE('',#203,#405,#407,.T.);
#405 = VERTEX_POINT('',#406);
#406 = CARTESIAN_POINT('',(0.5,-0.4,0.405));
#407 = LINE('',#408,#409);
#408 = CARTESIAN_POINT('',(-0.5,-0.4,0.405));
#409 = VECTOR('',#410,1.);
#410 = DIRECTION('',(1.,0.,0.));
#411 = ORIENTED_EDGE('',*,*,#412,.T.);
#412 = EDGE_CURVE('',#405,#413,#415,.T.);
#413 = VERTEX_POINT('',#414);
#414 = CARTESIAN_POINT('',(0.755,-0.4,0.405));
#415 = LINE('',#416,#417);
#416 = CARTESIAN_POINT('',(-0.755,-0.4,0.405));
#417 = VECTOR('',#418,1.);
#418 = DIRECTION('',(1.,0.,0.));
#419 = ORIENTED_EDGE('',*,*,#420,.F.);
#420 = EDGE_CURVE('',#421,#413,#423,.T.);
#421 = VERTEX_POINT('',#422);
#422 = CARTESIAN_POINT('',(0.755,-0.4,4.5E-02));
#423 = LINE('',#424,#425);
#424 = CARTESIAN_POINT('',(0.755,-0.4,4.5E-02));
#425 = VECTOR('',#426,1.);
#426 = DIRECTION('',(0.,0.,1.));
#427 = ORIENTED_EDGE('',*,*,#428,.F.);
#428 = EDGE_CURVE('',#429,#421,#431,.T.);
#429 = VERTEX_POINT('',#430);
#430 = CARTESIAN_POINT('',(0.5,-0.4,4.5E-02));
#431 = LINE('',#432,#433);
#432 = CARTESIAN_POINT('',(-0.755,-0.4,4.5E-02));
#433 = VECTOR('',#434,1.);
#434 = DIRECTION('',(1.,0.,0.));
#435 = ORIENTED_EDGE('',*,*,#436,.F.);
#436 = EDGE_CURVE('',#228,#429,#437,.T.);
#437 = LINE('',#438,#439);
#438 = CARTESIAN_POINT('',(-0.755,-0.4,4.5E-02));
#439 = VECTOR('',#440,1.);
#440 = DIRECTION('',(1.,0.,0.));
#441 = PLANE('',#442);
#442 = AXIS2_PLACEMENT_3D('',#443,#444,#445);
#443 = CARTESIAN_POINT('',(-0.755,-0.4,4.5E-02));
#444 = DIRECTION('',(0.,1.,0.));
#445 = DIRECTION('',(0.,-0.,1.));
#446 = ADVANCED_FACE('',(#447),#458,.T.);
#447 = FACE_BOUND('',#448,.T.);
#448 = EDGE_LOOP('',(#449,#450,#451,#452));
#449 = ORIENTED_EDGE('',*,*,#311,.F.);
#450 = ORIENTED_EDGE('',*,*,#276,.F.);
#451 = ORIENTED_EDGE('',*,*,#194,.T.);
#452 = ORIENTED_EDGE('',*,*,#453,.T.);
#453 = EDGE_CURVE('',#195,#312,#454,.T.);
#454 = LINE('',#455,#456);
#455 = CARTESIAN_POINT('',(-0.545,-0.4,0.45));
#456 = VECTOR('',#457,1.);
#457 = DIRECTION('',(0.,1.,0.));
#458 = PLANE('',#459);
#459 = AXIS2_PLACEMENT_3D('',#460,#461,#462);
#460 = CARTESIAN_POINT('',(-0.8,-0.4,0.45));
#461 = DIRECTION('',(0.,0.,1.));
#462 = DIRECTION('',(1.,0.,-0.));
#463 = ADVANCED_FACE('',(#464),#475,.T.);
#464 = FACE_BOUND('',#465,.T.);
#465 = EDGE_LOOP('',(#466,#472,#473,#474));
#466 = ORIENTED_EDGE('',*,*,#467,.T.);
#467 = EDGE_CURVE('',#203,#320,#468,.T.);
#468 = LINE('',#469,#470);
#469 = CARTESIAN_POINT('',(-0.5,-0.4,0.405));
#470 = VECTOR('',#471,1.);
#471 = DIRECTION('',(0.,1.,0.));
#472 = ORIENTED_EDGE('',*,*,#319,.T.);
#473 = ORIENTED_EDGE('',*,*,#453,.F.);
#474 = ORIENTED_EDGE('',*,*,#202,.F.);
#475 = CYLINDRICAL_SURFACE('',#476,4.5E-02);
#476 = AXIS2_PLACEMENT_3D('',#477,#478,#479);
#477 = CARTESIAN_POINT('',(-0.545,-0.4,0.405));
#478 = DIRECTION('',(0.,1.,0.));
#479 = DIRECTION('',(1.,0.,0.));
#480 = ADVANCED_FACE('',(#481),#524,.T.);
#481 = FACE_BOUND('',#482,.T.);
#482 = EDGE_LOOP('',(#483,#484,#485,#486,#494,#502,#510,#518));
#483 = ORIENTED_EDGE('',*,*,#344,.F.);
#484 = ORIENTED_EDGE('',*,*,#336,.T.);
#485 = ORIENTED_EDGE('',*,*,#328,.T.);
#486 = ORIENTED_EDGE('',*,*,#487,.T.);
#487 = EDGE_CURVE('',#320,#488,#490,.T.);
#488 = VERTEX_POINT('',#489);
#489 = CARTESIAN_POINT('',(0.5,0.4,0.405));
#490 = LINE('',#491,#492);
#491 = CARTESIAN_POINT('',(-0.5,0.4,0.405));
#492 = VECTOR('',#493,1.);
#493 = DIRECTION('',(1.,0.,0.));
#494 = ORIENTED_EDGE('',*,*,#495,.T.);
#495 = EDGE_CURVE('',#488,#496,#498,.T.);
#496 = VERTEX_POINT('',#497);
#497 = CARTESIAN_POINT('',(0.755,0.4,0.405));
#498 = LINE('',#499,#500);
#499 = CARTESIAN_POINT('',(-0.755,0.4,0.405));
#500 = VECTOR('',#501,1.);
#501 = DIRECTION('',(1.,0.,0.));
#502 = ORIENTED_EDGE('',*,*,#503,.F.);
#503 = EDGE_CURVE('',#504,#496,#506,.T.);
#504 = VERTEX_POINT('',#505);
#505 = CARTESIAN_POINT('',(0.755,0.4,4.5E-02));
#506 = LINE('',#507,#508);
#507 = CARTESIAN_POINT('',(0.755,0.4,4.5E-02));
#508 = VECTOR('',#509,1.);
#509 = DIRECTION('',(0.,0.,1.));
#510 = ORIENTED_EDGE('',*,*,#511,.F.);
#511 = EDGE_CURVE('',#512,#504,#514,.T.);
#512 = VERTEX_POINT('',#513);
#513 = CARTESIAN_POINT('',(0.5,0.4,4.5E-02));
#514 = LINE('',#515,#516);
#515 = CARTESIAN_POINT('',(-0.755,0.4,4.5E-02));
#516 = VECTOR('',#517,1.);
#517 = DIRECTION('',(1.,0.,0.));
#518 = ORIENTED_EDGE('',*,*,#519,.F.);
#519 = EDGE_CURVE('',#345,#512,#520,.T.);
#520 = LINE('',#521,#522);
#521 = CARTESIAN_POINT('',(-0.755,0.4,4.5E-02));
#522 = VECTOR('',#523,1.);
#523 = DIRECTION('',(1.,0.,0.));
#524 = PLANE('',#525);
#525 = AXIS2_PLACEMENT_3D('',#526,#527,#528);
#526 = CARTESIAN_POINT('',(-0.755,0.4,4.5E-02));
#527 = DIRECTION('',(0.,1.,0.));
#528 = DIRECTION('',(0.,-0.,1.));
#529 = ADVANCED_FACE('',(#530),#541,.F.);
#530 = FACE_BOUND('',#531,.F.);
#531 = EDGE_LOOP('',(#532,#533,#534,#540));
#532 = ORIENTED_EDGE('',*,*,#387,.F.);
#533 = ORIENTED_EDGE('',*,*,#436,.T.);
#534 = ORIENTED_EDGE('',*,*,#535,.T.);
#535 = EDGE_CURVE('',#429,#512,#536,.T.);
#536 = LINE('',#537,#538);
#537 = CARTESIAN_POINT('',(0.5,-0.4,4.5E-02));
#538 = VECTOR('',#539,1.);
#539 = DIRECTION('',(0.,1.,0.));
#540 = ORIENTED_EDGE('',*,*,#519,.F.);
#541 = PLANE('',#542);
#542 = AXIS2_PLACEMENT_3D('',#543,#544,#545);
#543 = CARTESIAN_POINT('',(-0.755,-0.4,4.5E-02));
#544 = DIRECTION('',(0.,0.,1.));
#545 = DIRECTION('',(1.,0.,-0.));
#546 = ADVANCED_FACE('',(#547),#610,.F.);
#547 = FACE_BOUND('',#548,.F.);
#548 = EDGE_LOOP('',(#549,#559,#566,#567,#568,#569,#578,#586,#595,#603)
  );
#549 = ORIENTED_EDGE('',*,*,#550,.F.);
#550 = EDGE_CURVE('',#551,#553,#555,.T.);
#551 = VERTEX_POINT('',#552);
#552 = CARTESIAN_POINT('',(0.545,-0.4,-2.775557561563E-17));
#553 = VERTEX_POINT('',#554);
#554 = CARTESIAN_POINT('',(0.755,-0.4,-2.775557561563E-17));
#555 = LINE('',#556,#557);
#556 = CARTESIAN_POINT('',(0.5,-0.4,0.));
#557 = VECTOR('',#558,1.);
#558 = DIRECTION('',(1.,0.,0.));
#559 = ORIENTED_EDGE('',*,*,#560,.F.);
#560 = EDGE_CURVE('',#429,#551,#561,.T.);
#561 = CIRCLE('',#562,4.5E-02);
#562 = AXIS2_PLACEMENT_3D('',#563,#564,#565);
#563 = CARTESIAN_POINT('',(0.545,-0.4,4.5E-02));
#564 = DIRECTION('',(0.,-1.,0.));
#565 = DIRECTION('',(0.,0.,1.));
#566 = ORIENTED_EDGE('',*,*,#428,.T.);
#567 = ORIENTED_EDGE('',*,*,#420,.T.);
#568 = ORIENTED_EDGE('',*,*,#412,.F.);
#569 = ORIENTED_EDGE('',*,*,#570,.T.);
#570 = EDGE_CURVE('',#405,#571,#573,.T.);
#571 = VERTEX_POINT('',#572);
#572 = CARTESIAN_POINT('',(0.545,-0.4,0.45));
#573 = CIRCLE('',#574,4.5E-02);
#574 = AXIS2_PLACEMENT_3D('',#575,#576,#577);
#575 = CARTESIAN_POINT('',(0.545,-0.4,0.405));
#576 = DIRECTION('',(0.,1.,0.));
#577 = DIRECTION('',(0.,-0.,1.));
#578 = ORIENTED_EDGE('',*,*,#579,.T.);
#579 = EDGE_CURVE('',#571,#580,#582,.T.);
#580 = VERTEX_POINT('',#581);
#581 = CARTESIAN_POINT('',(0.755,-0.4,0.45));
#582 = LINE('',#583,#584);
#583 = CARTESIAN_POINT('',(0.5,-0.4,0.45));
#584 = VECTOR('',#585,1.);
#585 = DIRECTION('',(1.,0.,0.));
#586 = ORIENTED_EDGE('',*,*,#587,.F.);
#587 = EDGE_CURVE('',#588,#580,#590,.T.);
#588 = VERTEX_POINT('',#589);
#589 = CARTESIAN_POINT('',(0.8,-0.4,0.405));
#590 = CIRCLE('',#591,4.5E-02);
#591 = AXIS2_PLACEMENT_3D('',#592,#593,#594);
#592 = CARTESIAN_POINT('',(0.755,-0.4,0.405));
#593 = DIRECTION('',(0.,-1.,0.));
#594 = DIRECTION('',(0.,0.,1.));
#595 = ORIENTED_EDGE('',*,*,#596,.F.);
#596 = EDGE_CURVE('',#597,#588,#599,.T.);
#597 = VERTEX_POINT('',#598);
#598 = CARTESIAN_POINT('',(0.8,-0.4,4.5E-02));
#599 = LINE('',#600,#601);
#600 = CARTESIAN_POINT('',(0.8,-0.4,0.));
#601 = VECTOR('',#602,1.);
#602 = DIRECTION('',(0.,0.,1.));
#603 = ORIENTED_EDGE('',*,*,#604,.T.);
#604 = EDGE_CURVE('',#597,#553,#605,.T.);
#605 = CIRCLE('',#606,4.5E-02);
#606 = AXIS2_PLACEMENT_3D('',#607,#608,#609);
#607 = CARTESIAN_POINT('',(0.755,-0.4,4.5E-02));
#608 = DIRECTION('',(0.,1.,0.));
#609 = DIRECTION('',(0.,-0.,1.));
#610 = PLANE('',#611);
#611 = AXIS2_PLACEMENT_3D('',#612,#613,#614);
#612 = CARTESIAN_POINT('',(0.5,-0.4,0.));
#613 = DIRECTION('',(0.,1.,0.));
#614 = DIRECTION('',(0.,-0.,1.));
#615 = ADVANCED_FACE('',(#616),#641,.F.);
#616 = FACE_BOUND('',#617,.F.);
#617 = EDGE_LOOP('',(#618,#619,#627,#635));
#618 = ORIENTED_EDGE('',*,*,#404,.F.);
#619 = ORIENTED_EDGE('',*,*,#620,.T.);
#620 = EDGE_CURVE('',#203,#621,#623,.T.);
#621 = VERTEX_POINT('',#622);
#622 = CARTESIAN_POINT('',(-0.5,-0.4,0.45));
#623 = LINE('',#624,#625);
#624 = CARTESIAN_POINT('',(-0.5,-0.4,0.405));
#625 = VECTOR('',#626,1.);
#626 = DIRECTION('',(0.,0.,1.));
#627 = ORIENTED_EDGE('',*,*,#628,.T.);
#628 = EDGE_CURVE('',#621,#629,#631,.T.);
#629 = VERTEX_POINT('',#630);
#630 = CARTESIAN_POINT('',(0.5,-0.4,0.45));
#631 = LINE('',#632,#633);
#632 = CARTESIAN_POINT('',(-0.5,-0.4,0.45));
#633 = VECTOR('',#634,1.);
#634 = DIRECTION('',(1.,0.,0.));
#635 = ORIENTED_EDGE('',*,*,#636,.F.);
#636 = EDGE_CURVE('',#405,#629,#637,.T.);
#637 = LINE('',#638,#639);
#638 = CARTESIAN_POINT('',(0.5,-0.4,0.405));
#639 = VECTOR('',#640,1.);
#640 = DIRECTION('',(0.,0.,1.));
#641 = PLANE('',#642);
#642 = AXIS2_PLACEMENT_3D('',#643,#644,#645);
#643 = CARTESIAN_POINT('',(-0.5,-0.4,0.405));
#644 = DIRECTION('',(0.,1.,0.));
#645 = DIRECTION('',(0.,-0.,1.));
#646 = ADVANCED_FACE('',(#647),#665,.F.);
#647 = FACE_BOUND('',#648,.F.);
#648 = EDGE_LOOP('',(#649,#650,#651,#659));
#649 = ORIENTED_EDGE('',*,*,#620,.F.);
#650 = ORIENTED_EDGE('',*,*,#467,.T.);
#651 = ORIENTED_EDGE('',*,*,#652,.T.);
#652 = EDGE_CURVE('',#320,#653,#655,.T.);
#653 = VERTEX_POINT('',#654);
#654 = CARTESIAN_POINT('',(-0.5,0.4,0.45));
#655 = LINE('',#656,#657);
#656 = CARTESIAN_POINT('',(-0.5,0.4,0.405));
#657 = VECTOR('',#658,1.);
#658 = DIRECTION('',(0.,0.,1.));
#659 = ORIENTED_EDGE('',*,*,#660,.F.);
#660 = EDGE_CURVE('',#621,#653,#661,.T.);
#661 = LINE('',#662,#663);
#662 = CARTESIAN_POINT('',(-0.5,-0.4,0.45));
#663 = VECTOR('',#664,1.);
#664 = DIRECTION('',(0.,1.,0.));
#665 = PLANE('',#666);
#666 = AXIS2_PLACEMENT_3D('',#667,#668,#669);
#667 = CARTESIAN_POINT('',(-0.5,-0.4,0.405));
#668 = DIRECTION('',(1.,0.,0.));
#669 = DIRECTION('',(0.,0.,1.));
#670 = ADVANCED_FACE('',(#671),#734,.T.);
#671 = FACE_BOUND('',#672,.T.);
#672 = EDGE_LOOP('',(#673,#683,#690,#691,#692,#693,#702,#710,#719,#727)
  );
#673 = ORIENTED_EDGE('',*,*,#674,.F.);
#674 = EDGE_CURVE('',#675,#677,#679,.T.);
#675 = VERTEX_POINT('',#676);
#676 = CARTESIAN_POINT('',(0.545,0.4,-2.775557561563E-17));
#677 = VERTEX_POINT('',#678);
#678 = CARTESIAN_POINT('',(0.755,0.4,-2.775557561563E-17));
#679 = LINE('',#680,#681);
#680 = CARTESIAN_POINT('',(0.5,0.4,0.));
#681 = VECTOR('',#682,1.);
#682 = DIRECTION('',(1.,0.,0.));
#683 = ORIENTED_EDGE('',*,*,#684,.F.);
#684 = EDGE_CURVE('',#512,#675,#685,.T.);
#685 = CIRCLE('',#686,4.5E-02);
#686 = AXIS2_PLACEMENT_3D('',#687,#688,#689);
#687 = CARTESIAN_POINT('',(0.545,0.4,4.5E-02));
#688 = DIRECTION('',(0.,-1.,0.));
#689 = DIRECTION('',(0.,0.,1.));
#690 = ORIENTED_EDGE('',*,*,#511,.T.);
#691 = ORIENTED_EDGE('',*,*,#503,.T.);
#692 = ORIENTED_EDGE('',*,*,#495,.F.);
#693 = ORIENTED_EDGE('',*,*,#694,.T.);
#694 = EDGE_CURVE('',#488,#695,#697,.T.);
#695 = VERTEX_POINT('',#696);
#696 = CARTESIAN_POINT('',(0.545,0.4,0.45));
#697 = CIRCLE('',#698,4.5E-02);
#698 = AXIS2_PLACEMENT_3D('',#699,#700,#701);
#699 = CARTESIAN_POINT('',(0.545,0.4,0.405));
#700 = DIRECTION('',(0.,1.,0.));
#701 = DIRECTION('',(0.,-0.,1.));
#702 = ORIENTED_EDGE('',*,*,#703,.T.);
#703 = EDGE_CURVE('',#695,#704,#706,.T.);
#704 = VERTEX_POINT('',#705);
#705 = CARTESIAN_POINT('',(0.755,0.4,0.45));
#706 = LINE('',#707,#708);
#707 = CARTESIAN_POINT('',(0.5,0.4,0.45));
#708 = VECTOR('',#709,1.);
#709 = DIRECTION('',(1.,0.,0.));
#710 = ORIENTED_EDGE('',*,*,#711,.F.);
#711 = EDGE_CURVE('',#712,#704,#714,.T.);
#712 = VERTEX_POINT('',#713);
#713 = CARTESIAN_POINT('',(0.8,0.4,0.405));
#714 = CIRCLE('',#715,4.5E-02);
#715 = AXIS2_PLACEMENT_3D('',#716,#717,#718);
#716 = CARTESIAN_POINT('',(0.755,0.4,0.405));
#717 = DIRECTION('',(0.,-1.,0.));
#718 = DIRECTION('',(0.,0.,1.));
#719 = ORIENTED_EDGE('',*,*,#720,.F.);
#720 = EDGE_CURVE('',#721,#712,#723,.T.);
#721 = VERTEX_POINT('',#722);
#722 = CARTESIAN_POINT('',(0.8,0.4,4.5E-02));
#723 = LINE('',#724,#725);
#724 = CARTESIAN_POINT('',(0.8,0.4,0.));
#725 = VECTOR('',#726,1.);
#726 = DIRECTION('',(0.,0.,1.));
#727 = ORIENTED_EDGE('',*,*,#728,.T.);
#728 = EDGE_CURVE('',#721,#677,#729,.T.);
#729 = CIRCLE('',#730,4.5E-02);
#730 = AXIS2_PLACEMENT_3D('',#731,#732,#733);
#731 = CARTESIAN_POINT('',(0.755,0.4,4.5E-02));
#732 = DIRECTION('',(0.,1.,0.));
#733 = DIRECTION('',(0.,-0.,1.));
#734 = PLANE('',#735);
#735 = AXIS2_PLACEMENT_3D('',#736,#737,#738);
#736 = CARTESIAN_POINT('',(0.5,0.4,0.));
#737 = DIRECTION('',(0.,1.,0.));
#738 = DIRECTION('',(0.,-0.,1.));
#739 = ADVANCED_FACE('',(#740),#758,.T.);
#740 = FACE_BOUND('',#741,.T.);
#741 = EDGE_LOOP('',(#742,#743,#744,#752));
#742 = ORIENTED_EDGE('',*,*,#487,.F.);
#743 = ORIENTED_EDGE('',*,*,#652,.T.);
#744 = ORIENTED_EDGE('',*,*,#745,.T.);
#745 = EDGE_CURVE('',#653,#746,#748,.T.);
#746 = VERTEX_POINT('',#747);
#747 = CARTESIAN_POINT('',(0.5,0.4,0.45));
#748 = LINE('',#749,#750);
#749 = CARTESIAN_POINT('',(-0.5,0.4,0.45));
#750 = VECTOR('',#751,1.);
#751 = DIRECTION('',(1.,0.,0.));
#752 = ORIENTED_EDGE('',*,*,#753,.F.);
#753 = EDGE_CURVE('',#488,#746,#754,.T.);
#754 = LINE('',#755,#756);
#755 = CARTESIAN_POINT('',(0.5,0.4,0.405));
#756 = VECTOR('',#757,1.);
#757 = DIRECTION('',(0.,0.,1.));
#758 = PLANE('',#759);
#759 = AXIS2_PLACEMENT_3D('',#760,#761,#762);
#760 = CARTESIAN_POINT('',(-0.5,0.4,0.405));
#761 = DIRECTION('',(0.,1.,0.));
#762 = DIRECTION('',(0.,-0.,1.));
#763 = ADVANCED_FACE('',(#764),#775,.T.);
#764 = FACE_BOUND('',#765,.T.);
#765 = EDGE_LOOP('',(#766,#767,#768,#774));
#766 = ORIENTED_EDGE('',*,*,#535,.T.);
#767 = ORIENTED_EDGE('',*,*,#684,.T.);
#768 = ORIENTED_EDGE('',*,*,#769,.F.);
#769 = EDGE_CURVE('',#551,#675,#770,.T.);
#770 = LINE('',#771,#772);
#771 = CARTESIAN_POINT('',(0.545,-0.4,-2.775557561563E-17));
#772 = VECTOR('',#773,1.);
#773 = DIRECTION('',(0.,1.,0.));
#774 = ORIENTED_EDGE('',*,*,#560,.F.);
#775 = CYLINDRICAL_SURFACE('',#776,4.5E-02);
#776 = AXIS2_PLACEMENT_3D('',#777,#778,#779);
#777 = CARTESIAN_POINT('',(0.545,-0.4,4.5E-02));
#778 = DIRECTION('',(0.,1.,0.));
#779 = DIRECTION('',(-1.,0.,0.));
#780 = ADVANCED_FACE('',(#781),#792,.F.);
#781 = FACE_BOUND('',#782,.F.);
#782 = EDGE_LOOP('',(#783,#784,#785,#786));
#783 = ORIENTED_EDGE('',*,*,#674,.F.);
#784 = ORIENTED_EDGE('',*,*,#769,.F.);
#785 = ORIENTED_EDGE('',*,*,#550,.T.);
#786 = ORIENTED_EDGE('',*,*,#787,.T.);
#787 = EDGE_CURVE('',#553,#677,#788,.T.);
#788 = LINE('',#789,#790);
#789 = CARTESIAN_POINT('',(0.755,-0.4,-2.775557561563E-17));
#790 = VECTOR('',#791,1.);
#791 = DIRECTION('',(0.,1.,0.));
#792 = PLANE('',#793);
#793 = AXIS2_PLACEMENT_3D('',#794,#795,#796);
#794 = CARTESIAN_POINT('',(0.5,-0.4,0.));
#795 = DIRECTION('',(0.,0.,1.));
#796 = DIRECTION('',(1.,0.,-0.));
#797 = ADVANCED_FACE('',(#798),#809,.T.);
#798 = FACE_BOUND('',#799,.T.);
#799 = EDGE_LOOP('',(#800,#801,#802,#803));
#800 = ORIENTED_EDGE('',*,*,#604,.T.);
#801 = ORIENTED_EDGE('',*,*,#787,.T.);
#802 = ORIENTED_EDGE('',*,*,#728,.F.);
#803 = ORIENTED_EDGE('',*,*,#804,.F.);
#804 = EDGE_CURVE('',#597,#721,#805,.T.);
#805 = LINE('',#806,#807);
#806 = CARTESIAN_POINT('',(0.8,-0.4,4.5E-02));
#807 = VECTOR('',#808,1.);
#808 = DIRECTION('',(0.,1.,0.));
#809 = CYLINDRICAL_SURFACE('',#810,4.5E-02);
#810 = AXIS2_PLACEMENT_3D('',#811,#812,#813);
#811 = CARTESIAN_POINT('',(0.755,-0.4,4.5E-02));
#812 = DIRECTION('',(0.,1.,0.));
#813 = DIRECTION('',(1.,0.,0.));
#814 = ADVANCED_FACE('',(#815),#826,.T.);
#815 = FACE_BOUND('',#816,.T.);
#816 = EDGE_LOOP('',(#817,#818,#819,#820));
#817 = ORIENTED_EDGE('',*,*,#596,.F.);
#818 = ORIENTED_EDGE('',*,*,#804,.T.);
#819 = ORIENTED_EDGE('',*,*,#720,.T.);
#820 = ORIENTED_EDGE('',*,*,#821,.F.);
#821 = EDGE_CURVE('',#588,#712,#822,.T.);
#822 = LINE('',#823,#824);
#823 = CARTESIAN_POINT('',(0.8,-0.4,0.405));
#824 = VECTOR('',#825,1.);
#825 = DIRECTION('',(0.,1.,0.));
#826 = PLANE('',#827);
#827 = AXIS2_PLACEMENT_3D('',#828,#829,#830);
#828 = CARTESIAN_POINT('',(0.8,-0.4,0.));
#829 = DIRECTION('',(1.,0.,0.));
#830 = DIRECTION('',(0.,0.,1.));
#831 = ADVANCED_FACE('',(#832),#843,.T.);
#832 = FACE_BOUND('',#833,.T.);
#833 = EDGE_LOOP('',(#834,#835,#836,#842));
#834 = ORIENTED_EDGE('',*,*,#821,.T.);
#835 = ORIENTED_EDGE('',*,*,#711,.T.);
#836 = ORIENTED_EDGE('',*,*,#837,.F.);
#837 = EDGE_CURVE('',#580,#704,#838,.T.);
#838 = LINE('',#839,#840);
#839 = CARTESIAN_POINT('',(0.755,-0.4,0.45));
#840 = VECTOR('',#841,1.);
#841 = DIRECTION('',(0.,1.,0.));
#842 = ORIENTED_EDGE('',*,*,#587,.F.);
#843 = CYLINDRICAL_SURFACE('',#844,4.5E-02);
#844 = AXIS2_PLACEMENT_3D('',#845,#846,#847);
#845 = CARTESIAN_POINT('',(0.755,-0.4,0.405));
#846 = DIRECTION('',(0.,1.,0.));
#847 = DIRECTION('',(1.,0.,0.));
#848 = ADVANCED_FACE('',(#849),#860,.T.);
#849 = FACE_BOUND('',#850,.T.);
#850 = EDGE_LOOP('',(#851,#852,#858,#859));
#851 = ORIENTED_EDGE('',*,*,#703,.F.);
#852 = ORIENTED_EDGE('',*,*,#853,.F.);
#853 = EDGE_CURVE('',#571,#695,#854,.T.);
#854 = LINE('',#855,#856);
#855 = CARTESIAN_POINT('',(0.545,-0.4,0.45));
#856 = VECTOR('',#857,1.);
#857 = DIRECTION('',(0.,1.,0.));
#858 = ORIENTED_EDGE('',*,*,#579,.T.);
#859 = ORIENTED_EDGE('',*,*,#837,.T.);
#860 = PLANE('',#861);
#861 = AXIS2_PLACEMENT_3D('',#862,#863,#864);
#862 = CARTESIAN_POINT('',(0.5,-0.4,0.45));
#863 = DIRECTION('',(0.,0.,1.));
#864 = DIRECTION('',(1.,0.,-0.));
#865 = ADVANCED_FACE('',(#866),#877,.T.);
#866 = FACE_BOUND('',#867,.T.);
#867 = EDGE_LOOP('',(#868,#869,#870,#871));
#868 = ORIENTED_EDGE('',*,*,#570,.T.);
#869 = ORIENTED_EDGE('',*,*,#853,.T.);
#870 = ORIENTED_EDGE('',*,*,#694,.F.);
#871 = ORIENTED_EDGE('',*,*,#872,.F.);
#872 = EDGE_CURVE('',#405,#488,#873,.T.);
#873 = LINE('',#874,#875);
#874 = CARTESIAN_POINT('',(0.5,-0.4,0.405));
#875 = VECTOR('',#876,1.);
#876 = DIRECTION('',(0.,1.,0.));
#877 = CYLINDRICAL_SURFACE('',#878,4.5E-02);
#878 = AXIS2_PLACEMENT_3D('',#879,#880,#881);
#879 = CARTESIAN_POINT('',(0.545,-0.4,0.405));
#880 = DIRECTION('',(0.,1.,0.));
#881 = DIRECTION('',(-1.,0.,0.));
#882 = ADVANCED_FACE('',(#883),#894,.T.);
#883 = FACE_BOUND('',#884,.T.);
#884 = EDGE_LOOP('',(#885,#886,#887,#888));
#885 = ORIENTED_EDGE('',*,*,#636,.F.);
#886 = ORIENTED_EDGE('',*,*,#872,.T.);
#887 = ORIENTED_EDGE('',*,*,#753,.T.);
#888 = ORIENTED_EDGE('',*,*,#889,.F.);
#889 = EDGE_CURVE('',#629,#746,#890,.T.);
#890 = LINE('',#891,#892);
#891 = CARTESIAN_POINT('',(0.5,-0.4,0.45));
#892 = VECTOR('',#893,1.);
#893 = DIRECTION('',(0.,1.,0.));
#894 = PLANE('',#895);
#895 = AXIS2_PLACEMENT_3D('',#896,#897,#898);
#896 = CARTESIAN_POINT('',(0.5,-0.4,0.405));
#897 = DIRECTION('',(1.,0.,0.));
#898 = DIRECTION('',(0.,0.,1.));
#899 = ADVANCED_FACE('',(#900),#906,.T.);
#900 = FACE_BOUND('',#901,.T.);
#901 = EDGE_LOOP('',(#902,#903,#904,#905));
#902 = ORIENTED_EDGE('',*,*,#660,.F.);
#903 = ORIENTED_EDGE('',*,*,#628,.T.);
#904 = ORIENTED_EDGE('',*,*,#889,.T.);
#905 = ORIENTED_EDGE('',*,*,#745,.F.);
#906 = PLANE('',#907);
#907 = AXIS2_PLACEMENT_3D('',#908,#909,#910);
#908 = CARTESIAN_POINT('',(-0.5,-0.4,0.45));
#909 = DIRECTION('',(0.,0.,1.));
#910 = DIRECTION('',(1.,0.,-0.));
#911 = ( GEOMETRIC_REPRESENTATION_CONTEXT(3) 
GLOBAL_UNCERTAINTY_ASSIGNED_CONTEXT((#915)) GLOBAL_UNIT_ASSIGNED_CONTEXT
((#912,#913,#914)) REPRESENTATION_CONTEXT('Context #1',
  '3D Context with UNIT and UNCERTAINTY') );
#912 = ( LENGTH_UNIT() NAMED_UNIT(*) SI_UNIT(.MILLI.,.METRE.) );
#913 = ( NAMED_UNIT(*) PLANE_ANGLE_UNIT() SI_UNIT($,.RADIAN.) );
#914 = ( NAMED_UNIT(*) SI_UNIT($,.STERADIAN.) SOLID_ANGLE_UNIT() );
#915 = UNCERTAINTY_MEASURE_WITH_UNIT(LENGTH_MEASURE(1.E-07),#912,
  'distance_accuracy_value','confusion accuracy');
#916 = CONTEXT_DEPENDENT_SHAPE_REPRESENTATION(#917,#919);
#917 = ( REPRESENTATION_RELATIONSHIP('','',#120,#10) 
REPRESENTATION_RELATIONSHIP_WITH_TRANSFORMATION(#918) 
SHAPE_REPRESENTATION_RELATIONSHIP() );
#918 = ITEM_DEFINED_TRANSFORMATION('','',#11,#15);
#919 = PRODUCT_DEFINITION_SHAPE('Placement','Placement of an item',#920
  );
#920 = NEXT_ASSEMBLY_USAGE_OCCURRENCE('1','R4','',#5,#115,$);
#921 = PRODUCT_RELATED_PRODUCT_CATEGORY('part',$,(#117));
#922 = SHAPE_DEFINITION_REPRESENTATION(#923,#929);
#923 = PRODUCT_DEFINITION_SHAPE('','',#924);
#924 = PRODUCT_DEFINITION('design','',#925,#928);
#925 = PRODUCT_DEFINITION_FORMATION('','',#926);
#926 = PRODUCT('C_0805_2012Metric','C_0805_2012Metric','',(#927));
#927 = PRODUCT_CONTEXT('',#2,'mechanical');
#928 = PRODUCT_DEFINITION_CONTEXT('part definition',#2,'design');
#929 = ADVANCED_BREP_SHAPE_REPRESENTATION('',(#11,#930),#1784);
#930 = MANIFOLD_SOLID_BREP('',#931);
#931 = CLOSED_SHELL('',(#932,#1008,#1039,#1064,#1089,#1113,#1137,#1162,
    #1187,#1204,#1290,#1322,#1346,#1371,#1395,#1420,#1444,#1469,#1486,
    #1572,#1603,#1628,#1653,#1677,#1701,#1726,#1751,#1768));
#932 = ADVANCED_FACE('',(#933),#1003,.F.);
#933 = FACE_BOUND('',#934,.F.);
#934 = EDGE_LOOP('',(#935,#945,#954,#962,#971,#979,#988,#996));
#935 = ORIENTED_EDGE('',*,*,#936,.F.);
#936 = EDGE_CURVE('',#937,#939,#941,.T.);
#937 = VERTEX_POINT('',#938);
#938 = CARTESIAN_POINT('',(-1.,-0.625,4.E-02));
#939 = VERTEX_POINT('',#940);
#940 = CARTESIAN_POINT('',(-1.,-0.625,1.21));
#941 = LINE('',#942,#943);
#942 = CARTESIAN_POINT('',(-1.,-0.625,0.));
#943 = VECTOR('',#944,1.);
#944 = DIRECTION('',(0.,0.,1.));
#945 = ORIENTED_EDGE('',*,*,#946,.T.);
#946 = EDGE_CURVE('',#937,#947,#949,.T.);
#947 = VERTEX_POINT('',#948);
#948 = CARTESIAN_POINT('',(-1.,-0.585,0.));
#949 = CIRCLE('',#950,4.E-02);
#950 = AXIS2_PLACEMENT_3D('',#951,#952,#953);
#951 = CARTESIAN_POINT('',(-1.,-0.585,4.E-02));
#952 = DIRECTION('',(1.,0.,-0.));
#953 = DIRECTION('',(0.,0.,1.));
#954 = ORIENTED_EDGE('',*,*,#955,.T.);
#955 = EDGE_CURVE('',#947,#956,#958,.T.);
#956 = VERTEX_POINT('',#957);
#957 = CARTESIAN_POINT('',(-1.,0.585,0.));
#958 = LINE('',#959,#960);
#959 = CARTESIAN_POINT('',(-1.,-0.625,0.));
#960 = VECTOR('',#961,1.);
#961 = DIRECTION('',(0.,1.,0.));
#962 = ORIENTED_EDGE('',*,*,#963,.F.);
#963 = EDGE_CURVE('',#964,#956,#966,.T.);
#964 = VERTEX_POINT('',#965);
#965 = CARTESIAN_POINT('',(-1.,0.625,4.E-02));
#966 = CIRCLE('',#967,4.E-02);
#967 = AXIS2_PLACEMENT_3D('',#968,#969,#970);
#968 = CARTESIAN_POINT('',(-1.,0.585,4.E-02));
#969 = DIRECTION('',(-1.,0.,0.));
#970 = DIRECTION('',(0.,0.,1.));
#971 = ORIENTED_EDGE('',*,*,#972,.T.);
#972 = EDGE_CURVE('',#964,#973,#975,.T.);
#973 = VERTEX_POINT('',#974);
#974 = CARTESIAN_POINT('',(-1.,0.625,1.21));
#975 = LINE('',#976,#977);
#976 = CARTESIAN_POINT('',(-1.,0.625,0.));
#977 = VECTOR('',#978,1.);
#978 = DIRECTION('',(0.,0.,1.));
#979 = ORIENTED_EDGE('',*,*,#980,.T.);
#980 = EDGE_CURVE('',#973,#981,#983,.T.);
#981 = VERTEX_POINT('',#982);
#982 = CARTESIAN_POINT('',(-1.,0.585,1.25));
#983 = CIRCLE('',#984,4.E-02);
#984 = AXIS2_PLACEMENT_3D('',#985,#986,#987);
#985 = CARTESIAN_POINT('',(-1.,0.585,1.21));
#986 = DIRECTION('',(1.,0.,-0.));
#987 = DIRECTION('',(0.,0.,1.));
#988 = ORIENTED_EDGE('',*,*,#989,.F.);
#989 = EDGE_CURVE('',#990,#981,#992,.T.);
#990 = VERTEX_POINT('',#991);
#991 = CARTESIAN_POINT('',(-1.,-0.585,1.25));
#992 = LINE('',#993,#994);
#993 = CARTESIAN_POINT('',(-1.,-0.625,1.25));
#994 = VECTOR('',#995,1.);
#995 = DIRECTION('',(0.,1.,0.));
#996 = ORIENTED_EDGE('',*,*,#997,.F.);
#997 = EDGE_CURVE('',#939,#990,#998,.T.);
#998 = CIRCLE('',#999,4.E-02);
#999 = AXIS2_PLACEMENT_3D('',#1000,#1001,#1002);
#1000 = CARTESIAN_POINT('',(-1.,-0.585,1.21));
#1001 = DIRECTION('',(-1.,0.,0.));
#1002 = DIRECTION('',(0.,0.,1.));
#1003 = PLANE('',#1004);
#1004 = AXIS2_PLACEMENT_3D('',#1005,#1006,#1007);
#1005 = CARTESIAN_POINT('',(-1.,-0.625,0.));
#1006 = DIRECTION('',(1.,0.,0.));
#1007 = DIRECTION('',(0.,0.,1.));
#1008 = ADVANCED_FACE('',(#1009),#1034,.F.);
#1009 = FACE_BOUND('',#1010,.F.);
#1010 = EDGE_LOOP('',(#1011,#1021,#1027,#1028));
#1011 = ORIENTED_EDGE('',*,*,#1012,.F.);
#1012 = EDGE_CURVE('',#1013,#1015,#1017,.T.);
#1013 = VERTEX_POINT('',#1014);
#1014 = CARTESIAN_POINT('',(-0.6,-0.625,4.E-02));
#1015 = VERTEX_POINT('',#1016);
#1016 = CARTESIAN_POINT('',(-0.6,-0.625,1.21));
#1017 = LINE('',#1018,#1019);
#1018 = CARTESIAN_POINT('',(-0.6,-0.625,0.));
#1019 = VECTOR('',#1020,1.);
#1020 = DIRECTION('',(0.,0.,1.));
#1021 = ORIENTED_EDGE('',*,*,#1022,.F.);
#1022 = EDGE_CURVE('',#937,#1013,#1023,.T.);
#1023 = LINE('',#1024,#1025);
#1024 = CARTESIAN_POINT('',(-1.,-0.625,4.E-02));
#1025 = VECTOR('',#1026,1.);
#1026 = DIRECTION('',(1.,0.,0.));
#1027 = ORIENTED_EDGE('',*,*,#936,.T.);
#1028 = ORIENTED_EDGE('',*,*,#1029,.T.);
#1029 = EDGE_CURVE('',#939,#1015,#1030,.T.);
#1030 = LINE('',#1031,#1032);
#1031 = CARTESIAN_POINT('',(-1.,-0.625,1.21));
#1032 = VECTOR('',#1033,1.);
#1033 = DIRECTION('',(1.,0.,0.));
#1034 = PLANE('',#1035);
#1035 = AXIS2_PLACEMENT_3D('',#1036,#1037,#1038);
#1036 = CARTESIAN_POINT('',(-1.,-0.625,0.));
#1037 = DIRECTION('',(0.,1.,0.));
#1038 = DIRECTION('',(0.,-0.,1.));
#1039 = ADVANCED_FACE('',(#1040),#1059,.T.);
#1040 = FACE_BOUND('',#1041,.T.);
#1041 = EDGE_LOOP('',(#1042,#1043,#1051,#1058));
#1042 = ORIENTED_EDGE('',*,*,#946,.T.);
#1043 = ORIENTED_EDGE('',*,*,#1044,.T.);
#1044 = EDGE_CURVE('',#947,#1045,#1047,.T.);
#1045 = VERTEX_POINT('',#1046);
#1046 = CARTESIAN_POINT('',(-0.6,-0.585,0.));
#1047 = LINE('',#1048,#1049);
#1048 = CARTESIAN_POINT('',(-1.,-0.585,0.));
#1049 = VECTOR('',#1050,1.);
#1050 = DIRECTION('',(1.,0.,0.));
#1051 = ORIENTED_EDGE('',*,*,#1052,.F.);
#1052 = EDGE_CURVE('',#1013,#1045,#1053,.T.);
#1053 = CIRCLE('',#1054,4.E-02);
#1054 = AXIS2_PLACEMENT_3D('',#1055,#1056,#1057);
#1055 = CARTESIAN_POINT('',(-0.6,-0.585,4.E-02));
#1056 = DIRECTION('',(1.,0.,-0.));
#1057 = DIRECTION('',(0.,0.,1.));
#1058 = ORIENTED_EDGE('',*,*,#1022,.F.);
#1059 = CYLINDRICAL_SURFACE('',#1060,4.E-02);
#1060 = AXIS2_PLACEMENT_3D('',#1061,#1062,#1063);
#1061 = CARTESIAN_POINT('',(-1.,-0.585,4.E-02));
#1062 = DIRECTION('',(1.,0.,0.));
#1063 = DIRECTION('',(0.,-1.,0.));
#1064 = ADVANCED_FACE('',(#1065),#1084,.T.);
#1065 = FACE_BOUND('',#1066,.T.);
#1066 = EDGE_LOOP('',(#1067,#1068,#1077,#1083));
#1067 = ORIENTED_EDGE('',*,*,#1029,.T.);
#1068 = ORIENTED_EDGE('',*,*,#1069,.T.);
#1069 = EDGE_CURVE('',#1015,#1070,#1072,.T.);
#1070 = VERTEX_POINT('',#1071);
#1071 = CARTESIAN_POINT('',(-0.6,-0.585,1.25));
#1072 = CIRCLE('',#1073,4.E-02);
#1073 = AXIS2_PLACEMENT_3D('',#1074,#1075,#1076);
#1074 = CARTESIAN_POINT('',(-0.6,-0.585,1.21));
#1075 = DIRECTION('',(-1.,0.,0.));
#1076 = DIRECTION('',(0.,0.,1.));
#1077 = ORIENTED_EDGE('',*,*,#1078,.F.);
#1078 = EDGE_CURVE('',#990,#1070,#1079,.T.);
#1079 = LINE('',#1080,#1081);
#1080 = CARTESIAN_POINT('',(-1.,-0.585,1.25));
#1081 = VECTOR('',#1082,1.);
#1082 = DIRECTION('',(1.,0.,0.));
#1083 = ORIENTED_EDGE('',*,*,#997,.F.);
#1084 = CYLINDRICAL_SURFACE('',#1085,4.E-02);
#1085 = AXIS2_PLACEMENT_3D('',#1086,#1087,#1088);
#1086 = CARTESIAN_POINT('',(-1.,-0.585,1.21));
#1087 = DIRECTION('',(1.,0.,0.));
#1088 = DIRECTION('',(0.,-1.,0.));
#1089 = ADVANCED_FACE('',(#1090),#1108,.F.);
#1090 = FACE_BOUND('',#1091,.F.);
#1091 = EDGE_LOOP('',(#1092,#1093,#1094,#1102));
#1092 = ORIENTED_EDGE('',*,*,#955,.F.);
#1093 = ORIENTED_EDGE('',*,*,#1044,.T.);
#1094 = ORIENTED_EDGE('',*,*,#1095,.T.);
#1095 = EDGE_CURVE('',#1045,#1096,#1098,.T.);
#1096 = VERTEX_POINT('',#1097);
#1097 = CARTESIAN_POINT('',(-0.6,0.585,0.));
#1098 = LINE('',#1099,#1100);
#1099 = CARTESIAN_POINT('',(-0.6,-0.625,0.));
#1100 = VECTOR('',#1101,1.);
#1101 = DIRECTION('',(0.,1.,0.));
#1102 = ORIENTED_EDGE('',*,*,#1103,.F.);
#1103 = EDGE_CURVE('',#956,#1096,#1104,.T.);
#1104 = LINE('',#1105,#1106);
#1105 = CARTESIAN_POINT('',(-1.,0.585,0.));
#1106 = VECTOR('',#1107,1.);
#1107 = DIRECTION('',(1.,0.,0.));
#1108 = PLANE('',#1109);
#1109 = AXIS2_PLACEMENT_3D('',#1110,#1111,#1112);
#1110 = CARTESIAN_POINT('',(-1.,-0.625,0.));
#1111 = DIRECTION('',(0.,0.,1.));
#1112 = DIRECTION('',(1.,0.,-0.));
#1113 = ADVANCED_FACE('',(#1114),#1132,.T.);
#1114 = FACE_BOUND('',#1115,.T.);
#1115 = EDGE_LOOP('',(#1116,#1117,#1118,#1126));
#1116 = ORIENTED_EDGE('',*,*,#989,.F.);
#1117 = ORIENTED_EDGE('',*,*,#1078,.T.);
#1118 = ORIENTED_EDGE('',*,*,#1119,.T.);
#1119 = EDGE_CURVE('',#1070,#1120,#1122,.T.);
#1120 = VERTEX_POINT('',#1121);
#1121 = CARTESIAN_POINT('',(-0.6,0.585,1.25));
#1122 = LINE('',#1123,#1124);
#1123 = CARTESIAN_POINT('',(-0.6,-0.625,1.25));
#1124 = VECTOR('',#1125,1.);
#1125 = DIRECTION('',(0.,1.,0.));
#1126 = ORIENTED_EDGE('',*,*,#1127,.F.);
#1127 = EDGE_CURVE('',#981,#1120,#1128,.T.);
#1128 = LINE('',#1129,#1130);
#1129 = CARTESIAN_POINT('',(-1.,0.585,1.25));
#1130 = VECTOR('',#1131,1.);
#1131 = DIRECTION('',(1.,0.,0.));
#1132 = PLANE('',#1133);
#1133 = AXIS2_PLACEMENT_3D('',#1134,#1135,#1136);
#1134 = CARTESIAN_POINT('',(-1.,-0.625,1.25));
#1135 = DIRECTION('',(0.,0.,1.));
#1136 = DIRECTION('',(1.,0.,-0.));
#1137 = ADVANCED_FACE('',(#1138),#1157,.T.);
#1138 = FACE_BOUND('',#1139,.T.);
#1139 = EDGE_LOOP('',(#1140,#1148,#1155,#1156));
#1140 = ORIENTED_EDGE('',*,*,#1141,.T.);
#1141 = EDGE_CURVE('',#964,#1142,#1144,.T.);
#1142 = VERTEX_POINT('',#1143);
#1143 = CARTESIAN_POINT('',(-0.6,0.625,4.E-02));
#1144 = LINE('',#1145,#1146);
#1145 = CARTESIAN_POINT('',(-1.,0.625,4.E-02));
#1146 = VECTOR('',#1147,1.);
#1147 = DIRECTION('',(1.,0.,0.));
#1148 = ORIENTED_EDGE('',*,*,#1149,.T.);
#1149 = EDGE_CURVE('',#1142,#1096,#1150,.T.);
#1150 = CIRCLE('',#1151,4.E-02);
#1151 = AXIS2_PLACEMENT_3D('',#1152,#1153,#1154);
#1152 = CARTESIAN_POINT('',(-0.6,0.585,4.E-02));
#1153 = DIRECTION('',(-1.,0.,0.));
#1154 = DIRECTION('',(0.,0.,1.));
#1155 = ORIENTED_EDGE('',*,*,#1103,.F.);
#1156 = ORIENTED_EDGE('',*,*,#963,.F.);
#1157 = CYLINDRICAL_SURFACE('',#1158,4.E-02);
#1158 = AXIS2_PLACEMENT_3D('',#1159,#1160,#1161);
#1159 = CARTESIAN_POINT('',(-1.,0.585,4.E-02));
#1160 = DIRECTION('',(1.,0.,0.));
#1161 = DIRECTION('',(-0.,1.,0.));
#1162 = ADVANCED_FACE('',(#1163),#1182,.T.);
#1163 = FACE_BOUND('',#1164,.T.);
#1164 = EDGE_LOOP('',(#1165,#1166,#1167,#1176));
#1165 = ORIENTED_EDGE('',*,*,#980,.T.);
#1166 = ORIENTED_EDGE('',*,*,#1127,.T.);
#1167 = ORIENTED_EDGE('',*,*,#1168,.F.);
#1168 = EDGE_CURVE('',#1169,#1120,#1171,.T.);
#1169 = VERTEX_POINT('',#1170);
#1170 = CARTESIAN_POINT('',(-0.6,0.625,1.21));
#1171 = CIRCLE('',#1172,4.E-02);
#1172 = AXIS2_PLACEMENT_3D('',#1173,#1174,#1175);
#1173 = CARTESIAN_POINT('',(-0.6,0.585,1.21));
#1174 = DIRECTION('',(1.,0.,-0.));
#1175 = DIRECTION('',(0.,0.,1.));
#1176 = ORIENTED_EDGE('',*,*,#1177,.F.);
#1177 = EDGE_CURVE('',#973,#1169,#1178,.T.);
#1178 = LINE('',#1179,#1180);
#1179 = CARTESIAN_POINT('',(-1.,0.625,1.21));
#1180 = VECTOR('',#1181,1.);
#1181 = DIRECTION('',(1.,0.,0.));
#1182 = CYLINDRICAL_SURFACE('',#1183,4.E-02);
#1183 = AXIS2_PLACEMENT_3D('',#1184,#1185,#1186);
#1184 = CARTESIAN_POINT('',(-1.,0.585,1.21));
#1185 = DIRECTION('',(1.,0.,0.));
#1186 = DIRECTION('',(-0.,1.,0.));
#1187 = ADVANCED_FACE('',(#1188),#1199,.T.);
#1188 = FACE_BOUND('',#1189,.T.);
#1189 = EDGE_LOOP('',(#1190,#1196,#1197,#1198));
#1190 = ORIENTED_EDGE('',*,*,#1191,.F.);
#1191 = EDGE_CURVE('',#1142,#1169,#1192,.T.);
#1192 = LINE('',#1193,#1194);
#1193 = CARTESIAN_POINT('',(-0.6,0.625,0.));
#1194 = VECTOR('',#1195,1.);
#1195 = DIRECTION('',(0.,0.,1.));
#1196 = ORIENTED_EDGE('',*,*,#1141,.F.);
#1197 = ORIENTED_EDGE('',*,*,#972,.T.);
#1198 = ORIENTED_EDGE('',*,*,#1177,.T.);
#1199 = PLANE('',#1200);
#1200 = AXIS2_PLACEMENT_3D('',#1201,#1202,#1203);
#1201 = CARTESIAN_POINT('',(-1.,0.625,0.));
#1202 = DIRECTION('',(0.,1.,0.));
#1203 = DIRECTION('',(0.,-0.,1.));
#1204 = ADVANCED_FACE('',(#1205,#1215),#1285,.T.);
#1205 = FACE_BOUND('',#1206,.T.);
#1206 = EDGE_LOOP('',(#1207,#1208,#1209,#1210,#1211,#1212,#1213,#1214));
#1207 = ORIENTED_EDGE('',*,*,#1012,.F.);
#1208 = ORIENTED_EDGE('',*,*,#1052,.T.);
#1209 = ORIENTED_EDGE('',*,*,#1095,.T.);
#1210 = ORIENTED_EDGE('',*,*,#1149,.F.);
#1211 = ORIENTED_EDGE('',*,*,#1191,.T.);
#1212 = ORIENTED_EDGE('',*,*,#1168,.T.);
#1213 = ORIENTED_EDGE('',*,*,#1119,.F.);
#1214 = ORIENTED_EDGE('',*,*,#1069,.F.);
#1215 = FACE_BOUND('',#1216,.T.);
#1216 = EDGE_LOOP('',(#1217,#1228,#1236,#1245,#1253,#1262,#1270,#1279));
#1217 = ORIENTED_EDGE('',*,*,#1218,.F.);
#1218 = EDGE_CURVE('',#1219,#1221,#1223,.T.);
#1219 = VERTEX_POINT('',#1220);
#1220 = CARTESIAN_POINT('',(-0.6,-0.585,8.E-02));
#1221 = VERTEX_POINT('',#1222);
#1222 = CARTESIAN_POINT('',(-0.6,-0.545,4.E-02));
#1223 = CIRCLE('',#1224,4.E-02);
#1224 = AXIS2_PLACEMENT_3D('',#1225,#1226,#1227);
#1225 = CARTESIAN_POINT('',(-0.6,-0.545,8.E-02));
#1226 = DIRECTION('',(1.,0.,-0.));
#1227 = DIRECTION('',(0.,0.,1.));
#1228 = ORIENTED_EDGE('',*,*,#1229,.T.);
#1229 = EDGE_CURVE('',#1219,#1230,#1232,.T.);
#1230 = VERTEX_POINT('',#1231);
#1231 = CARTESIAN_POINT('',(-0.6,-0.585,1.17));
#1232 = LINE('',#1233,#1234);
#1233 = CARTESIAN_POINT('',(-0.6,-0.585,4.E-02));
#1234 = VECTOR('',#1235,1.);
#1235 = DIRECTION('',(0.,0.,1.));
#1236 = ORIENTED_EDGE('',*,*,#1237,.T.);
#1237 = EDGE_CURVE('',#1230,#1238,#1240,.T.);
#1238 = VERTEX_POINT('',#1239);
#1239 = CARTESIAN_POINT('',(-0.6,-0.545,1.21));
#1240 = CIRCLE('',#1241,4.E-02);
#1241 = AXIS2_PLACEMENT_3D('',#1242,#1243,#1244);
#1242 = CARTESIAN_POINT('',(-0.6,-0.545,1.17));
#1243 = DIRECTION('',(-1.,0.,0.));
#1244 = DIRECTION('',(0.,0.,1.));
#1245 = ORIENTED_EDGE('',*,*,#1246,.T.);
#1246 = EDGE_CURVE('',#1238,#1247,#1249,.T.);
#1247 = VERTEX_POINT('',#1248);
#1248 = CARTESIAN_POINT('',(-0.6,0.545,1.21));
#1249 = LINE('',#1250,#1251);
#1250 = CARTESIAN_POINT('',(-0.6,-0.585,1.21));
#1251 = VECTOR('',#1252,1.);
#1252 = DIRECTION('',(0.,1.,0.));
#1253 = ORIENTED_EDGE('',*,*,#1254,.F.);
#1254 = EDGE_CURVE('',#1255,#1247,#1257,.T.);
#1255 = VERTEX_POINT('',#1256);
#1256 = CARTESIAN_POINT('',(-0.6,0.585,1.17));
#1257 = CIRCLE('',#1258,4.E-02);
#1258 = AXIS2_PLACEMENT_3D('',#1259,#1260,#1261);
#1259 = CARTESIAN_POINT('',(-0.6,0.545,1.17));
#1260 = DIRECTION('',(1.,0.,-0.));
#1261 = DIRECTION('',(0.,0.,1.));
#1262 = ORIENTED_EDGE('',*,*,#1263,.F.);
#1263 = EDGE_CURVE('',#1264,#1255,#1266,.T.);
#1264 = VERTEX_POINT('',#1265);
#1265 = CARTESIAN_POINT('',(-0.6,0.585,8.E-02));
#1266 = LINE('',#1267,#1268);
#1267 = CARTESIAN_POINT('',(-0.6,0.585,4.E-02));
#1268 = VECTOR('',#1269,1.);
#1269 = DIRECTION('',(0.,0.,1.));
#1270 = ORIENTED_EDGE('',*,*,#1271,.T.);
#1271 = EDGE_CURVE('',#1264,#1272,#1274,.T.);
#1272 = VERTEX_POINT('',#1273);
#1273 = CARTESIAN_POINT('',(-0.6,0.545,4.E-02));
#1274 = CIRCLE('',#1275,4.E-02);
#1275 = AXIS2_PLACEMENT_3D('',#1276,#1277,#1278);
#1276 = CARTESIAN_POINT('',(-0.6,0.545,8.E-02));
#1277 = DIRECTION('',(-1.,0.,0.));
#1278 = DIRECTION('',(0.,0.,1.));
#1279 = ORIENTED_EDGE('',*,*,#1280,.F.);
#1280 = EDGE_CURVE('',#1221,#1272,#1281,.T.);
#1281 = LINE('',#1282,#1283);
#1282 = CARTESIAN_POINT('',(-0.6,-0.585,4.E-02));
#1283 = VECTOR('',#1284,1.);
#1284 = DIRECTION('',(0.,1.,0.));
#1285 = PLANE('',#1286);
#1286 = AXIS2_PLACEMENT_3D('',#1287,#1288,#1289);
#1287 = CARTESIAN_POINT('',(-0.6,-0.625,0.));
#1288 = DIRECTION('',(1.,0.,0.));
#1289 = DIRECTION('',(0.,0.,1.));
#1290 = ADVANCED_FACE('',(#1291),#1317,.T.);
#1291 = FACE_BOUND('',#1292,.T.);
#1292 = EDGE_LOOP('',(#1293,#1294,#1302,#1311));
#1293 = ORIENTED_EDGE('',*,*,#1218,.T.);
#1294 = ORIENTED_EDGE('',*,*,#1295,.T.);
#1295 = EDGE_CURVE('',#1221,#1296,#1298,.T.);
#1296 = VERTEX_POINT('',#1297);
#1297 = CARTESIAN_POINT('',(0.6,-0.545,4.E-02));
#1298 = LINE('',#1299,#1300);
#1299 = CARTESIAN_POINT('',(-0.6,-0.545,4.E-02));
#1300 = VECTOR('',#1301,1.);
#1301 = DIRECTION('',(1.,0.,0.));
#1302 = ORIENTED_EDGE('',*,*,#1303,.F.);
#1303 = EDGE_CURVE('',#1304,#1296,#1306,.T.);
#1304 = VERTEX_POINT('',#1305);
#1305 = CARTESIAN_POINT('',(0.6,-0.585,8.E-02));
#1306 = CIRCLE('',#1307,4.E-02);
#1307 = AXIS2_PLACEMENT_3D('',#1308,#1309,#1310);
#1308 = CARTESIAN_POINT('',(0.6,-0.545,8.E-02));
#1309 = DIRECTION('',(1.,0.,-0.));
#1310 = DIRECTION('',(0.,0.,1.));
#1311 = ORIENTED_EDGE('',*,*,#1312,.F.);
#1312 = EDGE_CURVE('',#1219,#1304,#1313,.T.);
#1313 = LINE('',#1314,#1315);
#1314 = CARTESIAN_POINT('',(-0.6,-0.585,8.E-02));
#1315 = VECTOR('',#1316,1.);
#1316 = DIRECTION('',(1.,0.,0.));
#1317 = CYLINDRICAL_SURFACE('',#1318,4.E-02);
#1318 = AXIS2_PLACEMENT_3D('',#1319,#1320,#1321);
#1319 = CARTESIAN_POINT('',(-0.6,-0.545,8.E-02));
#1320 = DIRECTION('',(1.,0.,0.));
#1321 = DIRECTION('',(0.,-1.,0.));
#1322 = ADVANCED_FACE('',(#1323),#1341,.F.);
#1323 = FACE_BOUND('',#1324,.F.);
#1324 = EDGE_LOOP('',(#1325,#1326,#1327,#1335));
#1325 = ORIENTED_EDGE('',*,*,#1280,.F.);
#1326 = ORIENTED_EDGE('',*,*,#1295,.T.);
#1327 = ORIENTED_EDGE('',*,*,#1328,.T.);
#1328 = EDGE_CURVE('',#1296,#1329,#1331,.T.);
#1329 = VERTEX_POINT('',#1330);
#1330 = CARTESIAN_POINT('',(0.6,0.545,4.E-02));
#1331 = LINE('',#1332,#1333);
#1332 = CARTESIAN_POINT('',(0.6,-0.585,4.E-02));
#1333 = VECTOR('',#1334,1.);
#1334 = DIRECTION('',(0.,1.,0.));
#1335 = ORIENTED_EDGE('',*,*,#1336,.F.);
#1336 = EDGE_CURVE('',#1272,#1329,#1337,.T.);
#1337 = LINE('',#1338,#1339);
#1338 = CARTESIAN_POINT('',(-0.6,0.545,4.E-02));
#1339 = VECTOR('',#1340,1.);
#1340 = DIRECTION('',(1.,0.,0.));
#1341 = PLANE('',#1342);
#1342 = AXIS2_PLACEMENT_3D('',#1343,#1344,#1345);
#1343 = CARTESIAN_POINT('',(-0.6,-0.585,4.E-02));
#1344 = DIRECTION('',(0.,0.,1.));
#1345 = DIRECTION('',(1.,0.,-0.));
#1346 = ADVANCED_FACE('',(#1347),#1366,.T.);
#1347 = FACE_BOUND('',#1348,.T.);
#1348 = EDGE_LOOP('',(#1349,#1357,#1364,#1365));
#1349 = ORIENTED_EDGE('',*,*,#1350,.T.);
#1350 = EDGE_CURVE('',#1264,#1351,#1353,.T.);
#1351 = VERTEX_POINT('',#1352);
#1352 = CARTESIAN_POINT('',(0.6,0.585,8.E-02));
#1353 = LINE('',#1354,#1355);
#1354 = CARTESIAN_POINT('',(-0.6,0.585,8.E-02));
#1355 = VECTOR('',#1356,1.);
#1356 = DIRECTION('',(1.,0.,0.));
#1357 = ORIENTED_EDGE('',*,*,#1358,.T.);
#1358 = EDGE_CURVE('',#1351,#1329,#1359,.T.);
#1359 = CIRCLE('',#1360,4.E-02);
#1360 = AXIS2_PLACEMENT_3D('',#1361,#1362,#1363);
#1361 = CARTESIAN_POINT('',(0.6,0.545,8.E-02));
#1362 = DIRECTION('',(-1.,0.,0.));
#1363 = DIRECTION('',(0.,0.,1.));
#1364 = ORIENTED_EDGE('',*,*,#1336,.F.);
#1365 = ORIENTED_EDGE('',*,*,#1271,.F.);
#1366 = CYLINDRICAL_SURFACE('',#1367,4.E-02);
#1367 = AXIS2_PLACEMENT_3D('',#1368,#1369,#1370);
#1368 = CARTESIAN_POINT('',(-0.6,0.545,8.E-02));
#1369 = DIRECTION('',(1.,0.,0.));
#1370 = DIRECTION('',(-0.,1.,0.));
#1371 = ADVANCED_FACE('',(#1372),#1390,.T.);
#1372 = FACE_BOUND('',#1373,.T.);
#1373 = EDGE_LOOP('',(#1374,#1382,#1383,#1384));
#1374 = ORIENTED_EDGE('',*,*,#1375,.F.);
#1375 = EDGE_CURVE('',#1351,#1376,#1378,.T.);
#1376 = VERTEX_POINT('',#1377);
#1377 = CARTESIAN_POINT('',(0.6,0.585,1.17));
#1378 = LINE('',#1379,#1380);
#1379 = CARTESIAN_POINT('',(0.6,0.585,4.E-02));
#1380 = VECTOR('',#1381,1.);
#1381 = DIRECTION('',(0.,0.,1.));
#1382 = ORIENTED_EDGE('',*,*,#1350,.F.);
#1383 = ORIENTED_EDGE('',*,*,#1263,.T.);
#1384 = ORIENTED_EDGE('',*,*,#1385,.T.);
#1385 = EDGE_CURVE('',#1255,#1376,#1386,.T.);
#1386 = LINE('',#1387,#1388);
#1387 = CARTESIAN_POINT('',(-0.6,0.585,1.17));
#1388 = VECTOR('',#1389,1.);
#1389 = DIRECTION('',(1.,0.,0.));
#1390 = PLANE('',#1391);
#1391 = AXIS2_PLACEMENT_3D('',#1392,#1393,#1394);
#1392 = CARTESIAN_POINT('',(-0.6,0.585,4.E-02));
#1393 = DIRECTION('',(0.,1.,0.));
#1394 = DIRECTION('',(0.,-0.,1.));
#1395 = ADVANCED_FACE('',(#1396),#1415,.T.);
#1396 = FACE_BOUND('',#1397,.T.);
#1397 = EDGE_LOOP('',(#1398,#1399,#1407,#1414));
#1398 = ORIENTED_EDGE('',*,*,#1254,.T.);
#1399 = ORIENTED_EDGE('',*,*,#1400,.T.);
#1400 = EDGE_CURVE('',#1247,#1401,#1403,.T.);
#1401 = VERTEX_POINT('',#1402);
#1402 = CARTESIAN_POINT('',(0.6,0.545,1.21));
#1403 = LINE('',#1404,#1405);
#1404 = CARTESIAN_POINT('',(-0.6,0.545,1.21));
#1405 = VECTOR('',#1406,1.);
#1406 = DIRECTION('',(1.,0.,0.));
#1407 = ORIENTED_EDGE('',*,*,#1408,.F.);
#1408 = EDGE_CURVE('',#1376,#1401,#1409,.T.);
#1409 = CIRCLE('',#1410,4.E-02);
#1410 = AXIS2_PLACEMENT_3D('',#1411,#1412,#1413);
#1411 = CARTESIAN_POINT('',(0.6,0.545,1.17));
#1412 = DIRECTION('',(1.,0.,-0.));
#1413 = DIRECTION('',(0.,0.,1.));
#1414 = ORIENTED_EDGE('',*,*,#1385,.F.);
#1415 = CYLINDRICAL_SURFACE('',#1416,4.E-02);
#1416 = AXIS2_PLACEMENT_3D('',#1417,#1418,#1419);
#1417 = CARTESIAN_POINT('',(-0.6,0.545,1.17));
#1418 = DIRECTION('',(1.,0.,0.));
#1419 = DIRECTION('',(-0.,1.,0.));
#1420 = ADVANCED_FACE('',(#1421),#1439,.T.);
#1421 = FACE_BOUND('',#1422,.T.);
#1422 = EDGE_LOOP('',(#1423,#1424,#1432,#1438));
#1423 = ORIENTED_EDGE('',*,*,#1246,.F.);
#1424 = ORIENTED_EDGE('',*,*,#1425,.T.);
#1425 = EDGE_CURVE('',#1238,#1426,#1428,.T.);
#1426 = VERTEX_POINT('',#1427);
#1427 = CARTESIAN_POINT('',(0.6,-0.545,1.21));
#1428 = LINE('',#1429,#1430);
#1429 = CARTESIAN_POINT('',(-0.6,-0.545,1.21));
#1430 = VECTOR('',#1431,1.);
#1431 = DIRECTION('',(1.,0.,0.));
#1432 = ORIENTED_EDGE('',*,*,#1433,.T.);
#1433 = EDGE_CURVE('',#1426,#1401,#1434,.T.);
#1434 = LINE('',#1435,#1436);
#1435 = CARTESIAN_POINT('',(0.6,-0.585,1.21));
#1436 = VECTOR('',#1437,1.);
#1437 = DIRECTION('',(0.,1.,0.));
#1438 = ORIENTED_EDGE('',*,*,#1400,.F.);
#1439 = PLANE('',#1440);
#1440 = AXIS2_PLACEMENT_3D('',#1441,#1442,#1443);
#1441 = CARTESIAN_POINT('',(-0.6,-0.585,1.21));
#1442 = DIRECTION('',(0.,0.,1.));
#1443 = DIRECTION('',(1.,0.,-0.));
#1444 = ADVANCED_FACE('',(#1445),#1464,.T.);
#1445 = FACE_BOUND('',#1446,.T.);
#1446 = EDGE_LOOP('',(#1447,#1455,#1462,#1463));
#1447 = ORIENTED_EDGE('',*,*,#1448,.T.);
#1448 = EDGE_CURVE('',#1230,#1449,#1451,.T.);
#1449 = VERTEX_POINT('',#1450);
#1450 = CARTESIAN_POINT('',(0.6,-0.585,1.17));
#1451 = LINE('',#1452,#1453);
#1452 = CARTESIAN_POINT('',(-0.6,-0.585,1.17));
#1453 = VECTOR('',#1454,1.);
#1454 = DIRECTION('',(1.,0.,0.));
#1455 = ORIENTED_EDGE('',*,*,#1456,.T.);
#1456 = EDGE_CURVE('',#1449,#1426,#1457,.T.);
#1457 = CIRCLE('',#1458,4.E-02);
#1458 = AXIS2_PLACEMENT_3D('',#1459,#1460,#1461);
#1459 = CARTESIAN_POINT('',(0.6,-0.545,1.17));
#1460 = DIRECTION('',(-1.,0.,0.));
#1461 = DIRECTION('',(0.,0.,1.));
#1462 = ORIENTED_EDGE('',*,*,#1425,.F.);
#1463 = ORIENTED_EDGE('',*,*,#1237,.F.);
#1464 = CYLINDRICAL_SURFACE('',#1465,4.E-02);
#1465 = AXIS2_PLACEMENT_3D('',#1466,#1467,#1468);
#1466 = CARTESIAN_POINT('',(-0.6,-0.545,1.17));
#1467 = DIRECTION('',(1.,0.,0.));
#1468 = DIRECTION('',(0.,-1.,0.));
#1469 = ADVANCED_FACE('',(#1470),#1481,.F.);
#1470 = FACE_BOUND('',#1471,.F.);
#1471 = EDGE_LOOP('',(#1472,#1478,#1479,#1480));
#1472 = ORIENTED_EDGE('',*,*,#1473,.F.);
#1473 = EDGE_CURVE('',#1304,#1449,#1474,.T.);
#1474 = LINE('',#1475,#1476);
#1475 = CARTESIAN_POINT('',(0.6,-0.585,4.E-02));
#1476 = VECTOR('',#1477,1.);
#1477 = DIRECTION('',(0.,0.,1.));
#1478 = ORIENTED_EDGE('',*,*,#1312,.F.);
#1479 = ORIENTED_EDGE('',*,*,#1229,.T.);
#1480 = ORIENTED_EDGE('',*,*,#1448,.T.);
#1481 = PLANE('',#1482);
#1482 = AXIS2_PLACEMENT_3D('',#1483,#1484,#1485);
#1483 = CARTESIAN_POINT('',(-0.6,-0.585,4.E-02));
#1484 = DIRECTION('',(0.,1.,0.));
#1485 = DIRECTION('',(0.,-0.,1.));
#1486 = ADVANCED_FACE('',(#1487,#1557),#1567,.F.);
#1487 = FACE_BOUND('',#1488,.F.);
#1488 = EDGE_LOOP('',(#1489,#1499,#1508,#1516,#1525,#1533,#1542,#1550));
#1489 = ORIENTED_EDGE('',*,*,#1490,.F.);
#1490 = EDGE_CURVE('',#1491,#1493,#1495,.T.);
#1491 = VERTEX_POINT('',#1492);
#1492 = CARTESIAN_POINT('',(0.6,-0.625,4.E-02));
#1493 = VERTEX_POINT('',#1494);
#1494 = CARTESIAN_POINT('',(0.6,-0.625,1.21));
#1495 = LINE('',#1496,#1497);
#1496 = CARTESIAN_POINT('',(0.6,-0.625,0.));
#1497 = VECTOR('',#1498,1.);
#1498 = DIRECTION('',(0.,0.,1.));
#1499 = ORIENTED_EDGE('',*,*,#1500,.T.);
#1500 = EDGE_CURVE('',#1491,#1501,#1503,.T.);
#1501 = VERTEX_POINT('',#1502);
#1502 = CARTESIAN_POINT('',(0.6,-0.585,0.));
#1503 = CIRCLE('',#1504,4.E-02);
#1504 = AXIS2_PLACEMENT_3D('',#1505,#1506,#1507);
#1505 = CARTESIAN_POINT('',(0.6,-0.585,4.E-02));
#1506 = DIRECTION('',(1.,0.,-0.));
#1507 = DIRECTION('',(0.,0.,1.));
#1508 = ORIENTED_EDGE('',*,*,#1509,.T.);
#1509 = EDGE_CURVE('',#1501,#1510,#1512,.T.);
#1510 = VERTEX_POINT('',#1511);
#1511 = CARTESIAN_POINT('',(0.6,0.585,0.));
#1512 = LINE('',#1513,#1514);
#1513 = CARTESIAN_POINT('',(0.6,-0.625,0.));
#1514 = VECTOR('',#1515,1.);
#1515 = DIRECTION('',(0.,1.,0.));
#1516 = ORIENTED_EDGE('',*,*,#1517,.F.);
#1517 = EDGE_CURVE('',#1518,#1510,#1520,.T.);
#1518 = VERTEX_POINT('',#1519);
#1519 = CARTESIAN_POINT('',(0.6,0.625,4.E-02));
#1520 = CIRCLE('',#1521,4.E-02);
#1521 = AXIS2_PLACEMENT_3D('',#1522,#1523,#1524);
#1522 = CARTESIAN_POINT('',(0.6,0.585,4.E-02));
#1523 = DIRECTION('',(-1.,0.,0.));
#1524 = DIRECTION('',(0.,0.,1.));
#1525 = ORIENTED_EDGE('',*,*,#1526,.T.);
#1526 = EDGE_CURVE('',#1518,#1527,#1529,.T.);
#1527 = VERTEX_POINT('',#1528);
#1528 = CARTESIAN_POINT('',(0.6,0.625,1.21));
#1529 = LINE('',#1530,#1531);
#1530 = CARTESIAN_POINT('',(0.6,0.625,0.));
#1531 = VECTOR('',#1532,1.);
#1532 = DIRECTION('',(0.,0.,1.));
#1533 = ORIENTED_EDGE('',*,*,#1534,.T.);
#1534 = EDGE_CURVE('',#1527,#1535,#1537,.T.);
#1535 = VERTEX_POINT('',#1536);
#1536 = CARTESIAN_POINT('',(0.6,0.585,1.25));
#1537 = CIRCLE('',#1538,4.E-02);
#1538 = AXIS2_PLACEMENT_3D('',#1539,#1540,#1541);
#1539 = CARTESIAN_POINT('',(0.6,0.585,1.21));
#1540 = DIRECTION('',(1.,0.,-0.));
#1541 = DIRECTION('',(0.,0.,1.));
#1542 = ORIENTED_EDGE('',*,*,#1543,.F.);
#1543 = EDGE_CURVE('',#1544,#1535,#1546,.T.);
#1544 = VERTEX_POINT('',#1545);
#1545 = CARTESIAN_POINT('',(0.6,-0.585,1.25));
#1546 = LINE('',#1547,#1548);
#1547 = CARTESIAN_POINT('',(0.6,-0.625,1.25));
#1548 = VECTOR('',#1549,1.);
#1549 = DIRECTION('',(0.,1.,0.));
#1550 = ORIENTED_EDGE('',*,*,#1551,.F.);
#1551 = EDGE_CURVE('',#1493,#1544,#1552,.T.);
#1552 = CIRCLE('',#1553,4.E-02);
#1553 = AXIS2_PLACEMENT_3D('',#1554,#1555,#1556);
#1554 = CARTESIAN_POINT('',(0.6,-0.585,1.21));
#1555 = DIRECTION('',(-1.,0.,0.));
#1556 = DIRECTION('',(0.,0.,1.));
#1557 = FACE_BOUND('',#1558,.F.);
#1558 = EDGE_LOOP('',(#1559,#1560,#1561,#1562,#1563,#1564,#1565,#1566));
#1559 = ORIENTED_EDGE('',*,*,#1303,.F.);
#1560 = ORIENTED_EDGE('',*,*,#1473,.T.);
#1561 = ORIENTED_EDGE('',*,*,#1456,.T.);
#1562 = ORIENTED_EDGE('',*,*,#1433,.T.);
#1563 = ORIENTED_EDGE('',*,*,#1408,.F.);
#1564 = ORIENTED_EDGE('',*,*,#1375,.F.);
#1565 = ORIENTED_EDGE('',*,*,#1358,.T.);
#1566 = ORIENTED_EDGE('',*,*,#1328,.F.);
#1567 = PLANE('',#1568);
#1568 = AXIS2_PLACEMENT_3D('',#1569,#1570,#1571);
#1569 = CARTESIAN_POINT('',(0.6,-0.625,0.));
#1570 = DIRECTION('',(1.,0.,0.));
#1571 = DIRECTION('',(0.,0.,1.));
#1572 = ADVANCED_FACE('',(#1573),#1598,.F.);
#1573 = FACE_BOUND('',#1574,.F.);
#1574 = EDGE_LOOP('',(#1575,#1585,#1591,#1592));
#1575 = ORIENTED_EDGE('',*,*,#1576,.F.);
#1576 = EDGE_CURVE('',#1577,#1579,#1581,.T.);
#1577 = VERTEX_POINT('',#1578);
#1578 = CARTESIAN_POINT('',(1.,-0.625,4.E-02));
#1579 = VERTEX_POINT('',#1580);
#1580 = CARTESIAN_POINT('',(1.,-0.625,1.21));
#1581 = LINE('',#1582,#1583);
#1582 = CARTESIAN_POINT('',(1.,-0.625,0.));
#1583 = VECTOR('',#1584,1.);
#1584 = DIRECTION('',(0.,0.,1.));
#1585 = ORIENTED_EDGE('',*,*,#1586,.F.);
#1586 = EDGE_CURVE('',#1491,#1577,#1587,.T.);
#1587 = LINE('',#1588,#1589);
#1588 = CARTESIAN_POINT('',(0.6,-0.625,4.E-02));
#1589 = VECTOR('',#1590,1.);
#1590 = DIRECTION('',(1.,0.,0.));
#1591 = ORIENTED_EDGE('',*,*,#1490,.T.);
#1592 = ORIENTED_EDGE('',*,*,#1593,.T.);
#1593 = EDGE_CURVE('',#1493,#1579,#1594,.T.);
#1594 = LINE('',#1595,#1596);
#1595 = CARTESIAN_POINT('',(0.6,-0.625,1.21));
#1596 = VECTOR('',#1597,1.);
#1597 = DIRECTION('',(1.,0.,0.));
#1598 = PLANE('',#1599);
#1599 = AXIS2_PLACEMENT_3D('',#1600,#1601,#1602);
#1600 = CARTESIAN_POINT('',(0.6,-0.625,0.));
#1601 = DIRECTION('',(0.,1.,0.));
#1602 = DIRECTION('',(0.,-0.,1.));
#1603 = ADVANCED_FACE('',(#1604),#1623,.T.);
#1604 = FACE_BOUND('',#1605,.T.);
#1605 = EDGE_LOOP('',(#1606,#1607,#1615,#1622));
#1606 = ORIENTED_EDGE('',*,*,#1500,.T.);
#1607 = ORIENTED_EDGE('',*,*,#1608,.T.);
#1608 = EDGE_CURVE('',#1501,#1609,#1611,.T.);
#1609 = VERTEX_POINT('',#1610);
#1610 = CARTESIAN_POINT('',(1.,-0.585,0.));
#1611 = LINE('',#1612,#1613);
#1612 = CARTESIAN_POINT('',(0.6,-0.585,0.));
#1613 = VECTOR('',#1614,1.);
#1614 = DIRECTION('',(1.,0.,0.));
#1615 = ORIENTED_EDGE('',*,*,#1616,.F.);
#1616 = EDGE_CURVE('',#1577,#1609,#1617,.T.);
#1617 = CIRCLE('',#1618,4.E-02);
#1618 = AXIS2_PLACEMENT_3D('',#1619,#1620,#1621);
#1619 = CARTESIAN_POINT('',(1.,-0.585,4.E-02));
#1620 = DIRECTION('',(1.,0.,-0.));
#1621 = DIRECTION('',(0.,0.,1.));
#1622 = ORIENTED_EDGE('',*,*,#1586,.F.);
#1623 = CYLINDRICAL_SURFACE('',#1624,4.E-02);
#1624 = AXIS2_PLACEMENT_3D('',#1625,#1626,#1627);
#1625 = CARTESIAN_POINT('',(0.6,-0.585,4.E-02));
#1626 = DIRECTION('',(1.,0.,0.));
#1627 = DIRECTION('',(0.,-1.,0.));
#1628 = ADVANCED_FACE('',(#1629),#1648,.T.);
#1629 = FACE_BOUND('',#1630,.T.);
#1630 = EDGE_LOOP('',(#1631,#1632,#1641,#1647));
#1631 = ORIENTED_EDGE('',*,*,#1593,.T.);
#1632 = ORIENTED_EDGE('',*,*,#1633,.T.);
#1633 = EDGE_CURVE('',#1579,#1634,#1636,.T.);
#1634 = VERTEX_POINT('',#1635);
#1635 = CARTESIAN_POINT('',(1.,-0.585,1.25));
#1636 = CIRCLE('',#1637,4.E-02);
#1637 = AXIS2_PLACEMENT_3D('',#1638,#1639,#1640);
#1638 = CARTESIAN_POINT('',(1.,-0.585,1.21));
#1639 = DIRECTION('',(-1.,0.,0.));
#1640 = DIRECTION('',(0.,0.,1.));
#1641 = ORIENTED_EDGE('',*,*,#1642,.F.);
#1642 = EDGE_CURVE('',#1544,#1634,#1643,.T.);
#1643 = LINE('',#1644,#1645);
#1644 = CARTESIAN_POINT('',(0.6,-0.585,1.25));
#1645 = VECTOR('',#1646,1.);
#1646 = DIRECTION('',(1.,0.,0.));
#1647 = ORIENTED_EDGE('',*,*,#1551,.F.);
#1648 = CYLINDRICAL_SURFACE('',#1649,4.E-02);
#1649 = AXIS2_PLACEMENT_3D('',#1650,#1651,#1652);
#1650 = CARTESIAN_POINT('',(0.6,-0.585,1.21));
#1651 = DIRECTION('',(1.,0.,0.));
#1652 = DIRECTION('',(0.,-1.,0.));
#1653 = ADVANCED_FACE('',(#1654),#1672,.F.);
#1654 = FACE_BOUND('',#1655,.F.);
#1655 = EDGE_LOOP('',(#1656,#1657,#1658,#1666));
#1656 = ORIENTED_EDGE('',*,*,#1509,.F.);
#1657 = ORIENTED_EDGE('',*,*,#1608,.T.);
#1658 = ORIENTED_EDGE('',*,*,#1659,.T.);
#1659 = EDGE_CURVE('',#1609,#1660,#1662,.T.);
#1660 = VERTEX_POINT('',#1661);
#1661 = CARTESIAN_POINT('',(1.,0.585,0.));
#1662 = LINE('',#1663,#1664);
#1663 = CARTESIAN_POINT('',(1.,-0.625,0.));
#1664 = VECTOR('',#1665,1.);
#1665 = DIRECTION('',(0.,1.,0.));
#1666 = ORIENTED_EDGE('',*,*,#1667,.F.);
#1667 = EDGE_CURVE('',#1510,#1660,#1668,.T.);
#1668 = LINE('',#1669,#1670);
#1669 = CARTESIAN_POINT('',(0.6,0.585,0.));
#1670 = VECTOR('',#1671,1.);
#1671 = DIRECTION('',(1.,0.,0.));
#1672 = PLANE('',#1673);
#1673 = AXIS2_PLACEMENT_3D('',#1674,#1675,#1676);
#1674 = CARTESIAN_POINT('',(0.6,-0.625,0.));
#1675 = DIRECTION('',(0.,0.,1.));
#1676 = DIRECTION('',(1.,0.,-0.));
#1677 = ADVANCED_FACE('',(#1678),#1696,.T.);
#1678 = FACE_BOUND('',#1679,.T.);
#1679 = EDGE_LOOP('',(#1680,#1681,#1682,#1690));
#1680 = ORIENTED_EDGE('',*,*,#1543,.F.);
#1681 = ORIENTED_EDGE('',*,*,#1642,.T.);
#1682 = ORIENTED_EDGE('',*,*,#1683,.T.);
#1683 = EDGE_CURVE('',#1634,#1684,#1686,.T.);
#1684 = VERTEX_POINT('',#1685);
#1685 = CARTESIAN_POINT('',(1.,0.585,1.25));
#1686 = LINE('',#1687,#1688);
#1687 = CARTESIAN_POINT('',(1.,-0.625,1.25));
#1688 = VECTOR('',#1689,1.);
#1689 = DIRECTION('',(0.,1.,0.));
#1690 = ORIENTED_EDGE('',*,*,#1691,.F.);
#1691 = EDGE_CURVE('',#1535,#1684,#1692,.T.);
#1692 = LINE('',#1693,#1694);
#1693 = CARTESIAN_POINT('',(0.6,0.585,1.25));
#1694 = VECTOR('',#1695,1.);
#1695 = DIRECTION('',(1.,0.,0.));
#1696 = PLANE('',#1697);
#1697 = AXIS2_PLACEMENT_3D('',#1698,#1699,#1700);
#1698 = CARTESIAN_POINT('',(0.6,-0.625,1.25));
#1699 = DIRECTION('',(0.,0.,1.));
#1700 = DIRECTION('',(1.,0.,-0.));
#1701 = ADVANCED_FACE('',(#1702),#1721,.T.);
#1702 = FACE_BOUND('',#1703,.T.);
#1703 = EDGE_LOOP('',(#1704,#1712,#1719,#1720));
#1704 = ORIENTED_EDGE('',*,*,#1705,.T.);
#1705 = EDGE_CURVE('',#1518,#1706,#1708,.T.);
#1706 = VERTEX_POINT('',#1707);
#1707 = CARTESIAN_POINT('',(1.,0.625,4.E-02));
#1708 = LINE('',#1709,#1710);
#1709 = CARTESIAN_POINT('',(0.6,0.625,4.E-02));
#1710 = VECTOR('',#1711,1.);
#1711 = DIRECTION('',(1.,0.,0.));
#1712 = ORIENTED_EDGE('',*,*,#1713,.T.);
#1713 = EDGE_CURVE('',#1706,#1660,#1714,.T.);
#1714 = CIRCLE('',#1715,4.E-02);
#1715 = AXIS2_PLACEMENT_3D('',#1716,#1717,#1718);
#1716 = CARTESIAN_POINT('',(1.,0.585,4.E-02));
#1717 = DIRECTION('',(-1.,0.,0.));
#1718 = DIRECTION('',(0.,0.,1.));
#1719 = ORIENTED_EDGE('',*,*,#1667,.F.);
#1720 = ORIENTED_EDGE('',*,*,#1517,.F.);
#1721 = CYLINDRICAL_SURFACE('',#1722,4.E-02);
#1722 = AXIS2_PLACEMENT_3D('',#1723,#1724,#1725);
#1723 = CARTESIAN_POINT('',(0.6,0.585,4.E-02));
#1724 = DIRECTION('',(1.,0.,0.));
#1725 = DIRECTION('',(-0.,1.,0.));
#1726 = ADVANCED_FACE('',(#1727),#1746,.T.);
#1727 = FACE_BOUND('',#1728,.T.);
#1728 = EDGE_LOOP('',(#1729,#1730,#1731,#1740));
#1729 = ORIENTED_EDGE('',*,*,#1534,.T.);
#1730 = ORIENTED_EDGE('',*,*,#1691,.T.);
#1731 = ORIENTED_EDGE('',*,*,#1732,.F.);
#1732 = EDGE_CURVE('',#1733,#1684,#1735,.T.);
#1733 = VERTEX_POINT('',#1734);
#1734 = CARTESIAN_POINT('',(1.,0.625,1.21));
#1735 = CIRCLE('',#1736,4.E-02);
#1736 = AXIS2_PLACEMENT_3D('',#1737,#1738,#1739);
#1737 = CARTESIAN_POINT('',(1.,0.585,1.21));
#1738 = DIRECTION('',(1.,0.,-0.));
#1739 = DIRECTION('',(0.,0.,1.));
#1740 = ORIENTED_EDGE('',*,*,#1741,.F.);
#1741 = EDGE_CURVE('',#1527,#1733,#1742,.T.);
#1742 = LINE('',#1743,#1744);
#1743 = CARTESIAN_POINT('',(0.6,0.625,1.21));
#1744 = VECTOR('',#1745,1.);
#1745 = DIRECTION('',(1.,0.,0.));
#1746 = CYLINDRICAL_SURFACE('',#1747,4.E-02);
#1747 = AXIS2_PLACEMENT_3D('',#1748,#1749,#1750);
#1748 = CARTESIAN_POINT('',(0.6,0.585,1.21));
#1749 = DIRECTION('',(1.,0.,0.));
#1750 = DIRECTION('',(-0.,1.,0.));
#1751 = ADVANCED_FACE('',(#1752),#1763,.T.);
#1752 = FACE_BOUND('',#1753,.T.);
#1753 = EDGE_LOOP('',(#1754,#1760,#1761,#1762));
#1754 = ORIENTED_EDGE('',*,*,#1755,.F.);
#1755 = EDGE_CURVE('',#1706,#1733,#1756,.T.);
#1756 = LINE('',#1757,#1758);
#1757 = CARTESIAN_POINT('',(1.,0.625,0.));
#1758 = VECTOR('',#1759,1.);
#1759 = DIRECTION('',(0.,0.,1.));
#1760 = ORIENTED_EDGE('',*,*,#1705,.F.);
#1761 = ORIENTED_EDGE('',*,*,#1526,.T.);
#1762 = ORIENTED_EDGE('',*,*,#1741,.T.);
#1763 = PLANE('',#1764);
#1764 = AXIS2_PLACEMENT_3D('',#1765,#1766,#1767);
#1765 = CARTESIAN_POINT('',(0.6,0.625,0.));
#1766 = DIRECTION('',(0.,1.,0.));
#1767 = DIRECTION('',(0.,-0.,1.));
#1768 = ADVANCED_FACE('',(#1769),#1779,.T.);
#1769 = FACE_BOUND('',#1770,.T.);
#1770 = EDGE_LOOP('',(#1771,#1772,#1773,#1774,#1775,#1776,#1777,#1778));
#1771 = ORIENTED_EDGE('',*,*,#1576,.F.);
#1772 = ORIENTED_EDGE('',*,*,#1616,.T.);
#1773 = ORIENTED_EDGE('',*,*,#1659,.T.);
#1774 = ORIENTED_EDGE('',*,*,#1713,.F.);
#1775 = ORIENTED_EDGE('',*,*,#1755,.T.);
#1776 = ORIENTED_EDGE('',*,*,#1732,.T.);
#1777 = ORIENTED_EDGE('',*,*,#1683,.F.);
#1778 = ORIENTED_EDGE('',*,*,#1633,.F.);
#1779 = PLANE('',#1780);
#1780 = AXIS2_PLACEMENT_3D('',#1781,#1782,#1783);
#1781 = CARTESIAN_POINT('',(1.,-0.625,0.));
#1782 = DIRECTION('',(1.,0.,0.));
#1783 = DIRECTION('',(0.,0.,1.));
#1784 = ( GEOMETRIC_REPRESENTATION_CONTEXT(3) 
GLOBAL_UNCERTAINTY_ASSIGNED_CONTEXT((#1788)) 
GLOBAL_UNIT_ASSIGNED_CONTEXT((#1785,#1786,#1787)) REPRESENTATION_CONTEXT
('Context #1','3D Context with UNIT and UNCERTAINTY') );
#1785 = ( LENGTH_UNIT() NAMED_UNIT(*) SI_UNIT(.MILLI.,.METRE.) );
#1786 = ( NAMED_UNIT(*) PLANE_ANGLE_UNIT() SI_UNIT($,.RADIAN.) );
#1787 = ( NAMED_UNIT(*) SI_UNIT($,.STERADIAN.) SOLID_ANGLE_UNIT() );
#1788 = UNCERTAINTY_MEASURE_WITH_UNIT(LENGTH_MEASURE(1.E-07),#1785,
  'distance_accuracy_value','confusion accuracy');
#1789 = CONTEXT_DEPENDENT_SHAPE_REPRESENTATION(#1790,#1792);
#1790 = ( REPRESENTATION_RELATIONSHIP('','',#929,#10) 
REPRESENTATION_RELATIONSHIP_WITH_TRANSFORMATION(#1791) 
SHAPE_REPRESENTATION_RELATIONSHIP() );
#1791 = ITEM_DEFINED_TRANSFORMATION('','',#11,#19);
#1792 = PRODUCT_DEFINITION_SHAPE('Placement','Placement of an item',
  #1793);
#1793 = NEXT_ASSEMBLY_USAGE_OCCURRENCE('2','C8','',#5,#924,$);
#1794 = PRODUCT_RELATED_PRODUCT_CATEGORY('part',$,(#926));
#1795 = CONTEXT_DEPENDENT_SHAPE_REPRESENTATION(#1796,#1798);
#1796 = ( REPRESENTATION_RELATIONSHIP('','',#929,#10) 
REPRESENTATION_RELATIONSHIP_WITH_TRANSFORMATION(#1797) 
SHAPE_REPRESENTATION_RELATIONSHIP() );
#1797 = ITEM_DEFINED_TRANSFORMATION('','',#11,#23);
#1798 = PRODUCT_DEFINITION_SHAPE('Placement','Placement of an item',
  #1799);
#1799 = NEXT_ASSEMBLY_USAGE_OCCURRENCE('3','C4','',#5,#924,$);
#1800 = CONTEXT_DEPENDENT_SHAPE_REPRESENTATION(#1801,#1803);
#1801 = ( REPRESENTATION_RELATIONSHIP('','',#120,#10) 
REPRESENTATION_RELATIONSHIP_WITH_TRANSFORMATION(#1802) 
SHAPE_REPRESENTATION_RELATIONSHIP() );
#1802 = ITEM_DEFINED_TRANSFORMATION('','',#11,#27);
#1803 = PRODUCT_DEFINITION_SHAPE('Placement','Placement of an item',
  #1804);
#1804 = NEXT_ASSEMBLY_USAGE_OCCURRENCE('4','R15','',#5,#115,$);
#1805 = CONTEXT_DEPENDENT_SHAPE_REPRESENTATION(#1806,#1808);
#1806 = ( REPRESENTATION_RELATIONSHIP('','',#120,#10) 
REPRESENTATION_RELATIONSHIP_WITH_TRANSFORMATION(#1807) 
SHAPE_REPRESENTATION_RELATIONSHIP() );
#1807 = ITEM_DEFINED_TRANSFORMATION('','',#11,#31);
#1808 = PRODUCT_DEFINITION_SHAPE('Placement','Placement of an item',
  #1809);
#1809 = NEXT_ASSEMBLY_USAGE_OCCURRENCE('5','R16','',#5,#115,$);
#1810 = SHAPE_DEFINITION_REPRESENTATION(#1811,#1817);
#1811 = PRODUCT_DEFINITION_SHAPE('','',#1812);
#1812 = PRODUCT_DEFINITION('design','',#1813,#1816);
#1813 = PRODUCT_DEFINITION_FORMATION('','',#1814);
#1814 = PRODUCT('TSSOP-16_4.4x5mm_P0.65mm','TSSOP-16_4.4x5mm_P0.65mm',''
  ,(#1815));
#1815 = PRODUCT_CONTEXT('',#2,'mechanical');
#1816 = PRODUCT_DEFINITION_CONTEXT('part definition',#2,'design');
#1817 = ADVANCED_BREP_SHAPE_REPRESENTATION('',(#11,#1818),#9674);
#1818 = MANIFOLD_SOLID_BREP('',#1819);
#1819 = CLOSED_SHELL('',(#1820,#1986,#2017,#2040,#2070,#2101,#2132,#2163
    ,#2194,#2225,#2256,#2287,#2318,#2349,#2380,#2411,#2442,#2473,#2504,
    #2535,#2565,#2588,#2733,#2756,#2779,#2835,#2927,#3019,#3036,#3067,
    #3159,#3251,#3268,#3299,#3391,#3483,#3500,#3531,#3623,#3715,#3732,
    #3763,#3855,#3947,#3964,#3995,#4087,#4179,#4196,#4227,#4319,#4411,
    #4428,#4459,#4551,#4643,#4660,#4716,#4733,#4764,#4795,#4826,#4857,
    #4888,#4919,#4950,#4981,#5012,#5043,#5074,#5105,#5136,#5167,#5198,
    #5215,#5260,#5401,#5424,#5503,#5522,#5539,#5556,#5573,#5590,#5607,
    #5624,#5641,#5653,#5672,#5689,#5706,#5723,#5740,#5757,#5774,#5791,
    #5803,#5822,#5839,#5856,#5873,#5890,#5907,#5924,#5941,#5953,#5972,
    #5989,#6006,#6023,#6040,#6057,#6074,#6091,#6103,#6122,#6139,#6156,
    #6173,#6190,#6207,#6224,#6241,#6253,#6272,#6289,#6306,#6323,#6340,
    #6357,#6374,#6391,#6403,#6422,#6439,#6456,#6473,#6490,#6507,#6524,
    #6541,#6553,#6572,#6589,#6606,#6623,#6640,#6657,#6674,#6691,#6703,
    #6720,#6758,#6843,#6928,#6945,#6962,#7054,#7146,#7163,#7185,#7277,
    #7369,#7386,#7408,#7500,#7592,#7609,#7631,#7723,#7815,#7832,#7854,
    #7946,#8038,#8055,#8077,#8169,#8261,#8278,#8295,#8380,#8465,#8482,
    #8499,#8518,#8537,#8556,#8575,#8594,#8613,#8636,#8653,#8670,#8687,
    #8704,#8721,#8738,#8755,#8767,#8784,#8801,#8818,#8835,#8852,#8869,
    #8886,#8898,#8915,#8932,#8949,#8966,#8983,#9000,#9017,#9029,#9046,
    #9063,#9080,#9097,#9114,#9131,#9148,#9160,#9177,#9194,#9211,#9228,
    #9245,#9262,#9279,#9291,#9308,#9325,#9342,#9359,#9376,#9393,#9410,
    #9422,#9439,#9456,#9473,#9490,#9507,#9524,#9541,#9553,#9570,#9587,
    #9604,#9621,#9638,#9655,#9667));
#1820 = ADVANCED_FACE('',(#1821),#1981,.T.);
#1821 = FACE_BOUND('',#1822,.T.);
#1822 = EDGE_LOOP('',(#1823,#1833,#1840,#1848,#1856,#1864,#1872,#1880,
    #1888,#1896,#1904,#1912,#1920,#1928,#1936,#1944,#1952,#1960,#1968,
    #1976));
#1823 = ORIENTED_EDGE('',*,*,#1824,.T.);
#1824 = EDGE_CURVE('',#1825,#1827,#1829,.T.);
#1825 = VERTEX_POINT('',#1826);
#1826 = CARTESIAN_POINT('',(-2.125061033199,2.425061033199,0.1));
#1827 = VERTEX_POINT('',#1828);
#1828 = CARTESIAN_POINT('',(-2.125061033199,-2.425061033199,0.1));
#1829 = LINE('',#1830,#1831);
#1830 = CARTESIAN_POINT('',(-2.125061033199,2.425061033199,0.1));
#1831 = VECTOR('',#1832,1.);
#1832 = DIRECTION('',(1.110223024625E-16,-1.,0.));
#1833 = ORIENTED_EDGE('',*,*,#1834,.T.);
#1834 = EDGE_CURVE('',#1827,#1835,#1837,.T.);
#1835 = VERTEX_POINT('',#1836);
#1836 = CARTESIAN_POINT('',(-2.2,-2.5,0.525));
#1837 = B_SPLINE_CURVE_WITH_KNOTS('',1,(#1838,#1839),.UNSPECIFIED.,.F.,
  .F.,(2,2),(0.,1.),.PIECEWISE_BEZIER_KNOTS.);
#1838 = CARTESIAN_POINT('',(-2.125061033199,-2.425061033199,0.1));
#1839 = CARTESIAN_POINT('',(-2.2,-2.5,0.525));
#1840 = ORIENTED_EDGE('',*,*,#1841,.F.);
#1841 = EDGE_CURVE('',#1842,#1835,#1844,.T.);
#1842 = VERTEX_POINT('',#1843);
#1843 = CARTESIAN_POINT('',(-2.2,-2.405,0.525));
#1844 = LINE('',#1845,#1846);
#1845 = CARTESIAN_POINT('',(-2.2,2.5,0.525));
#1846 = VECTOR('',#1847,1.);
#1847 = DIRECTION('',(1.110223024625E-16,-1.,0.));
#1848 = ORIENTED_EDGE('',*,*,#1849,.F.);
#1849 = EDGE_CURVE('',#1850,#1842,#1852,.T.);
#1850 = VERTEX_POINT('',#1851);
#1851 = CARTESIAN_POINT('',(-2.2,-2.145,0.525));
#1852 = LINE('',#1853,#1854);
#1853 = CARTESIAN_POINT('',(-2.2,2.5,0.525));
#1854 = VECTOR('',#1855,1.);
#1855 = DIRECTION('',(1.110223024625E-16,-1.,0.));
#1856 = ORIENTED_EDGE('',*,*,#1857,.F.);
#1857 = EDGE_CURVE('',#1858,#1850,#1860,.T.);
#1858 = VERTEX_POINT('',#1859);
#1859 = CARTESIAN_POINT('',(-2.2,-1.755,0.525));
#1860 = LINE('',#1861,#1862);
#1861 = CARTESIAN_POINT('',(-2.2,2.5,0.525));
#1862 = VECTOR('',#1863,1.);
#1863 = DIRECTION('',(1.110223024625E-16,-1.,0.));
#1864 = ORIENTED_EDGE('',*,*,#1865,.F.);
#1865 = EDGE_CURVE('',#1866,#1858,#1868,.T.);
#1866 = VERTEX_POINT('',#1867);
#1867 = CARTESIAN_POINT('',(-2.2,-1.495,0.525));
#1868 = LINE('',#1869,#1870);
#1869 = CARTESIAN_POINT('',(-2.2,2.5,0.525));
#1870 = VECTOR('',#1871,1.);
#1871 = DIRECTION('',(1.110223024625E-16,-1.,0.));
#1872 = ORIENTED_EDGE('',*,*,#1873,.F.);
#1873 = EDGE_CURVE('',#1874,#1866,#1876,.T.);
#1874 = VERTEX_POINT('',#1875);
#1875 = CARTESIAN_POINT('',(-2.2,-1.105,0.525));
#1876 = LINE('',#1877,#1878);
#1877 = CARTESIAN_POINT('',(-2.2,2.5,0.525));
#1878 = VECTOR('',#1879,1.);
#1879 = DIRECTION('',(1.110223024625E-16,-1.,0.));
#1880 = ORIENTED_EDGE('',*,*,#1881,.F.);
#1881 = EDGE_CURVE('',#1882,#1874,#1884,.T.);
#1882 = VERTEX_POINT('',#1883);
#1883 = CARTESIAN_POINT('',(-2.2,-0.845,0.525));
#1884 = LINE('',#1885,#1886);
#1885 = CARTESIAN_POINT('',(-2.2,2.5,0.525));
#1886 = VECTOR('',#1887,1.);
#1887 = DIRECTION('',(1.110223024625E-16,-1.,0.));
#1888 = ORIENTED_EDGE('',*,*,#1889,.F.);
#1889 = EDGE_CURVE('',#1890,#1882,#1892,.T.);
#1890 = VERTEX_POINT('',#1891);
#1891 = CARTESIAN_POINT('',(-2.2,-0.455,0.525));
#1892 = LINE('',#1893,#1894);
#1893 = CARTESIAN_POINT('',(-2.2,2.5,0.525));
#1894 = VECTOR('',#1895,1.);
#1895 = DIRECTION('',(1.110223024625E-16,-1.,0.));
#1896 = ORIENTED_EDGE('',*,*,#1897,.F.);
#1897 = EDGE_CURVE('',#1898,#1890,#1900,.T.);
#1898 = VERTEX_POINT('',#1899);
#1899 = CARTESIAN_POINT('',(-2.2,-0.195,0.525));
#1900 = LINE('',#1901,#1902);
#1901 = CARTESIAN_POINT('',(-2.2,2.5,0.525));
#1902 = VECTOR('',#1903,1.);
#1903 = DIRECTION('',(1.110223024625E-16,-1.,0.));
#1904 = ORIENTED_EDGE('',*,*,#1905,.F.);
#1905 = EDGE_CURVE('',#1906,#1898,#1908,.T.);
#1906 = VERTEX_POINT('',#1907);
#1907 = CARTESIAN_POINT('',(-2.2,0.195,0.525));
#1908 = LINE('',#1909,#1910);
#1909 = CARTESIAN_POINT('',(-2.2,2.5,0.525));
#1910 = VECTOR('',#1911,1.);
#1911 = DIRECTION('',(1.110223024625E-16,-1.,0.));
#1912 = ORIENTED_EDGE('',*,*,#1913,.F.);
#1913 = EDGE_CURVE('',#1914,#1906,#1916,.T.);
#1914 = VERTEX_POINT('',#1915);
#1915 = CARTESIAN_POINT('',(-2.2,0.455,0.525));
#1916 = LINE('',#1917,#1918);
#1917 = CARTESIAN_POINT('',(-2.2,2.5,0.525));
#1918 = VECTOR('',#1919,1.);
#1919 = DIRECTION('',(1.110223024625E-16,-1.,0.));
#1920 = ORIENTED_EDGE('',*,*,#1921,.F.);
#1921 = EDGE_CURVE('',#1922,#1914,#1924,.T.);
#1922 = VERTEX_POINT('',#1923);
#1923 = CARTESIAN_POINT('',(-2.2,0.845,0.525));
#1924 = LINE('',#1925,#1926);
#1925 = CARTESIAN_POINT('',(-2.2,2.5,0.525));
#1926 = VECTOR('',#1927,1.);
#1927 = DIRECTION('',(1.110223024625E-16,-1.,0.));
#1928 = ORIENTED_EDGE('',*,*,#1929,.F.);
#1929 = EDGE_CURVE('',#1930,#1922,#1932,.T.);
#1930 = VERTEX_POINT('',#1931);
#1931 = CARTESIAN_POINT('',(-2.2,1.105,0.525));
#1932 = LINE('',#1933,#1934);
#1933 = CARTESIAN_POINT('',(-2.2,2.5,0.525));
#1934 = VECTOR('',#1935,1.);
#1935 = DIRECTION('',(1.110223024625E-16,-1.,0.));
#1936 = ORIENTED_EDGE('',*,*,#1937,.F.);
#1937 = EDGE_CURVE('',#1938,#1930,#1940,.T.);
#1938 = VERTEX_POINT('',#1939);
#1939 = CARTESIAN_POINT('',(-2.2,1.495,0.525));
#1940 = LINE('',#1941,#1942);
#1941 = CARTESIAN_POINT('',(-2.2,2.5,0.525));
#1942 = VECTOR('',#1943,1.);
#1943 = DIRECTION('',(1.110223024625E-16,-1.,0.));
#1944 = ORIENTED_EDGE('',*,*,#1945,.F.);
#1945 = EDGE_CURVE('',#1946,#1938,#1948,.T.);
#1946 = VERTEX_POINT('',#1947);
#1947 = CARTESIAN_POINT('',(-2.2,1.755,0.525));
#1948 = LINE('',#1949,#1950);
#1949 = CARTESIAN_POINT('',(-2.2,2.5,0.525));
#1950 = VECTOR('',#1951,1.);
#1951 = DIRECTION('',(1.110223024625E-16,-1.,0.));
#1952 = ORIENTED_EDGE('',*,*,#1953,.F.);
#1953 = EDGE_CURVE('',#1954,#1946,#1956,.T.);
#1954 = VERTEX_POINT('',#1955);
#1955 = CARTESIAN_POINT('',(-2.2,2.145,0.525));
#1956 = LINE('',#1957,#1958);
#1957 = CARTESIAN_POINT('',(-2.2,2.5,0.525));
#1958 = VECTOR('',#1959,1.);
#1959 = DIRECTION('',(1.110223024625E-16,-1.,0.));
#1960 = ORIENTED_EDGE('',*,*,#1961,.F.);
#1961 = EDGE_CURVE('',#1962,#1954,#1964,.T.);
#1962 = VERTEX_POINT('',#1963);
#1963 = CARTESIAN_POINT('',(-2.2,2.405,0.525));
#1964 = LINE('',#1965,#1966);
#1965 = CARTESIAN_POINT('',(-2.2,2.5,0.525));
#1966 = VECTOR('',#1967,1.);
#1967 = DIRECTION('',(1.110223024625E-16,-1.,0.));
#1968 = ORIENTED_EDGE('',*,*,#1969,.F.);
#1969 = EDGE_CURVE('',#1970,#1962,#1972,.T.);
#1970 = VERTEX_POINT('',#1971);
#1971 = CARTESIAN_POINT('',(-2.2,2.5,0.525));
#1972 = LINE('',#1973,#1974);
#1973 = CARTESIAN_POINT('',(-2.2,2.5,0.525));
#1974 = VECTOR('',#1975,1.);
#1975 = DIRECTION('',(1.110223024625E-16,-1.,0.));
#1976 = ORIENTED_EDGE('',*,*,#1977,.F.);
#1977 = EDGE_CURVE('',#1825,#1970,#1978,.T.);
#1978 = B_SPLINE_CURVE_WITH_KNOTS('',1,(#1979,#1980),.UNSPECIFIED.,.F.,
  .F.,(2,2),(0.,1.),.PIECEWISE_BEZIER_KNOTS.);
#1979 = CARTESIAN_POINT('',(-2.125061033199,2.425061033199,0.1));
#1980 = CARTESIAN_POINT('',(-2.2,2.5,0.525));
#1981 = B_SPLINE_SURFACE_WITH_KNOTS('',1,1,(
    (#1982,#1983)
    ,(#1984,#1985
    )),.UNSPECIFIED.,.F.,.F.,.F.,(2,2),(2,2),(0.,5.),(0.,1.),
  .PIECEWISE_BEZIER_KNOTS.);
#1982 = CARTESIAN_POINT('',(-2.125061033199,2.425061033199,0.1));
#1983 = CARTESIAN_POINT('',(-2.2,2.5,0.525));
#1984 = CARTESIAN_POINT('',(-2.125061033199,-2.425061033199,0.1));
#1985 = CARTESIAN_POINT('',(-2.2,-2.5,0.525));
#1986 = ADVANCED_FACE('',(#1987),#2012,.T.);
#1987 = FACE_BOUND('',#1988,.F.);
#1988 = EDGE_LOOP('',(#1989,#1990,#1998,#2006));
#1989 = ORIENTED_EDGE('',*,*,#1824,.T.);
#1990 = ORIENTED_EDGE('',*,*,#1991,.T.);
#1991 = EDGE_CURVE('',#1827,#1992,#1994,.T.);
#1992 = VERTEX_POINT('',#1993);
#1993 = CARTESIAN_POINT('',(2.125061033199,-2.425061033199,0.1));
#1994 = LINE('',#1995,#1996);
#1995 = CARTESIAN_POINT('',(-2.125061033199,-2.425061033199,0.1));
#1996 = VECTOR('',#1997,1.);
#1997 = DIRECTION('',(1.,1.110223024625E-16,0.));
#1998 = ORIENTED_EDGE('',*,*,#1999,.T.);
#1999 = EDGE_CURVE('',#1992,#2000,#2002,.T.);
#2000 = VERTEX_POINT('',#2001);
#2001 = CARTESIAN_POINT('',(2.125061033199,2.425061033199,0.1));
#2002 = LINE('',#2003,#2004);
#2003 = CARTESIAN_POINT('',(2.125061033199,-2.425061033199,0.1));
#2004 = VECTOR('',#2005,1.);
#2005 = DIRECTION('',(-1.110223024625E-16,1.,0.));
#2006 = ORIENTED_EDGE('',*,*,#2007,.T.);
#2007 = EDGE_CURVE('',#2000,#1825,#2008,.T.);
#2008 = LINE('',#2009,#2010);
#2009 = CARTESIAN_POINT('',(2.125061033199,2.425061033199,0.1));
#2010 = VECTOR('',#2011,1.);
#2011 = DIRECTION('',(-1.,-1.110223024625E-16,0.));
#2012 = PLANE('',#2013);
#2013 = AXIS2_PLACEMENT_3D('',#2014,#2015,#2016);
#2014 = CARTESIAN_POINT('',(-2.125061033199,2.425061033199,0.1));
#2015 = DIRECTION('',(0.,0.,-1.));
#2016 = DIRECTION('',(0.659054682495,-0.752095024236,0.));
#2017 = ADVANCED_FACE('',(#2018),#2035,.T.);
#2018 = FACE_BOUND('',#2019,.T.);
#2019 = EDGE_LOOP('',(#2020,#2021,#2028,#2034));
#2020 = ORIENTED_EDGE('',*,*,#1991,.T.);
#2021 = ORIENTED_EDGE('',*,*,#2022,.T.);
#2022 = EDGE_CURVE('',#1992,#2023,#2025,.T.);
#2023 = VERTEX_POINT('',#2024);
#2024 = CARTESIAN_POINT('',(2.2,-2.5,0.525));
#2025 = B_SPLINE_CURVE_WITH_KNOTS('',1,(#2026,#2027),.UNSPECIFIED.,.F.,
  .F.,(2,2),(0.,1.),.PIECEWISE_BEZIER_KNOTS.);
#2026 = CARTESIAN_POINT('',(2.125061033199,-2.425061033199,0.1));
#2027 = CARTESIAN_POINT('',(2.2,-2.5,0.525));
#2028 = ORIENTED_EDGE('',*,*,#2029,.F.);
#2029 = EDGE_CURVE('',#1835,#2023,#2030,.T.);
#2030 = LINE('',#2031,#2032);
#2031 = CARTESIAN_POINT('',(-2.2,-2.5,0.525));
#2032 = VECTOR('',#2033,1.);
#2033 = DIRECTION('',(1.,1.110223024625E-16,0.));
#2034 = ORIENTED_EDGE('',*,*,#1834,.F.);
#2035 = B_SPLINE_SURFACE_WITH_KNOTS('',1,1,(
    (#2036,#2037)
    ,(#2038,#2039
    )),.UNSPECIFIED.,.F.,.F.,.F.,(2,2),(2,2),(0.,4.4),(0.,1.),
  .PIECEWISE_BEZIER_KNOTS.);
#2036 = CARTESIAN_POINT('',(-2.125061033199,-2.425061033199,0.1));
#2037 = CARTESIAN_POINT('',(-2.2,-2.5,0.525));
#2038 = CARTESIAN_POINT('',(2.125061033199,-2.425061033199,0.1));
#2039 = CARTESIAN_POINT('',(2.2,-2.5,0.525));
#2040 = ADVANCED_FACE('',(#2041),#2065,.T.);
#2041 = FACE_BOUND('',#2042,.T.);
#2042 = EDGE_LOOP('',(#2043,#2050,#2051,#2059));
#2043 = ORIENTED_EDGE('',*,*,#2044,.F.);
#2044 = EDGE_CURVE('',#1970,#2045,#2047,.T.);
#2045 = VERTEX_POINT('',#2046);
#2046 = CARTESIAN_POINT('',(-2.2,2.5,0.675));
#2047 = B_SPLINE_CURVE_WITH_KNOTS('',1,(#2048,#2049),.UNSPECIFIED.,.F.,
  .F.,(2,2),(0.,1.),.PIECEWISE_BEZIER_KNOTS.);
#2048 = CARTESIAN_POINT('',(-2.2,2.5,0.525));
#2049 = CARTESIAN_POINT('',(-2.2,2.5,0.675));
#2050 = ORIENTED_EDGE('',*,*,#1969,.T.);
#2051 = ORIENTED_EDGE('',*,*,#2052,.F.);
#2052 = EDGE_CURVE('',#2053,#1962,#2055,.T.);
#2053 = VERTEX_POINT('',#2054);
#2054 = CARTESIAN_POINT('',(-2.2,2.405,0.675));
#2055 = LINE('',#2056,#2057);
#2056 = CARTESIAN_POINT('',(-2.2,2.405,0.496427282854));
#2057 = VECTOR('',#2058,1.);
#2058 = DIRECTION('',(0.,0.,-1.));
#2059 = ORIENTED_EDGE('',*,*,#2060,.F.);
#2060 = EDGE_CURVE('',#2045,#2053,#2061,.T.);
#2061 = LINE('',#2062,#2063);
#2062 = CARTESIAN_POINT('',(-2.2,2.5,0.675));
#2063 = VECTOR('',#2064,1.);
#2064 = DIRECTION('',(1.110223024625E-16,-1.,0.));
#2065 = PLANE('',#2066);
#2066 = AXIS2_PLACEMENT_3D('',#2067,#2068,#2069);
#2067 = CARTESIAN_POINT('',(-2.2,2.5,0.675));
#2068 = DIRECTION('',(-1.,-1.110223024625E-16,0.));
#2069 = DIRECTION('',(1.110223024625E-16,-1.,0.));
#2070 = ADVANCED_FACE('',(#2071),#2096,.F.);
#2071 = FACE_BOUND('',#2072,.F.);
#2072 = EDGE_LOOP('',(#2073,#2081,#2082,#2090));
#2073 = ORIENTED_EDGE('',*,*,#2074,.F.);
#2074 = EDGE_CURVE('',#1954,#2075,#2077,.T.);
#2075 = VERTEX_POINT('',#2076);
#2076 = CARTESIAN_POINT('',(-2.4,2.145,0.525));
#2077 = LINE('',#2078,#2079);
#2078 = CARTESIAN_POINT('',(-2.1,2.145,0.525));
#2079 = VECTOR('',#2080,1.);
#2080 = DIRECTION('',(-1.,1.144237745222E-17,0.));
#2081 = ORIENTED_EDGE('',*,*,#1961,.F.);
#2082 = ORIENTED_EDGE('',*,*,#2083,.T.);
#2083 = EDGE_CURVE('',#1962,#2084,#2086,.T.);
#2084 = VERTEX_POINT('',#2085);
#2085 = CARTESIAN_POINT('',(-2.4,2.405,0.525));
#2086 = LINE('',#2087,#2088);
#2087 = CARTESIAN_POINT('',(-2.1,2.405,0.525));
#2088 = VECTOR('',#2089,1.);
#2089 = DIRECTION('',(-1.,1.144237745222E-17,0.));
#2090 = ORIENTED_EDGE('',*,*,#2091,.F.);
#2091 = EDGE_CURVE('',#2075,#2084,#2092,.T.);
#2092 = LINE('',#2093,#2094);
#2093 = CARTESIAN_POINT('',(-2.4,2.145,0.525));
#2094 = VECTOR('',#2095,1.);
#2095 = DIRECTION('',(1.144237745222E-17,1.,0.));
#2096 = PLANE('',#2097);
#2097 = AXIS2_PLACEMENT_3D('',#2098,#2099,#2100);
#2098 = CARTESIAN_POINT('',(-2.1,2.145,0.525));
#2099 = DIRECTION('',(0.,0.,1.));
#2100 = DIRECTION('',(-1.,1.144237745222E-17,0.));
#2101 = ADVANCED_FACE('',(#2102),#2127,.T.);
#2102 = FACE_BOUND('',#2103,.T.);
#2103 = EDGE_LOOP('',(#2104,#2112,#2113,#2121));
#2104 = ORIENTED_EDGE('',*,*,#2105,.T.);
#2105 = EDGE_CURVE('',#2106,#1954,#2108,.T.);
#2106 = VERTEX_POINT('',#2107);
#2107 = CARTESIAN_POINT('',(-2.2,2.145,0.675));
#2108 = LINE('',#2109,#2110);
#2109 = CARTESIAN_POINT('',(-2.2,2.145,0.496427282854));
#2110 = VECTOR('',#2111,1.);
#2111 = DIRECTION('',(0.,0.,-1.));
#2112 = ORIENTED_EDGE('',*,*,#1953,.T.);
#2113 = ORIENTED_EDGE('',*,*,#2114,.F.);
#2114 = EDGE_CURVE('',#2115,#1946,#2117,.T.);
#2115 = VERTEX_POINT('',#2116);
#2116 = CARTESIAN_POINT('',(-2.2,1.755,0.675));
#2117 = LINE('',#2118,#2119);
#2118 = CARTESIAN_POINT('',(-2.2,1.755,0.496427282854));
#2119 = VECTOR('',#2120,1.);
#2120 = DIRECTION('',(0.,0.,-1.));
#2121 = ORIENTED_EDGE('',*,*,#2122,.F.);
#2122 = EDGE_CURVE('',#2106,#2115,#2123,.T.);
#2123 = LINE('',#2124,#2125);
#2124 = CARTESIAN_POINT('',(-2.2,2.5,0.675));
#2125 = VECTOR('',#2126,1.);
#2126 = DIRECTION('',(1.110223024625E-16,-1.,0.));
#2127 = PLANE('',#2128);
#2128 = AXIS2_PLACEMENT_3D('',#2129,#2130,#2131);
#2129 = CARTESIAN_POINT('',(-2.2,2.5,0.675));
#2130 = DIRECTION('',(-1.,-1.110223024625E-16,0.));
#2131 = DIRECTION('',(1.110223024625E-16,-1.,0.));
#2132 = ADVANCED_FACE('',(#2133),#2158,.F.);
#2133 = FACE_BOUND('',#2134,.F.);
#2134 = EDGE_LOOP('',(#2135,#2143,#2144,#2152));
#2135 = ORIENTED_EDGE('',*,*,#2136,.F.);
#2136 = EDGE_CURVE('',#1938,#2137,#2139,.T.);
#2137 = VERTEX_POINT('',#2138);
#2138 = CARTESIAN_POINT('',(-2.4,1.495,0.525));
#2139 = LINE('',#2140,#2141);
#2140 = CARTESIAN_POINT('',(-2.1,1.495,0.525));
#2141 = VECTOR('',#2142,1.);
#2142 = DIRECTION('',(-1.,1.144237745222E-17,0.));
#2143 = ORIENTED_EDGE('',*,*,#1945,.F.);
#2144 = ORIENTED_EDGE('',*,*,#2145,.T.);
#2145 = EDGE_CURVE('',#1946,#2146,#2148,.T.);
#2146 = VERTEX_POINT('',#2147);
#2147 = CARTESIAN_POINT('',(-2.4,1.755,0.525));
#2148 = LINE('',#2149,#2150);
#2149 = CARTESIAN_POINT('',(-2.1,1.755,0.525));
#2150 = VECTOR('',#2151,1.);
#2151 = DIRECTION('',(-1.,1.144237745222E-17,0.));
#2152 = ORIENTED_EDGE('',*,*,#2153,.F.);
#2153 = EDGE_CURVE('',#2137,#2146,#2154,.T.);
#2154 = LINE('',#2155,#2156);
#2155 = CARTESIAN_POINT('',(-2.4,1.495,0.525));
#2156 = VECTOR('',#2157,1.);
#2157 = DIRECTION('',(1.144237745222E-17,1.,0.));
#2158 = PLANE('',#2159);
#2159 = AXIS2_PLACEMENT_3D('',#2160,#2161,#2162);
#2160 = CARTESIAN_POINT('',(-2.1,1.495,0.525));
#2161 = DIRECTION('',(0.,0.,1.));
#2162 = DIRECTION('',(-1.,1.144237745222E-17,0.));
#2163 = ADVANCED_FACE('',(#2164),#2189,.T.);
#2164 = FACE_BOUND('',#2165,.T.);
#2165 = EDGE_LOOP('',(#2166,#2174,#2175,#2183));
#2166 = ORIENTED_EDGE('',*,*,#2167,.T.);
#2167 = EDGE_CURVE('',#2168,#1938,#2170,.T.);
#2168 = VERTEX_POINT('',#2169);
#2169 = CARTESIAN_POINT('',(-2.2,1.495,0.675));
#2170 = LINE('',#2171,#2172);
#2171 = CARTESIAN_POINT('',(-2.2,1.495,0.496427282854));
#2172 = VECTOR('',#2173,1.);
#2173 = DIRECTION('',(0.,0.,-1.));
#2174 = ORIENTED_EDGE('',*,*,#1937,.T.);
#2175 = ORIENTED_EDGE('',*,*,#2176,.F.);
#2176 = EDGE_CURVE('',#2177,#1930,#2179,.T.);
#2177 = VERTEX_POINT('',#2178);
#2178 = CARTESIAN_POINT('',(-2.2,1.105,0.675));
#2179 = LINE('',#2180,#2181);
#2180 = CARTESIAN_POINT('',(-2.2,1.105,0.496427282854));
#2181 = VECTOR('',#2182,1.);
#2182 = DIRECTION('',(0.,0.,-1.));
#2183 = ORIENTED_EDGE('',*,*,#2184,.F.);
#2184 = EDGE_CURVE('',#2168,#2177,#2185,.T.);
#2185 = LINE('',#2186,#2187);
#2186 = CARTESIAN_POINT('',(-2.2,2.5,0.675));
#2187 = VECTOR('',#2188,1.);
#2188 = DIRECTION('',(1.110223024625E-16,-1.,0.));
#2189 = PLANE('',#2190);
#2190 = AXIS2_PLACEMENT_3D('',#2191,#2192,#2193);
#2191 = CARTESIAN_POINT('',(-2.2,2.5,0.675));
#2192 = DIRECTION('',(-1.,-1.110223024625E-16,0.));
#2193 = DIRECTION('',(1.110223024625E-16,-1.,0.));
#2194 = ADVANCED_FACE('',(#2195),#2220,.F.);
#2195 = FACE_BOUND('',#2196,.F.);
#2196 = EDGE_LOOP('',(#2197,#2205,#2206,#2214));
#2197 = ORIENTED_EDGE('',*,*,#2198,.F.);
#2198 = EDGE_CURVE('',#1922,#2199,#2201,.T.);
#2199 = VERTEX_POINT('',#2200);
#2200 = CARTESIAN_POINT('',(-2.4,0.845,0.525));
#2201 = LINE('',#2202,#2203);
#2202 = CARTESIAN_POINT('',(-2.1,0.845,0.525));
#2203 = VECTOR('',#2204,1.);
#2204 = DIRECTION('',(-1.,1.144237745222E-17,0.));
#2205 = ORIENTED_EDGE('',*,*,#1929,.F.);
#2206 = ORIENTED_EDGE('',*,*,#2207,.T.);
#2207 = EDGE_CURVE('',#1930,#2208,#2210,.T.);
#2208 = VERTEX_POINT('',#2209);
#2209 = CARTESIAN_POINT('',(-2.4,1.105,0.525));
#2210 = LINE('',#2211,#2212);
#2211 = CARTESIAN_POINT('',(-2.1,1.105,0.525));
#2212 = VECTOR('',#2213,1.);
#2213 = DIRECTION('',(-1.,1.144237745222E-17,0.));
#2214 = ORIENTED_EDGE('',*,*,#2215,.F.);
#2215 = EDGE_CURVE('',#2199,#2208,#2216,.T.);
#2216 = LINE('',#2217,#2218);
#2217 = CARTESIAN_POINT('',(-2.4,0.845,0.525));
#2218 = VECTOR('',#2219,1.);
#2219 = DIRECTION('',(1.144237745222E-17,1.,0.));
#2220 = PLANE('',#2221);
#2221 = AXIS2_PLACEMENT_3D('',#2222,#2223,#2224);
#2222 = CARTESIAN_POINT('',(-2.1,0.845,0.525));
#2223 = DIRECTION('',(0.,0.,1.));
#2224 = DIRECTION('',(-1.,1.144237745222E-17,0.));
#2225 = ADVANCED_FACE('',(#2226),#2251,.T.);
#2226 = FACE_BOUND('',#2227,.T.);
#2227 = EDGE_LOOP('',(#2228,#2236,#2237,#2245));
#2228 = ORIENTED_EDGE('',*,*,#2229,.T.);
#2229 = EDGE_CURVE('',#2230,#1922,#2232,.T.);
#2230 = VERTEX_POINT('',#2231);
#2231 = CARTESIAN_POINT('',(-2.2,0.845,0.675));
#2232 = LINE('',#2233,#2234);
#2233 = CARTESIAN_POINT('',(-2.2,0.845,0.496427282854));
#2234 = VECTOR('',#2235,1.);
#2235 = DIRECTION('',(0.,0.,-1.));
#2236 = ORIENTED_EDGE('',*,*,#1921,.T.);
#2237 = ORIENTED_EDGE('',*,*,#2238,.F.);
#2238 = EDGE_CURVE('',#2239,#1914,#2241,.T.);
#2239 = VERTEX_POINT('',#2240);
#2240 = CARTESIAN_POINT('',(-2.2,0.455,0.675));
#2241 = LINE('',#2242,#2243);
#2242 = CARTESIAN_POINT('',(-2.2,0.455,0.496427282854));
#2243 = VECTOR('',#2244,1.);
#2244 = DIRECTION('',(0.,0.,-1.));
#2245 = ORIENTED_EDGE('',*,*,#2246,.F.);
#2246 = EDGE_CURVE('',#2230,#2239,#2247,.T.);
#2247 = LINE('',#2248,#2249);
#2248 = CARTESIAN_POINT('',(-2.2,2.5,0.675));
#2249 = VECTOR('',#2250,1.);
#2250 = DIRECTION('',(1.110223024625E-16,-1.,0.));
#2251 = PLANE('',#2252);
#2252 = AXIS2_PLACEMENT_3D('',#2253,#2254,#2255);
#2253 = CARTESIAN_POINT('',(-2.2,2.5,0.675));
#2254 = DIRECTION('',(-1.,-1.110223024625E-16,0.));
#2255 = DIRECTION('',(1.110223024625E-16,-1.,0.));
#2256 = ADVANCED_FACE('',(#2257),#2282,.F.);
#2257 = FACE_BOUND('',#2258,.F.);
#2258 = EDGE_LOOP('',(#2259,#2267,#2268,#2276));
#2259 = ORIENTED_EDGE('',*,*,#2260,.F.);
#2260 = EDGE_CURVE('',#1906,#2261,#2263,.T.);
#2261 = VERTEX_POINT('',#2262);
#2262 = CARTESIAN_POINT('',(-2.4,0.195,0.525));
#2263 = LINE('',#2264,#2265);
#2264 = CARTESIAN_POINT('',(-2.1,0.195,0.525));
#2265 = VECTOR('',#2266,1.);
#2266 = DIRECTION('',(-1.,1.144237745222E-17,0.));
#2267 = ORIENTED_EDGE('',*,*,#1913,.F.);
#2268 = ORIENTED_EDGE('',*,*,#2269,.T.);
#2269 = EDGE_CURVE('',#1914,#2270,#2272,.T.);
#2270 = VERTEX_POINT('',#2271);
#2271 = CARTESIAN_POINT('',(-2.4,0.455,0.525));
#2272 = LINE('',#2273,#2274);
#2273 = CARTESIAN_POINT('',(-2.1,0.455,0.525));
#2274 = VECTOR('',#2275,1.);
#2275 = DIRECTION('',(-1.,1.144237745222E-17,0.));
#2276 = ORIENTED_EDGE('',*,*,#2277,.F.);
#2277 = EDGE_CURVE('',#2261,#2270,#2278,.T.);
#2278 = LINE('',#2279,#2280);
#2279 = CARTESIAN_POINT('',(-2.4,0.195,0.525));
#2280 = VECTOR('',#2281,1.);
#2281 = DIRECTION('',(1.144237745222E-17,1.,0.));
#2282 = PLANE('',#2283);
#2283 = AXIS2_PLACEMENT_3D('',#2284,#2285,#2286);
#2284 = CARTESIAN_POINT('',(-2.1,0.195,0.525));
#2285 = DIRECTION('',(0.,0.,1.));
#2286 = DIRECTION('',(-1.,1.144237745222E-17,0.));
#2287 = ADVANCED_FACE('',(#2288),#2313,.T.);
#2288 = FACE_BOUND('',#2289,.T.);
#2289 = EDGE_LOOP('',(#2290,#2298,#2299,#2307));
#2290 = ORIENTED_EDGE('',*,*,#2291,.T.);
#2291 = EDGE_CURVE('',#2292,#1906,#2294,.T.);
#2292 = VERTEX_POINT('',#2293);
#2293 = CARTESIAN_POINT('',(-2.2,0.195,0.675));
#2294 = LINE('',#2295,#2296);
#2295 = CARTESIAN_POINT('',(-2.2,0.195,0.496427282854));
#2296 = VECTOR('',#2297,1.);
#2297 = DIRECTION('',(0.,0.,-1.));
#2298 = ORIENTED_EDGE('',*,*,#1905,.T.);
#2299 = ORIENTED_EDGE('',*,*,#2300,.F.);
#2300 = EDGE_CURVE('',#2301,#1898,#2303,.T.);
#2301 = VERTEX_POINT('',#2302);
#2302 = CARTESIAN_POINT('',(-2.2,-0.195,0.675));
#2303 = LINE('',#2304,#2305);
#2304 = CARTESIAN_POINT('',(-2.2,-0.195,0.496427282854));
#2305 = VECTOR('',#2306,1.);
#2306 = DIRECTION('',(0.,0.,-1.));
#2307 = ORIENTED_EDGE('',*,*,#2308,.F.);
#2308 = EDGE_CURVE('',#2292,#2301,#2309,.T.);
#2309 = LINE('',#2310,#2311);
#2310 = CARTESIAN_POINT('',(-2.2,2.5,0.675));
#2311 = VECTOR('',#2312,1.);
#2312 = DIRECTION('',(1.110223024625E-16,-1.,0.));
#2313 = PLANE('',#2314);
#2314 = AXIS2_PLACEMENT_3D('',#2315,#2316,#2317);
#2315 = CARTESIAN_POINT('',(-2.2,2.5,0.675));
#2316 = DIRECTION('',(-1.,-1.110223024625E-16,0.));
#2317 = DIRECTION('',(1.110223024625E-16,-1.,0.));
#2318 = ADVANCED_FACE('',(#2319),#2344,.F.);
#2319 = FACE_BOUND('',#2320,.F.);
#2320 = EDGE_LOOP('',(#2321,#2329,#2330,#2338));
#2321 = ORIENTED_EDGE('',*,*,#2322,.F.);
#2322 = EDGE_CURVE('',#1890,#2323,#2325,.T.);
#2323 = VERTEX_POINT('',#2324);
#2324 = CARTESIAN_POINT('',(-2.4,-0.455,0.525));
#2325 = LINE('',#2326,#2327);
#2326 = CARTESIAN_POINT('',(-2.1,-0.455,0.525));
#2327 = VECTOR('',#2328,1.);
#2328 = DIRECTION('',(-1.,1.144237745222E-17,0.));
#2329 = ORIENTED_EDGE('',*,*,#1897,.F.);
#2330 = ORIENTED_EDGE('',*,*,#2331,.T.);
#2331 = EDGE_CURVE('',#1898,#2332,#2334,.T.);
#2332 = VERTEX_POINT('',#2333);
#2333 = CARTESIAN_POINT('',(-2.4,-0.195,0.525));
#2334 = LINE('',#2335,#2336);
#2335 = CARTESIAN_POINT('',(-2.1,-0.195,0.525));
#2336 = VECTOR('',#2337,1.);
#2337 = DIRECTION('',(-1.,1.144237745222E-17,0.));
#2338 = ORIENTED_EDGE('',*,*,#2339,.F.);
#2339 = EDGE_CURVE('',#2323,#2332,#2340,.T.);
#2340 = LINE('',#2341,#2342);
#2341 = CARTESIAN_POINT('',(-2.4,-0.455,0.525));
#2342 = VECTOR('',#2343,1.);
#2343 = DIRECTION('',(1.144237745222E-17,1.,0.));
#2344 = PLANE('',#2345);
#2345 = AXIS2_PLACEMENT_3D('',#2346,#2347,#2348);
#2346 = CARTESIAN_POINT('',(-2.1,-0.455,0.525));
#2347 = DIRECTION('',(0.,0.,1.));
#2348 = DIRECTION('',(-1.,1.144237745222E-17,0.));
#2349 = ADVANCED_FACE('',(#2350),#2375,.T.);
#2350 = FACE_BOUND('',#2351,.T.);
#2351 = EDGE_LOOP('',(#2352,#2360,#2361,#2369));
#2352 = ORIENTED_EDGE('',*,*,#2353,.T.);
#2353 = EDGE_CURVE('',#2354,#1890,#2356,.T.);
#2354 = VERTEX_POINT('',#2355);
#2355 = CARTESIAN_POINT('',(-2.2,-0.455,0.675));
#2356 = LINE('',#2357,#2358);
#2357 = CARTESIAN_POINT('',(-2.2,-0.455,0.496427282854));
#2358 = VECTOR('',#2359,1.);
#2359 = DIRECTION('',(0.,0.,-1.));
#2360 = ORIENTED_EDGE('',*,*,#1889,.T.);
#2361 = ORIENTED_EDGE('',*,*,#2362,.F.);
#2362 = EDGE_CURVE('',#2363,#1882,#2365,.T.);
#2363 = VERTEX_POINT('',#2364);
#2364 = CARTESIAN_POINT('',(-2.2,-0.845,0.675));
#2365 = LINE('',#2366,#2367);
#2366 = CARTESIAN_POINT('',(-2.2,-0.845,0.496427282854));
#2367 = VECTOR('',#2368,1.);
#2368 = DIRECTION('',(0.,0.,-1.));
#2369 = ORIENTED_EDGE('',*,*,#2370,.F.);
#2370 = EDGE_CURVE('',#2354,#2363,#2371,.T.);
#2371 = LINE('',#2372,#2373);
#2372 = CARTESIAN_POINT('',(-2.2,2.5,0.675));
#2373 = VECTOR('',#2374,1.);
#2374 = DIRECTION('',(1.110223024625E-16,-1.,0.));
#2375 = PLANE('',#2376);
#2376 = AXIS2_PLACEMENT_3D('',#2377,#2378,#2379);
#2377 = CARTESIAN_POINT('',(-2.2,2.5,0.675));
#2378 = DIRECTION('',(-1.,-1.110223024625E-16,0.));
#2379 = DIRECTION('',(1.110223024625E-16,-1.,0.));
#2380 = ADVANCED_FACE('',(#2381),#2406,.F.);
#2381 = FACE_BOUND('',#2382,.F.);
#2382 = EDGE_LOOP('',(#2383,#2391,#2392,#2400));
#2383 = ORIENTED_EDGE('',*,*,#2384,.F.);
#2384 = EDGE_CURVE('',#1874,#2385,#2387,.T.);
#2385 = VERTEX_POINT('',#2386);
#2386 = CARTESIAN_POINT('',(-2.4,-1.105,0.525));
#2387 = LINE('',#2388,#2389);
#2388 = CARTESIAN_POINT('',(-2.1,-1.105,0.525));
#2389 = VECTOR('',#2390,1.);
#2390 = DIRECTION('',(-1.,1.144237745222E-17,0.));
#2391 = ORIENTED_EDGE('',*,*,#1881,.F.);
#2392 = ORIENTED_EDGE('',*,*,#2393,.T.);
#2393 = EDGE_CURVE('',#1882,#2394,#2396,.T.);
#2394 = VERTEX_POINT('',#2395);
#2395 = CARTESIAN_POINT('',(-2.4,-0.845,0.525));
#2396 = LINE('',#2397,#2398);
#2397 = CARTESIAN_POINT('',(-2.1,-0.845,0.525));
#2398 = VECTOR('',#2399,1.);
#2399 = DIRECTION('',(-1.,1.144237745222E-17,0.));
#2400 = ORIENTED_EDGE('',*,*,#2401,.F.);
#2401 = EDGE_CURVE('',#2385,#2394,#2402,.T.);
#2402 = LINE('',#2403,#2404);
#2403 = CARTESIAN_POINT('',(-2.4,-1.105,0.525));
#2404 = VECTOR('',#2405,1.);
#2405 = DIRECTION('',(1.144237745222E-17,1.,0.));
#2406 = PLANE('',#2407);
#2407 = AXIS2_PLACEMENT_3D('',#2408,#2409,#2410);
#2408 = CARTESIAN_POINT('',(-2.1,-1.105,0.525));
#2409 = DIRECTION('',(0.,0.,1.));
#2410 = DIRECTION('',(-1.,1.144237745222E-17,0.));
#2411 = ADVANCED_FACE('',(#2412),#2437,.T.);
#2412 = FACE_BOUND('',#2413,.T.);
#2413 = EDGE_LOOP('',(#2414,#2422,#2423,#2431));
#2414 = ORIENTED_EDGE('',*,*,#2415,.T.);
#2415 = EDGE_CURVE('',#2416,#1874,#2418,.T.);
#2416 = VERTEX_POINT('',#2417);
#2417 = CARTESIAN_POINT('',(-2.2,-1.105,0.675));
#2418 = LINE('',#2419,#2420);
#2419 = CARTESIAN_POINT('',(-2.2,-1.105,0.496427282854));
#2420 = VECTOR('',#2421,1.);
#2421 = DIRECTION('',(0.,0.,-1.));
#2422 = ORIENTED_EDGE('',*,*,#1873,.T.);
#2423 = ORIENTED_EDGE('',*,*,#2424,.F.);
#2424 = EDGE_CURVE('',#2425,#1866,#2427,.T.);
#2425 = VERTEX_POINT('',#2426);
#2426 = CARTESIAN_POINT('',(-2.2,-1.495,0.675));
#2427 = LINE('',#2428,#2429);
#2428 = CARTESIAN_POINT('',(-2.2,-1.495,0.496427282854));
#2429 = VECTOR('',#2430,1.);
#2430 = DIRECTION('',(0.,0.,-1.));
#2431 = ORIENTED_EDGE('',*,*,#2432,.F.);
#2432 = EDGE_CURVE('',#2416,#2425,#2433,.T.);
#2433 = LINE('',#2434,#2435);
#2434 = CARTESIAN_POINT('',(-2.2,2.5,0.675));
#2435 = VECTOR('',#2436,1.);
#2436 = DIRECTION('',(1.110223024625E-16,-1.,0.));
#2437 = PLANE('',#2438);
#2438 = AXIS2_PLACEMENT_3D('',#2439,#2440,#2441);
#2439 = CARTESIAN_POINT('',(-2.2,2.5,0.675));
#2440 = DIRECTION('',(-1.,-1.110223024625E-16,0.));
#2441 = DIRECTION('',(1.110223024625E-16,-1.,0.));
#2442 = ADVANCED_FACE('',(#2443),#2468,.F.);
#2443 = FACE_BOUND('',#2444,.F.);
#2444 = EDGE_LOOP('',(#2445,#2453,#2454,#2462));
#2445 = ORIENTED_EDGE('',*,*,#2446,.F.);
#2446 = EDGE_CURVE('',#1858,#2447,#2449,.T.);
#2447 = VERTEX_POINT('',#2448);
#2448 = CARTESIAN_POINT('',(-2.4,-1.755,0.525));
#2449 = LINE('',#2450,#2451);
#2450 = CARTESIAN_POINT('',(-2.1,-1.755,0.525));
#2451 = VECTOR('',#2452,1.);
#2452 = DIRECTION('',(-1.,1.144237745222E-17,0.));
#2453 = ORIENTED_EDGE('',*,*,#1865,.F.);
#2454 = ORIENTED_EDGE('',*,*,#2455,.T.);
#2455 = EDGE_CURVE('',#1866,#2456,#2458,.T.);
#2456 = VERTEX_POINT('',#2457);
#2457 = CARTESIAN_POINT('',(-2.4,-1.495,0.525));
#2458 = LINE('',#2459,#2460);
#2459 = CARTESIAN_POINT('',(-2.1,-1.495,0.525));
#2460 = VECTOR('',#2461,1.);
#2461 = DIRECTION('',(-1.,1.144237745222E-17,0.));
#2462 = ORIENTED_EDGE('',*,*,#2463,.F.);
#2463 = EDGE_CURVE('',#2447,#2456,#2464,.T.);
#2464 = LINE('',#2465,#2466);
#2465 = CARTESIAN_POINT('',(-2.4,-1.755,0.525));
#2466 = VECTOR('',#2467,1.);
#2467 = DIRECTION('',(1.144237745222E-17,1.,0.));
#2468 = PLANE('',#2469);
#2469 = AXIS2_PLACEMENT_3D('',#2470,#2471,#2472);
#2470 = CARTESIAN_POINT('',(-2.1,-1.755,0.525));
#2471 = DIRECTION('',(0.,0.,1.));
#2472 = DIRECTION('',(-1.,1.144237745222E-17,0.));
#2473 = ADVANCED_FACE('',(#2474),#2499,.T.);
#2474 = FACE_BOUND('',#2475,.T.);
#2475 = EDGE_LOOP('',(#2476,#2484,#2485,#2493));
#2476 = ORIENTED_EDGE('',*,*,#2477,.T.);
#2477 = EDGE_CURVE('',#2478,#1858,#2480,.T.);
#2478 = VERTEX_POINT('',#2479);
#2479 = CARTESIAN_POINT('',(-2.2,-1.755,0.675));
#2480 = LINE('',#2481,#2482);
#2481 = CARTESIAN_POINT('',(-2.2,-1.755,0.496427282854));
#2482 = VECTOR('',#2483,1.);
#2483 = DIRECTION('',(0.,0.,-1.));
#2484 = ORIENTED_EDGE('',*,*,#1857,.T.);
#2485 = ORIENTED_EDGE('',*,*,#2486,.F.);
#2486 = EDGE_CURVE('',#2487,#1850,#2489,.T.);
#2487 = VERTEX_POINT('',#2488);
#2488 = CARTESIAN_POINT('',(-2.2,-2.145,0.675));
#2489 = LINE('',#2490,#2491);
#2490 = CARTESIAN_POINT('',(-2.2,-2.145,0.496427282854));
#2491 = VECTOR('',#2492,1.);
#2492 = DIRECTION('',(0.,0.,-1.));
#2493 = ORIENTED_EDGE('',*,*,#2494,.F.);
#2494 = EDGE_CURVE('',#2478,#2487,#2495,.T.);
#2495 = LINE('',#2496,#2497);
#2496 = CARTESIAN_POINT('',(-2.2,2.5,0.675));
#2497 = VECTOR('',#2498,1.);
#2498 = DIRECTION('',(1.110223024625E-16,-1.,0.));
#2499 = PLANE('',#2500);
#2500 = AXIS2_PLACEMENT_3D('',#2501,#2502,#2503);
#2501 = CARTESIAN_POINT('',(-2.2,2.5,0.675));
#2502 = DIRECTION('',(-1.,-1.110223024625E-16,0.));
#2503 = DIRECTION('',(1.110223024625E-16,-1.,0.));
#2504 = ADVANCED_FACE('',(#2505),#2530,.F.);
#2505 = FACE_BOUND('',#2506,.F.);
#2506 = EDGE_LOOP('',(#2507,#2515,#2516,#2524));
#2507 = ORIENTED_EDGE('',*,*,#2508,.F.);
#2508 = EDGE_CURVE('',#1842,#2509,#2511,.T.);
#2509 = VERTEX_POINT('',#2510);
#2510 = CARTESIAN_POINT('',(-2.4,-2.405,0.525));
#2511 = LINE('',#2512,#2513);
#2512 = CARTESIAN_POINT('',(-2.1,-2.405,0.525));
#2513 = VECTOR('',#2514,1.);
#2514 = DIRECTION('',(-1.,1.144237745222E-17,0.));
#2515 = ORIENTED_EDGE('',*,*,#1849,.F.);
#2516 = ORIENTED_EDGE('',*,*,#2517,.T.);
#2517 = EDGE_CURVE('',#1850,#2518,#2520,.T.);
#2518 = VERTEX_POINT('',#2519);
#2519 = CARTESIAN_POINT('',(-2.4,-2.145,0.525));
#2520 = LINE('',#2521,#2522);
#2521 = CARTESIAN_POINT('',(-2.1,-2.145,0.525));
#2522 = VECTOR('',#2523,1.);
#2523 = DIRECTION('',(-1.,1.144237745222E-17,0.));
#2524 = ORIENTED_EDGE('',*,*,#2525,.F.);
#2525 = EDGE_CURVE('',#2509,#2518,#2526,.T.);
#2526 = LINE('',#2527,#2528);
#2527 = CARTESIAN_POINT('',(-2.4,-2.405,0.525));
#2528 = VECTOR('',#2529,1.);
#2529 = DIRECTION('',(1.144237745222E-17,1.,0.));
#2530 = PLANE('',#2531);
#2531 = AXIS2_PLACEMENT_3D('',#2532,#2533,#2534);
#2532 = CARTESIAN_POINT('',(-2.1,-2.405,0.525));
#2533 = DIRECTION('',(0.,0.,1.));
#2534 = DIRECTION('',(-1.,1.144237745222E-17,0.));
#2535 = ADVANCED_FACE('',(#2536),#2560,.T.);
#2536 = FACE_BOUND('',#2537,.T.);
#2537 = EDGE_LOOP('',(#2538,#2546,#2547,#2554));
#2538 = ORIENTED_EDGE('',*,*,#2539,.T.);
#2539 = EDGE_CURVE('',#2540,#1842,#2542,.T.);
#2540 = VERTEX_POINT('',#2541);
#2541 = CARTESIAN_POINT('',(-2.2,-2.405,0.675));
#2542 = LINE('',#2543,#2544);
#2543 = CARTESIAN_POINT('',(-2.2,-2.405,0.496427282854));
#2544 = VECTOR('',#2545,1.);
#2545 = DIRECTION('',(0.,0.,-1.));
#2546 = ORIENTED_EDGE('',*,*,#1841,.T.);
#2547 = ORIENTED_EDGE('',*,*,#2548,.T.);
#2548 = EDGE_CURVE('',#1835,#2549,#2551,.T.);
#2549 = VERTEX_POINT('',#2550);
#2550 = CARTESIAN_POINT('',(-2.2,-2.5,0.675));
#2551 = B_SPLINE_CURVE_WITH_KNOTS('',1,(#2552,#2553),.UNSPECIFIED.,.F.,
  .F.,(2,2),(0.,1.),.PIECEWISE_BEZIER_KNOTS.);
#2552 = CARTESIAN_POINT('',(-2.2,-2.5,0.525));
#2553 = CARTESIAN_POINT('',(-2.2,-2.5,0.675));
#2554 = ORIENTED_EDGE('',*,*,#2555,.F.);
#2555 = EDGE_CURVE('',#2540,#2549,#2556,.T.);
#2556 = LINE('',#2557,#2558);
#2557 = CARTESIAN_POINT('',(-2.2,2.5,0.675));
#2558 = VECTOR('',#2559,1.);
#2559 = DIRECTION('',(1.110223024625E-16,-1.,0.));
#2560 = PLANE('',#2561);
#2561 = AXIS2_PLACEMENT_3D('',#2562,#2563,#2564);
#2562 = CARTESIAN_POINT('',(-2.2,2.5,0.675));
#2563 = DIRECTION('',(-1.,-1.110223024625E-16,0.));
#2564 = DIRECTION('',(1.110223024625E-16,-1.,0.));
#2565 = ADVANCED_FACE('',(#2566),#2583,.T.);
#2566 = FACE_BOUND('',#2567,.T.);
#2567 = EDGE_LOOP('',(#2568,#2569,#2570,#2578));
#2568 = ORIENTED_EDGE('',*,*,#2007,.T.);
#2569 = ORIENTED_EDGE('',*,*,#1977,.T.);
#2570 = ORIENTED_EDGE('',*,*,#2571,.F.);
#2571 = EDGE_CURVE('',#2572,#1970,#2574,.T.);
#2572 = VERTEX_POINT('',#2573);
#2573 = CARTESIAN_POINT('',(2.2,2.5,0.525));
#2574 = LINE('',#2575,#2576);
#2575 = CARTESIAN_POINT('',(2.2,2.5,0.525));
#2576 = VECTOR('',#2577,1.);
#2577 = DIRECTION('',(-1.,-1.110223024625E-16,0.));
#2578 = ORIENTED_EDGE('',*,*,#2579,.F.);
#2579 = EDGE_CURVE('',#2000,#2572,#2580,.T.);
#2580 = B_SPLINE_CURVE_WITH_KNOTS('',1,(#2581,#2582),.UNSPECIFIED.,.F.,
  .F.,(2,2),(0.,1.),.PIECEWISE_BEZIER_KNOTS.);
#2581 = CARTESIAN_POINT('',(2.125061033199,2.425061033199,0.1));
#2582 = CARTESIAN_POINT('',(2.2,2.5,0.525));
#2583 = B_SPLINE_SURFACE_WITH_KNOTS('',1,1,(
    (#2584,#2585)
    ,(#2586,#2587
    )),.UNSPECIFIED.,.F.,.F.,.F.,(2,2),(2,2),(0.,4.4),(0.,1.),
  .PIECEWISE_BEZIER_KNOTS.);
#2584 = CARTESIAN_POINT('',(2.125061033199,2.425061033199,0.1));
#2585 = CARTESIAN_POINT('',(2.2,2.5,0.525));
#2586 = CARTESIAN_POINT('',(-2.125061033199,2.425061033199,0.1));
#2587 = CARTESIAN_POINT('',(-2.2,2.5,0.525));
#2588 = ADVANCED_FACE('',(#2589),#2728,.T.);
#2589 = FACE_BOUND('',#2590,.T.);
#2590 = EDGE_LOOP('',(#2591,#2592,#2593,#2601,#2609,#2617,#2625,#2633,
    #2641,#2649,#2657,#2665,#2673,#2681,#2689,#2697,#2705,#2713,#2721,
    #2727));
#2591 = ORIENTED_EDGE('',*,*,#1999,.T.);
#2592 = ORIENTED_EDGE('',*,*,#2579,.T.);
#2593 = ORIENTED_EDGE('',*,*,#2594,.F.);
#2594 = EDGE_CURVE('',#2595,#2572,#2597,.T.);
#2595 = VERTEX_POINT('',#2596);
#2596 = CARTESIAN_POINT('',(2.2,2.405,0.525));
#2597 = LINE('',#2598,#2599);
#2598 = CARTESIAN_POINT('',(2.2,-2.5,0.525));
#2599 = VECTOR('',#2600,1.);
#2600 = DIRECTION('',(-1.110223024625E-16,1.,0.));
#2601 = ORIENTED_EDGE('',*,*,#2602,.F.);
#2602 = EDGE_CURVE('',#2603,#2595,#2605,.T.);
#2603 = VERTEX_POINT('',#2604);
#2604 = CARTESIAN_POINT('',(2.2,2.145,0.525));
#2605 = LINE('',#2606,#2607);
#2606 = CARTESIAN_POINT('',(2.2,-2.5,0.525));
#2607 = VECTOR('',#2608,1.);
#2608 = DIRECTION('',(-1.110223024625E-16,1.,0.));
#2609 = ORIENTED_EDGE('',*,*,#2610,.F.);
#2610 = EDGE_CURVE('',#2611,#2603,#2613,.T.);
#2611 = VERTEX_POINT('',#2612);
#2612 = CARTESIAN_POINT('',(2.2,1.755,0.525));
#2613 = LINE('',#2614,#2615);
#2614 = CARTESIAN_POINT('',(2.2,-2.5,0.525));
#2615 = VECTOR('',#2616,1.);
#2616 = DIRECTION('',(-1.110223024625E-16,1.,0.));
#2617 = ORIENTED_EDGE('',*,*,#2618,.F.);
#2618 = EDGE_CURVE('',#2619,#2611,#2621,.T.);
#2619 = VERTEX_POINT('',#2620);
#2620 = CARTESIAN_POINT('',(2.2,1.495,0.525));
#2621 = LINE('',#2622,#2623);
#2622 = CARTESIAN_POINT('',(2.2,-2.5,0.525));
#2623 = VECTOR('',#2624,1.);
#2624 = DIRECTION('',(-1.110223024625E-16,1.,0.));
#2625 = ORIENTED_EDGE('',*,*,#2626,.F.);
#2626 = EDGE_CURVE('',#2627,#2619,#2629,.T.);
#2627 = VERTEX_POINT('',#2628);
#2628 = CARTESIAN_POINT('',(2.2,1.105,0.525));
#2629 = LINE('',#2630,#2631);
#2630 = CARTESIAN_POINT('',(2.2,-2.5,0.525));
#2631 = VECTOR('',#2632,1.);
#2632 = DIRECTION('',(-1.110223024625E-16,1.,0.));
#2633 = ORIENTED_EDGE('',*,*,#2634,.F.);
#2634 = EDGE_CURVE('',#2635,#2627,#2637,.T.);
#2635 = VERTEX_POINT('',#2636);
#2636 = CARTESIAN_POINT('',(2.2,0.845,0.525));
#2637 = LINE('',#2638,#2639);
#2638 = CARTESIAN_POINT('',(2.2,-2.5,0.525));
#2639 = VECTOR('',#2640,1.);
#2640 = DIRECTION('',(-1.110223024625E-16,1.,0.));
#2641 = ORIENTED_EDGE('',*,*,#2642,.F.);
#2642 = EDGE_CURVE('',#2643,#2635,#2645,.T.);
#2643 = VERTEX_POINT('',#2644);
#2644 = CARTESIAN_POINT('',(2.2,0.455,0.525));
#2645 = LINE('',#2646,#2647);
#2646 = CARTESIAN_POINT('',(2.2,-2.5,0.525));
#2647 = VECTOR('',#2648,1.);
#2648 = DIRECTION('',(-1.110223024625E-16,1.,0.));
#2649 = ORIENTED_EDGE('',*,*,#2650,.F.);
#2650 = EDGE_CURVE('',#2651,#2643,#2653,.T.);
#2651 = VERTEX_POINT('',#2652);
#2652 = CARTESIAN_POINT('',(2.2,0.195,0.525));
#2653 = LINE('',#2654,#2655);
#2654 = CARTESIAN_POINT('',(2.2,-2.5,0.525));
#2655 = VECTOR('',#2656,1.);
#2656 = DIRECTION('',(-1.110223024625E-16,1.,0.));
#2657 = ORIENTED_EDGE('',*,*,#2658,.F.);
#2658 = EDGE_CURVE('',#2659,#2651,#2661,.T.);
#2659 = VERTEX_POINT('',#2660);
#2660 = CARTESIAN_POINT('',(2.2,-0.195,0.525));
#2661 = LINE('',#2662,#2663);
#2662 = CARTESIAN_POINT('',(2.2,-2.5,0.525));
#2663 = VECTOR('',#2664,1.);
#2664 = DIRECTION('',(-1.110223024625E-16,1.,0.));
#2665 = ORIENTED_EDGE('',*,*,#2666,.F.);
#2666 = EDGE_CURVE('',#2667,#2659,#2669,.T.);
#2667 = VERTEX_POINT('',#2668);
#2668 = CARTESIAN_POINT('',(2.2,-0.455,0.525));
#2669 = LINE('',#2670,#2671);
#2670 = CARTESIAN_POINT('',(2.2,-2.5,0.525));
#2671 = VECTOR('',#2672,1.);
#2672 = DIRECTION('',(-1.110223024625E-16,1.,0.));
#2673 = ORIENTED_EDGE('',*,*,#2674,.F.);
#2674 = EDGE_CURVE('',#2675,#2667,#2677,.T.);
#2675 = VERTEX_POINT('',#2676);
#2676 = CARTESIAN_POINT('',(2.2,-0.845,0.525));
#2677 = LINE('',#2678,#2679);
#2678 = CARTESIAN_POINT('',(2.2,-2.5,0.525));
#2679 = VECTOR('',#2680,1.);
#2680 = DIRECTION('',(-1.110223024625E-16,1.,0.));
#2681 = ORIENTED_EDGE('',*,*,#2682,.F.);
#2682 = EDGE_CURVE('',#2683,#2675,#2685,.T.);
#2683 = VERTEX_POINT('',#2684);
#2684 = CARTESIAN_POINT('',(2.2,-1.105,0.525));
#2685 = LINE('',#2686,#2687);
#2686 = CARTESIAN_POINT('',(2.2,-2.5,0.525));
#2687 = VECTOR('',#2688,1.);
#2688 = DIRECTION('',(-1.110223024625E-16,1.,0.));
#2689 = ORIENTED_EDGE('',*,*,#2690,.F.);
#2690 = EDGE_CURVE('',#2691,#2683,#2693,.T.);
#2691 = VERTEX_POINT('',#2692);
#2692 = CARTESIAN_POINT('',(2.2,-1.495,0.525));
#2693 = LINE('',#2694,#2695);
#2694 = CARTESIAN_POINT('',(2.2,-2.5,0.525));
#2695 = VECTOR('',#2696,1.);
#2696 = DIRECTION('',(-1.110223024625E-16,1.,0.));
#2697 = ORIENTED_EDGE('',*,*,#2698,.F.);
#2698 = EDGE_CURVE('',#2699,#2691,#2701,.T.);
#2699 = VERTEX_POINT('',#2700);
#2700 = CARTESIAN_POINT('',(2.2,-1.755,0.525));
#2701 = LINE('',#2702,#2703);
#2702 = CARTESIAN_POINT('',(2.2,-2.5,0.525));
#2703 = VECTOR('',#2704,1.);
#2704 = DIRECTION('',(-1.110223024625E-16,1.,0.));
#2705 = ORIENTED_EDGE('',*,*,#2706,.F.);
#2706 = EDGE_CURVE('',#2707,#2699,#2709,.T.);
#2707 = VERTEX_POINT('',#2708);
#2708 = CARTESIAN_POINT('',(2.2,-2.145,0.525));
#2709 = LINE('',#2710,#2711);
#2710 = CARTESIAN_POINT('',(2.2,-2.5,0.525));
#2711 = VECTOR('',#2712,1.);
#2712 = DIRECTION('',(-1.110223024625E-16,1.,0.));
#2713 = ORIENTED_EDGE('',*,*,#2714,.F.);
#2714 = EDGE_CURVE('',#2715,#2707,#2717,.T.);
#2715 = VERTEX_POINT('',#2716);
#2716 = CARTESIAN_POINT('',(2.2,-2.405,0.525));
#2717 = LINE('',#2718,#2719);
#2718 = CARTESIAN_POINT('',(2.2,-2.5,0.525));
#2719 = VECTOR('',#2720,1.);
#2720 = DIRECTION('',(-1.110223024625E-16,1.,0.));
#2721 = ORIENTED_EDGE('',*,*,#2722,.F.);
#2722 = EDGE_CURVE('',#2023,#2715,#2723,.T.);
#2723 = LINE('',#2724,#2725);
#2724 = CARTESIAN_POINT('',(2.2,-2.5,0.525));
#2725 = VECTOR('',#2726,1.);
#2726 = DIRECTION('',(-1.110223024625E-16,1.,0.));
#2727 = ORIENTED_EDGE('',*,*,#2022,.F.);
#2728 = B_SPLINE_SURFACE_WITH_KNOTS('',1,1,(
    (#2729,#2730)
    ,(#2731,#2732
    )),.UNSPECIFIED.,.F.,.F.,.F.,(2,2),(2,2),(0.,5.),(0.,1.),
  .PIECEWISE_BEZIER_KNOTS.);
#2729 = CARTESIAN_POINT('',(2.125061033199,-2.425061033199,0.1));
#2730 = CARTESIAN_POINT('',(2.2,-2.5,0.525));
#2731 = CARTESIAN_POINT('',(2.125061033199,2.425061033199,0.1));
#2732 = CARTESIAN_POINT('',(2.2,2.5,0.525));
#2733 = ADVANCED_FACE('',(#2734),#2751,.T.);
#2734 = FACE_BOUND('',#2735,.T.);
#2735 = EDGE_LOOP('',(#2736,#2737,#2744,#2750));
#2736 = ORIENTED_EDGE('',*,*,#2029,.T.);
#2737 = ORIENTED_EDGE('',*,*,#2738,.T.);
#2738 = EDGE_CURVE('',#2023,#2739,#2741,.T.);
#2739 = VERTEX_POINT('',#2740);
#2740 = CARTESIAN_POINT('',(2.2,-2.5,0.675));
#2741 = B_SPLINE_CURVE_WITH_KNOTS('',1,(#2742,#2743),.UNSPECIFIED.,.F.,
  .F.,(2,2),(0.,1.),.PIECEWISE_BEZIER_KNOTS.);
#2742 = CARTESIAN_POINT('',(2.2,-2.5,0.525));
#2743 = CARTESIAN_POINT('',(2.2,-2.5,0.675));
#2744 = ORIENTED_EDGE('',*,*,#2745,.F.);
#2745 = EDGE_CURVE('',#2549,#2739,#2746,.T.);
#2746 = LINE('',#2747,#2748);
#2747 = CARTESIAN_POINT('',(-2.2,-2.5,0.675));
#2748 = VECTOR('',#2749,1.);
#2749 = DIRECTION('',(1.,1.110223024625E-16,0.));
#2750 = ORIENTED_EDGE('',*,*,#2548,.F.);
#2751 = PLANE('',#2752);
#2752 = AXIS2_PLACEMENT_3D('',#2753,#2754,#2755);
#2753 = CARTESIAN_POINT('',(-2.2,-2.5,0.675));
#2754 = DIRECTION('',(1.110223024625E-16,-1.,0.));
#2755 = DIRECTION('',(1.,1.110223024625E-16,0.));
#2756 = ADVANCED_FACE('',(#2757),#2774,.T.);
#2757 = FACE_BOUND('',#2758,.T.);
#2758 = EDGE_LOOP('',(#2759,#2760,#2761,#2769));
#2759 = ORIENTED_EDGE('',*,*,#2571,.T.);
#2760 = ORIENTED_EDGE('',*,*,#2044,.T.);
#2761 = ORIENTED_EDGE('',*,*,#2762,.F.);
#2762 = EDGE_CURVE('',#2763,#2045,#2765,.T.);
#2763 = VERTEX_POINT('',#2764);
#2764 = CARTESIAN_POINT('',(2.2,2.5,0.675));
#2765 = LINE('',#2766,#2767);
#2766 = CARTESIAN_POINT('',(2.2,2.5,0.675));
#2767 = VECTOR('',#2768,1.);
#2768 = DIRECTION('',(-1.,-1.110223024625E-16,0.));
#2769 = ORIENTED_EDGE('',*,*,#2770,.F.);
#2770 = EDGE_CURVE('',#2572,#2763,#2771,.T.);
#2771 = B_SPLINE_CURVE_WITH_KNOTS('',1,(#2772,#2773),.UNSPECIFIED.,.F.,
  .F.,(2,2),(0.,1.),.PIECEWISE_BEZIER_KNOTS.);
#2772 = CARTESIAN_POINT('',(2.2,2.5,0.525));
#2773 = CARTESIAN_POINT('',(2.2,2.5,0.675));
#2774 = PLANE('',#2775);
#2775 = AXIS2_PLACEMENT_3D('',#2776,#2777,#2778);
#2776 = CARTESIAN_POINT('',(2.2,2.5,0.675));
#2777 = DIRECTION('',(-1.110223024625E-16,1.,0.));
#2778 = DIRECTION('',(-1.,-1.110223024625E-16,0.));
#2779 = ADVANCED_FACE('',(#2780),#2830,.T.);
#2780 = FACE_BOUND('',#2781,.T.);
#2781 = EDGE_LOOP('',(#2782,#2783,#2784,#2792,#2800,#2808,#2816,#2824));
#2782 = ORIENTED_EDGE('',*,*,#2762,.T.);
#2783 = ORIENTED_EDGE('',*,*,#2060,.T.);
#2784 = ORIENTED_EDGE('',*,*,#2785,.T.);
#2785 = EDGE_CURVE('',#2053,#2786,#2788,.T.);
#2786 = VERTEX_POINT('',#2787);
#2787 = CARTESIAN_POINT('',(-2.15,2.405,0.675));
#2788 = LINE('',#2789,#2790);
#2789 = CARTESIAN_POINT('',(-2.4,2.405,0.675));
#2790 = VECTOR('',#2791,1.);
#2791 = DIRECTION('',(1.,-1.144237745222E-17,0.));
#2792 = ORIENTED_EDGE('',*,*,#2793,.F.);
#2793 = EDGE_CURVE('',#2794,#2786,#2796,.T.);
#2794 = VERTEX_POINT('',#2795);
#2795 = CARTESIAN_POINT('',(-2.15,2.45,0.675));
#2796 = LINE('',#2797,#2798);
#2797 = CARTESIAN_POINT('',(-2.15,2.45,0.675));
#2798 = VECTOR('',#2799,1.);
#2799 = DIRECTION('',(1.110223024625E-16,-1.,0.));
#2800 = ORIENTED_EDGE('',*,*,#2801,.F.);
#2801 = EDGE_CURVE('',#2802,#2794,#2804,.T.);
#2802 = VERTEX_POINT('',#2803);
#2803 = CARTESIAN_POINT('',(2.15,2.45,0.675));
#2804 = LINE('',#2805,#2806);
#2805 = CARTESIAN_POINT('',(2.15,2.45,0.675));
#2806 = VECTOR('',#2807,1.);
#2807 = DIRECTION('',(-1.,-1.110223024625E-16,0.));
#2808 = ORIENTED_EDGE('',*,*,#2809,.F.);
#2809 = EDGE_CURVE('',#2810,#2802,#2812,.T.);
#2810 = VERTEX_POINT('',#2811);
#2811 = CARTESIAN_POINT('',(2.15,2.405,0.675));
#2812 = LINE('',#2813,#2814);
#2813 = CARTESIAN_POINT('',(2.15,-2.45,0.675));
#2814 = VECTOR('',#2815,1.);
#2815 = DIRECTION('',(-1.110223024625E-16,1.,0.));
#2816 = ORIENTED_EDGE('',*,*,#2817,.F.);
#2817 = EDGE_CURVE('',#2818,#2810,#2820,.T.);
#2818 = VERTEX_POINT('',#2819);
#2819 = CARTESIAN_POINT('',(2.2,2.405,0.675));
#2820 = LINE('',#2821,#2822);
#2821 = CARTESIAN_POINT('',(2.4,2.405,0.675));
#2822 = VECTOR('',#2823,1.);
#2823 = DIRECTION('',(-1.,-1.110223024625E-16,0.));
#2824 = ORIENTED_EDGE('',*,*,#2825,.T.);
#2825 = EDGE_CURVE('',#2818,#2763,#2826,.T.);
#2826 = LINE('',#2827,#2828);
#2827 = CARTESIAN_POINT('',(2.2,-2.5,0.675));
#2828 = VECTOR('',#2829,1.);
#2829 = DIRECTION('',(-1.110223024625E-16,1.,0.));
#2830 = PLANE('',#2831);
#2831 = AXIS2_PLACEMENT_3D('',#2832,#2833,#2834);
#2832 = CARTESIAN_POINT('',(-2.175,-2.561541428923E-16,0.675));
#2833 = DIRECTION('',(2.761013168274E-27,-5.587354617935E-32,1.));
#2834 = DIRECTION('',(1.108818684461E-16,-1.,-5.587354617966E-32));
#2835 = ADVANCED_FACE('',(#2836),#2922,.T.);
#2836 = FACE_BOUND('',#2837,.T.);
#2837 = EDGE_LOOP('',(#2838,#2839,#2840,#2849,#2857,#2866,#2874,#2882,
    #2890,#2899,#2907,#2916));
#2838 = ORIENTED_EDGE('',*,*,#2052,.T.);
#2839 = ORIENTED_EDGE('',*,*,#2083,.T.);
#2840 = ORIENTED_EDGE('',*,*,#2841,.T.);
#2841 = EDGE_CURVE('',#2084,#2842,#2844,.T.);
#2842 = VERTEX_POINT('',#2843);
#2843 = CARTESIAN_POINT('',(-2.498480775301,2.405,0.442364817767));
#2844 = CIRCLE('',#2845,0.1);
#2845 = AXIS2_PLACEMENT_3D('',#2846,#2847,#2848);
#2846 = CARTESIAN_POINT('',(-2.4,2.405,0.425));
#2847 = DIRECTION('',(-1.144237745222E-17,-1.,4.379057701015E-47));
#2848 = DIRECTION('',(-4.440892098501E-15,5.081436361563E-32,1.));
#2849 = ORIENTED_EDGE('',*,*,#2850,.T.);
#2850 = EDGE_CURVE('',#2842,#2851,#2853,.T.);
#2851 = VERTEX_POINT('',#2852);
#2852 = CARTESIAN_POINT('',(-2.534655283371,2.405,0.206587955583));
#2853 = LINE('',#2854,#2855);
#2854 = CARTESIAN_POINT('',(-2.498480775301,2.405,0.442364817767));
#2855 = VECTOR('',#2856,1.);
#2856 = DIRECTION('',(-0.151652327974,1.735263178185E-18,-0.988433898356
    ));
#2857 = ORIENTED_EDGE('',*,*,#2858,.T.);
#2858 = EDGE_CURVE('',#2851,#2859,#2861,.T.);
#2859 = VERTEX_POINT('',#2860);
#2860 = CARTESIAN_POINT('',(-2.780857221624,2.405,-1.665334536938E-16));
#2861 = CIRCLE('',#2862,0.25);
#2862 = AXIS2_PLACEMENT_3D('',#2863,#2864,#2865);
#2863 = CARTESIAN_POINT('',(-2.780857221624,2.405,0.25));
#2864 = DIRECTION('',(1.144237745222E-17,1.,7.703719777549E-34));
#2865 = DIRECTION('',(0.984807753012,-1.126854202784E-17,-0.173648177667
    ));
#2866 = ORIENTED_EDGE('',*,*,#2867,.T.);
#2867 = EDGE_CURVE('',#2859,#2868,#2870,.T.);
#2868 = VERTEX_POINT('',#2869);
#2869 = CARTESIAN_POINT('',(-3.2,2.405,-1.665334536938E-16));
#2870 = LINE('',#2871,#2872);
#2871 = CARTESIAN_POINT('',(-2.780857221624,2.405,-1.665334536938E-16));
#2872 = VECTOR('',#2873,1.);
#2873 = DIRECTION('',(-1.,1.144237745222E-17,0.));
#2874 = ORIENTED_EDGE('',*,*,#2875,.T.);
#2875 = EDGE_CURVE('',#2868,#2876,#2878,.T.);
#2876 = VERTEX_POINT('',#2877);
#2877 = CARTESIAN_POINT('',(-3.2,2.405,0.15));
#2878 = LINE('',#2879,#2880);
#2879 = CARTESIAN_POINT('',(-3.2,2.405,-1.665334536938E-16));
#2880 = VECTOR('',#2881,1.);
#2881 = DIRECTION('',(0.,0.,1.));
#2882 = ORIENTED_EDGE('',*,*,#2883,.T.);
#2883 = EDGE_CURVE('',#2876,#2884,#2886,.T.);
#2884 = VERTEX_POINT('',#2885);
#2885 = CARTESIAN_POINT('',(-2.780857221624,2.405,0.15));
#2886 = LINE('',#2887,#2888);
#2887 = CARTESIAN_POINT('',(-3.2,2.405,0.15));
#2888 = VECTOR('',#2889,1.);
#2889 = DIRECTION('',(1.,-1.144237745222E-17,0.));
#2890 = ORIENTED_EDGE('',*,*,#2891,.T.);
#2891 = EDGE_CURVE('',#2884,#2892,#2894,.T.);
#2892 = VERTEX_POINT('',#2893);
#2893 = CARTESIAN_POINT('',(-2.682376446323,2.405,0.232635182233));
#2894 = CIRCLE('',#2895,0.1);
#2895 = AXIS2_PLACEMENT_3D('',#2896,#2897,#2898);
#2896 = CARTESIAN_POINT('',(-2.780857221624,2.405,0.25));
#2897 = DIRECTION('',(-1.144237745222E-17,-1.,-0.));
#2898 = DIRECTION('',(0.,0.,-1.));
#2899 = ORIENTED_EDGE('',*,*,#2900,.T.);
#2900 = EDGE_CURVE('',#2892,#2901,#2903,.T.);
#2901 = VERTEX_POINT('',#2902);
#2902 = CARTESIAN_POINT('',(-2.646201938253,2.405,0.468412044417));
#2903 = LINE('',#2904,#2905);
#2904 = CARTESIAN_POINT('',(-2.682376446323,2.405,0.232635182233));
#2905 = VECTOR('',#2906,1.);
#2906 = DIRECTION('',(0.151652327974,-1.735263178185E-18,0.988433898356)
  );
#2907 = ORIENTED_EDGE('',*,*,#2908,.T.);
#2908 = EDGE_CURVE('',#2901,#2909,#2911,.T.);
#2909 = VERTEX_POINT('',#2910);
#2910 = CARTESIAN_POINT('',(-2.4,2.405,0.675));
#2911 = CIRCLE('',#2912,0.25);
#2912 = AXIS2_PLACEMENT_3D('',#2913,#2914,#2915);
#2913 = CARTESIAN_POINT('',(-2.4,2.405,0.425));
#2914 = DIRECTION('',(1.144237745222E-17,1.,-3.851859888774E-34));
#2915 = DIRECTION('',(-0.984807753012,1.126854202784E-17,0.173648177667)
  );
#2916 = ORIENTED_EDGE('',*,*,#2917,.T.);
#2917 = EDGE_CURVE('',#2909,#2053,#2918,.T.);
#2918 = LINE('',#2919,#2920);
#2919 = CARTESIAN_POINT('',(-2.4,2.405,0.675));
#2920 = VECTOR('',#2921,1.);
#2921 = DIRECTION('',(1.,-1.144237745222E-17,0.));
#2922 = PLANE('',#2923);
#2923 = AXIS2_PLACEMENT_3D('',#2924,#2925,#2926);
#2924 = CARTESIAN_POINT('',(-2.637203454365,2.405,0.317854565708));
#2925 = DIRECTION('',(1.144237745222E-17,1.,0.));
#2926 = DIRECTION('',(0.,-0.,1.));
#2927 = ADVANCED_FACE('',(#2928),#3014,.F.);
#2928 = FACE_BOUND('',#2929,.F.);
#2929 = EDGE_LOOP('',(#2930,#2931,#2932,#2941,#2949,#2958,#2966,#2974,
    #2982,#2991,#2999,#3008));
#2930 = ORIENTED_EDGE('',*,*,#2105,.T.);
#2931 = ORIENTED_EDGE('',*,*,#2074,.T.);
#2932 = ORIENTED_EDGE('',*,*,#2933,.T.);
#2933 = EDGE_CURVE('',#2075,#2934,#2936,.T.);
#2934 = VERTEX_POINT('',#2935);
#2935 = CARTESIAN_POINT('',(-2.498480775301,2.145,0.442364817767));
#2936 = CIRCLE('',#2937,0.1);
#2937 = AXIS2_PLACEMENT_3D('',#2938,#2939,#2940);
#2938 = CARTESIAN_POINT('',(-2.4,2.145,0.425));
#2939 = DIRECTION('',(-1.144237745222E-17,-1.,4.379057701015E-47));
#2940 = DIRECTION('',(-4.440892098501E-15,5.081436361563E-32,1.));
#2941 = ORIENTED_EDGE('',*,*,#2942,.T.);
#2942 = EDGE_CURVE('',#2934,#2943,#2945,.T.);
#2943 = VERTEX_POINT('',#2944);
#2944 = CARTESIAN_POINT('',(-2.534655283371,2.145,0.206587955583));
#2945 = LINE('',#2946,#2947);
#2946 = CARTESIAN_POINT('',(-2.498480775301,2.145,0.442364817767));
#2947 = VECTOR('',#2948,1.);
#2948 = DIRECTION('',(-0.151652327974,1.735263178185E-18,-0.988433898356
    ));
#2949 = ORIENTED_EDGE('',*,*,#2950,.T.);
#2950 = EDGE_CURVE('',#2943,#2951,#2953,.T.);
#2951 = VERTEX_POINT('',#2952);
#2952 = CARTESIAN_POINT('',(-2.780857221624,2.145,-1.665334536938E-16));
#2953 = CIRCLE('',#2954,0.25);
#2954 = AXIS2_PLACEMENT_3D('',#2955,#2956,#2957);
#2955 = CARTESIAN_POINT('',(-2.780857221624,2.145,0.25));
#2956 = DIRECTION('',(1.144237745222E-17,1.,7.703719777549E-34));
#2957 = DIRECTION('',(0.984807753012,-1.126854202784E-17,-0.173648177667
    ));
#2958 = ORIENTED_EDGE('',*,*,#2959,.T.);
#2959 = EDGE_CURVE('',#2951,#2960,#2962,.T.);
#2960 = VERTEX_POINT('',#2961);
#2961 = CARTESIAN_POINT('',(-3.2,2.145,-1.665334536938E-16));
#2962 = LINE('',#2963,#2964);
#2963 = CARTESIAN_POINT('',(-2.780857221624,2.145,-1.665334536938E-16));
#2964 = VECTOR('',#2965,1.);
#2965 = DIRECTION('',(-1.,1.144237745222E-17,0.));
#2966 = ORIENTED_EDGE('',*,*,#2967,.T.);
#2967 = EDGE_CURVE('',#2960,#2968,#2970,.T.);
#2968 = VERTEX_POINT('',#2969);
#2969 = CARTESIAN_POINT('',(-3.2,2.145,0.15));
#2970 = LINE('',#2971,#2972);
#2971 = CARTESIAN_POINT('',(-3.2,2.145,-1.665334536938E-16));
#2972 = VECTOR('',#2973,1.);
#2973 = DIRECTION('',(0.,0.,1.));
#2974 = ORIENTED_EDGE('',*,*,#2975,.T.);
#2975 = EDGE_CURVE('',#2968,#2976,#2978,.T.);
#2976 = VERTEX_POINT('',#2977);
#2977 = CARTESIAN_POINT('',(-2.780857221624,2.145,0.15));
#2978 = LINE('',#2979,#2980);
#2979 = CARTESIAN_POINT('',(-3.2,2.145,0.15));
#2980 = VECTOR('',#2981,1.);
#2981 = DIRECTION('',(1.,-1.144237745222E-17,0.));
#2982 = ORIENTED_EDGE('',*,*,#2983,.T.);
#2983 = EDGE_CURVE('',#2976,#2984,#2986,.T.);
#2984 = VERTEX_POINT('',#2985);
#2985 = CARTESIAN_POINT('',(-2.682376446323,2.145,0.232635182233));
#2986 = CIRCLE('',#2987,0.1);
#2987 = AXIS2_PLACEMENT_3D('',#2988,#2989,#2990);
#2988 = CARTESIAN_POINT('',(-2.780857221624,2.145,0.25));
#2989 = DIRECTION('',(-1.144237745222E-17,-1.,-0.));
#2990 = DIRECTION('',(0.,0.,-1.));
#2991 = ORIENTED_EDGE('',*,*,#2992,.T.);
#2992 = EDGE_CURVE('',#2984,#2993,#2995,.T.);
#2993 = VERTEX_POINT('',#2994);
#2994 = CARTESIAN_POINT('',(-2.646201938253,2.145,0.468412044417));
#2995 = LINE('',#2996,#2997);
#2996 = CARTESIAN_POINT('',(-2.682376446323,2.145,0.232635182233));
#2997 = VECTOR('',#2998,1.);
#2998 = DIRECTION('',(0.151652327974,-1.735263178185E-18,0.988433898356)
  );
#2999 = ORIENTED_EDGE('',*,*,#3000,.T.);
#3000 = EDGE_CURVE('',#2993,#3001,#3003,.T.);
#3001 = VERTEX_POINT('',#3002);
#3002 = CARTESIAN_POINT('',(-2.4,2.145,0.675));
#3003 = CIRCLE('',#3004,0.25);
#3004 = AXIS2_PLACEMENT_3D('',#3005,#3006,#3007);
#3005 = CARTESIAN_POINT('',(-2.4,2.145,0.425));
#3006 = DIRECTION('',(1.144237745222E-17,1.,-3.851859888774E-34));
#3007 = DIRECTION('',(-0.984807753012,1.126854202784E-17,0.173648177667)
  );
#3008 = ORIENTED_EDGE('',*,*,#3009,.T.);
#3009 = EDGE_CURVE('',#3001,#2106,#3010,.T.);
#3010 = LINE('',#3011,#3012);
#3011 = CARTESIAN_POINT('',(-2.4,2.145,0.675));
#3012 = VECTOR('',#3013,1.);
#3013 = DIRECTION('',(1.,-1.144237745222E-17,0.));
#3014 = PLANE('',#3015);
#3015 = AXIS2_PLACEMENT_3D('',#3016,#3017,#3018);
#3016 = CARTESIAN_POINT('',(-2.637203454365,2.145,0.317854565708));
#3017 = DIRECTION('',(1.144237745222E-17,1.,0.));
#3018 = DIRECTION('',(0.,-0.,1.));
#3019 = ADVANCED_FACE('',(#3020),#3031,.F.);
#3020 = FACE_BOUND('',#3021,.F.);
#3021 = EDGE_LOOP('',(#3022,#3023,#3024,#3030));
#3022 = ORIENTED_EDGE('',*,*,#2091,.T.);
#3023 = ORIENTED_EDGE('',*,*,#2841,.T.);
#3024 = ORIENTED_EDGE('',*,*,#3025,.F.);
#3025 = EDGE_CURVE('',#2934,#2842,#3026,.T.);
#3026 = LINE('',#3027,#3028);
#3027 = CARTESIAN_POINT('',(-2.498480775301,2.145,0.442364817767));
#3028 = VECTOR('',#3029,1.);
#3029 = DIRECTION('',(1.144237745222E-17,1.,0.));
#3030 = ORIENTED_EDGE('',*,*,#2933,.F.);
#3031 = CYLINDRICAL_SURFACE('',#3032,0.1);
#3032 = AXIS2_PLACEMENT_3D('',#3033,#3034,#3035);
#3033 = CARTESIAN_POINT('',(-2.4,2.145,0.425));
#3034 = DIRECTION('',(-1.144237745222E-17,-1.,0.));
#3035 = DIRECTION('',(-4.440892098501E-15,5.081436361563E-32,1.));
#3036 = ADVANCED_FACE('',(#3037),#3062,.T.);
#3037 = FACE_BOUND('',#3038,.T.);
#3038 = EDGE_LOOP('',(#3039,#3047,#3048,#3056));
#3039 = ORIENTED_EDGE('',*,*,#3040,.F.);
#3040 = EDGE_CURVE('',#2106,#3041,#3043,.T.);
#3041 = VERTEX_POINT('',#3042);
#3042 = CARTESIAN_POINT('',(-2.15,2.145,0.675));
#3043 = LINE('',#3044,#3045);
#3044 = CARTESIAN_POINT('',(-2.4,2.145,0.675));
#3045 = VECTOR('',#3046,1.);
#3046 = DIRECTION('',(1.,-1.144237745222E-17,0.));
#3047 = ORIENTED_EDGE('',*,*,#2122,.T.);
#3048 = ORIENTED_EDGE('',*,*,#3049,.T.);
#3049 = EDGE_CURVE('',#2115,#3050,#3052,.T.);
#3050 = VERTEX_POINT('',#3051);
#3051 = CARTESIAN_POINT('',(-2.15,1.755,0.675));
#3052 = LINE('',#3053,#3054);
#3053 = CARTESIAN_POINT('',(-2.4,1.755,0.675));
#3054 = VECTOR('',#3055,1.);
#3055 = DIRECTION('',(1.,-1.144237745222E-17,0.));
#3056 = ORIENTED_EDGE('',*,*,#3057,.F.);
#3057 = EDGE_CURVE('',#3041,#3050,#3058,.T.);
#3058 = LINE('',#3059,#3060);
#3059 = CARTESIAN_POINT('',(-2.15,2.45,0.675));
#3060 = VECTOR('',#3061,1.);
#3061 = DIRECTION('',(1.110223024625E-16,-1.,0.));
#3062 = PLANE('',#3063);
#3063 = AXIS2_PLACEMENT_3D('',#3064,#3065,#3066);
#3064 = CARTESIAN_POINT('',(-2.175,-2.561541428923E-16,0.675));
#3065 = DIRECTION('',(2.761013168274E-27,-5.587354617935E-32,1.));
#3066 = DIRECTION('',(1.108818684461E-16,-1.,-5.587354617966E-32));
#3067 = ADVANCED_FACE('',(#3068),#3154,.T.);
#3068 = FACE_BOUND('',#3069,.T.);
#3069 = EDGE_LOOP('',(#3070,#3071,#3072,#3081,#3089,#3098,#3106,#3114,
    #3122,#3131,#3139,#3148));
#3070 = ORIENTED_EDGE('',*,*,#2114,.T.);
#3071 = ORIENTED_EDGE('',*,*,#2145,.T.);
#3072 = ORIENTED_EDGE('',*,*,#3073,.T.);
#3073 = EDGE_CURVE('',#2146,#3074,#3076,.T.);
#3074 = VERTEX_POINT('',#3075);
#3075 = CARTESIAN_POINT('',(-2.498480775301,1.755,0.442364817767));
#3076 = CIRCLE('',#3077,0.1);
#3077 = AXIS2_PLACEMENT_3D('',#3078,#3079,#3080);
#3078 = CARTESIAN_POINT('',(-2.4,1.755,0.425));
#3079 = DIRECTION('',(-1.144237745222E-17,-1.,4.379057701015E-47));
#3080 = DIRECTION('',(-4.440892098501E-15,5.081436361563E-32,1.));
#3081 = ORIENTED_EDGE('',*,*,#3082,.T.);
#3082 = EDGE_CURVE('',#3074,#3083,#3085,.T.);
#3083 = VERTEX_POINT('',#3084);
#3084 = CARTESIAN_POINT('',(-2.534655283371,1.755,0.206587955583));
#3085 = LINE('',#3086,#3087);
#3086 = CARTESIAN_POINT('',(-2.498480775301,1.755,0.442364817767));
#3087 = VECTOR('',#3088,1.);
#3088 = DIRECTION('',(-0.151652327974,1.735263178185E-18,-0.988433898356
    ));
#3089 = ORIENTED_EDGE('',*,*,#3090,.T.);
#3090 = EDGE_CURVE('',#3083,#3091,#3093,.T.);
#3091 = VERTEX_POINT('',#3092);
#3092 = CARTESIAN_POINT('',(-2.780857221624,1.755,-1.665334536938E-16));
#3093 = CIRCLE('',#3094,0.25);
#3094 = AXIS2_PLACEMENT_3D('',#3095,#3096,#3097);
#3095 = CARTESIAN_POINT('',(-2.780857221624,1.755,0.25));
#3096 = DIRECTION('',(1.144237745222E-17,1.,7.703719777549E-34));
#3097 = DIRECTION('',(0.984807753012,-1.126854202784E-17,-0.173648177667
    ));
#3098 = ORIENTED_EDGE('',*,*,#3099,.T.);
#3099 = EDGE_CURVE('',#3091,#3100,#3102,.T.);
#3100 = VERTEX_POINT('',#3101);
#3101 = CARTESIAN_POINT('',(-3.2,1.755,-1.665334536938E-16));
#3102 = LINE('',#3103,#3104);
#3103 = CARTESIAN_POINT('',(-2.780857221624,1.755,-1.665334536938E-16));
#3104 = VECTOR('',#3105,1.);
#3105 = DIRECTION('',(-1.,1.144237745222E-17,0.));
#3106 = ORIENTED_EDGE('',*,*,#3107,.T.);
#3107 = EDGE_CURVE('',#3100,#3108,#3110,.T.);
#3108 = VERTEX_POINT('',#3109);
#3109 = CARTESIAN_POINT('',(-3.2,1.755,0.15));
#3110 = LINE('',#3111,#3112);
#3111 = CARTESIAN_POINT('',(-3.2,1.755,-1.665334536938E-16));
#3112 = VECTOR('',#3113,1.);
#3113 = DIRECTION('',(0.,0.,1.));
#3114 = ORIENTED_EDGE('',*,*,#3115,.T.);
#3115 = EDGE_CURVE('',#3108,#3116,#3118,.T.);
#3116 = VERTEX_POINT('',#3117);
#3117 = CARTESIAN_POINT('',(-2.780857221624,1.755,0.15));
#3118 = LINE('',#3119,#3120);
#3119 = CARTESIAN_POINT('',(-3.2,1.755,0.15));
#3120 = VECTOR('',#3121,1.);
#3121 = DIRECTION('',(1.,-1.144237745222E-17,0.));
#3122 = ORIENTED_EDGE('',*,*,#3123,.T.);
#3123 = EDGE_CURVE('',#3116,#3124,#3126,.T.);
#3124 = VERTEX_POINT('',#3125);
#3125 = CARTESIAN_POINT('',(-2.682376446323,1.755,0.232635182233));
#3126 = CIRCLE('',#3127,0.1);
#3127 = AXIS2_PLACEMENT_3D('',#3128,#3129,#3130);
#3128 = CARTESIAN_POINT('',(-2.780857221624,1.755,0.25));
#3129 = DIRECTION('',(-1.144237745222E-17,-1.,-0.));
#3130 = DIRECTION('',(0.,0.,-1.));
#3131 = ORIENTED_EDGE('',*,*,#3132,.T.);
#3132 = EDGE_CURVE('',#3124,#3133,#3135,.T.);
#3133 = VERTEX_POINT('',#3134);
#3134 = CARTESIAN_POINT('',(-2.646201938253,1.755,0.468412044417));
#3135 = LINE('',#3136,#3137);
#3136 = CARTESIAN_POINT('',(-2.682376446323,1.755,0.232635182233));
#3137 = VECTOR('',#3138,1.);
#3138 = DIRECTION('',(0.151652327974,-1.735263178185E-18,0.988433898356)
  );
#3139 = ORIENTED_EDGE('',*,*,#3140,.T.);
#3140 = EDGE_CURVE('',#3133,#3141,#3143,.T.);
#3141 = VERTEX_POINT('',#3142);
#3142 = CARTESIAN_POINT('',(-2.4,1.755,0.675));
#3143 = CIRCLE('',#3144,0.25);
#3144 = AXIS2_PLACEMENT_3D('',#3145,#3146,#3147);
#3145 = CARTESIAN_POINT('',(-2.4,1.755,0.425));
#3146 = DIRECTION('',(1.144237745222E-17,1.,-3.851859888774E-34));
#3147 = DIRECTION('',(-0.984807753012,1.126854202784E-17,0.173648177667)
  );
#3148 = ORIENTED_EDGE('',*,*,#3149,.T.);
#3149 = EDGE_CURVE('',#3141,#2115,#3150,.T.);
#3150 = LINE('',#3151,#3152);
#3151 = CARTESIAN_POINT('',(-2.4,1.755,0.675));
#3152 = VECTOR('',#3153,1.);
#3153 = DIRECTION('',(1.,-1.144237745222E-17,0.));
#3154 = PLANE('',#3155);
#3155 = AXIS2_PLACEMENT_3D('',#3156,#3157,#3158);
#3156 = CARTESIAN_POINT('',(-2.637203454365,1.755,0.317854565708));
#3157 = DIRECTION('',(1.144237745222E-17,1.,0.));
#3158 = DIRECTION('',(0.,-0.,1.));
#3159 = ADVANCED_FACE('',(#3160),#3246,.F.);
#3160 = FACE_BOUND('',#3161,.F.);
#3161 = EDGE_LOOP('',(#3162,#3163,#3164,#3173,#3181,#3190,#3198,#3206,
    #3214,#3223,#3231,#3240));
#3162 = ORIENTED_EDGE('',*,*,#2167,.T.);
#3163 = ORIENTED_EDGE('',*,*,#2136,.T.);
#3164 = ORIENTED_EDGE('',*,*,#3165,.T.);
#3165 = EDGE_CURVE('',#2137,#3166,#3168,.T.);
#3166 = VERTEX_POINT('',#3167);
#3167 = CARTESIAN_POINT('',(-2.498480775301,1.495,0.442364817767));
#3168 = CIRCLE('',#3169,0.1);
#3169 = AXIS2_PLACEMENT_3D('',#3170,#3171,#3172);
#3170 = CARTESIAN_POINT('',(-2.4,1.495,0.425));
#3171 = DIRECTION('',(-1.144237745222E-17,-1.,4.379057701015E-47));
#3172 = DIRECTION('',(-4.440892098501E-15,5.081436361563E-32,1.));
#3173 = ORIENTED_EDGE('',*,*,#3174,.T.);
#3174 = EDGE_CURVE('',#3166,#3175,#3177,.T.);
#3175 = VERTEX_POINT('',#3176);
#3176 = CARTESIAN_POINT('',(-2.534655283371,1.495,0.206587955583));
#3177 = LINE('',#3178,#3179);
#3178 = CARTESIAN_POINT('',(-2.498480775301,1.495,0.442364817767));
#3179 = VECTOR('',#3180,1.);
#3180 = DIRECTION('',(-0.151652327974,1.735263178185E-18,-0.988433898356
    ));
#3181 = ORIENTED_EDGE('',*,*,#3182,.T.);
#3182 = EDGE_CURVE('',#3175,#3183,#3185,.T.);
#3183 = VERTEX_POINT('',#3184);
#3184 = CARTESIAN_POINT('',(-2.780857221624,1.495,-1.665334536938E-16));
#3185 = CIRCLE('',#3186,0.25);
#3186 = AXIS2_PLACEMENT_3D('',#3187,#3188,#3189);
#3187 = CARTESIAN_POINT('',(-2.780857221624,1.495,0.25));
#3188 = DIRECTION('',(1.144237745222E-17,1.,7.703719777549E-34));
#3189 = DIRECTION('',(0.984807753012,-1.126854202784E-17,-0.173648177667
    ));
#3190 = ORIENTED_EDGE('',*,*,#3191,.T.);
#3191 = EDGE_CURVE('',#3183,#3192,#3194,.T.);
#3192 = VERTEX_POINT('',#3193);
#3193 = CARTESIAN_POINT('',(-3.2,1.495,-1.665334536938E-16));
#3194 = LINE('',#3195,#3196);
#3195 = CARTESIAN_POINT('',(-2.780857221624,1.495,-1.665334536938E-16));
#3196 = VECTOR('',#3197,1.);
#3197 = DIRECTION('',(-1.,1.144237745222E-17,0.));
#3198 = ORIENTED_EDGE('',*,*,#3199,.T.);
#3199 = EDGE_CURVE('',#3192,#3200,#3202,.T.);
#3200 = VERTEX_POINT('',#3201);
#3201 = CARTESIAN_POINT('',(-3.2,1.495,0.15));
#3202 = LINE('',#3203,#3204);
#3203 = CARTESIAN_POINT('',(-3.2,1.495,-1.665334536938E-16));
#3204 = VECTOR('',#3205,1.);
#3205 = DIRECTION('',(0.,0.,1.));
#3206 = ORIENTED_EDGE('',*,*,#3207,.T.);
#3207 = EDGE_CURVE('',#3200,#3208,#3210,.T.);
#3208 = VERTEX_POINT('',#3209);
#3209 = CARTESIAN_POINT('',(-2.780857221624,1.495,0.15));
#3210 = LINE('',#3211,#3212);
#3211 = CARTESIAN_POINT('',(-3.2,1.495,0.15));
#3212 = VECTOR('',#3213,1.);
#3213 = DIRECTION('',(1.,-1.144237745222E-17,0.));
#3214 = ORIENTED_EDGE('',*,*,#3215,.T.);
#3215 = EDGE_CURVE('',#3208,#3216,#3218,.T.);
#3216 = VERTEX_POINT('',#3217);
#3217 = CARTESIAN_POINT('',(-2.682376446323,1.495,0.232635182233));
#3218 = CIRCLE('',#3219,0.1);
#3219 = AXIS2_PLACEMENT_3D('',#3220,#3221,#3222);
#3220 = CARTESIAN_POINT('',(-2.780857221624,1.495,0.25));
#3221 = DIRECTION('',(-1.144237745222E-17,-1.,-0.));
#3222 = DIRECTION('',(0.,0.,-1.));
#3223 = ORIENTED_EDGE('',*,*,#3224,.T.);
#3224 = EDGE_CURVE('',#3216,#3225,#3227,.T.);
#3225 = VERTEX_POINT('',#3226);
#3226 = CARTESIAN_POINT('',(-2.646201938253,1.495,0.468412044417));
#3227 = LINE('',#3228,#3229);
#3228 = CARTESIAN_POINT('',(-2.682376446323,1.495,0.232635182233));
#3229 = VECTOR('',#3230,1.);
#3230 = DIRECTION('',(0.151652327974,-1.735263178185E-18,0.988433898356)
  );
#3231 = ORIENTED_EDGE('',*,*,#3232,.T.);
#3232 = EDGE_CURVE('',#3225,#3233,#3235,.T.);
#3233 = VERTEX_POINT('',#3234);
#3234 = CARTESIAN_POINT('',(-2.4,1.495,0.675));
#3235 = CIRCLE('',#3236,0.25);
#3236 = AXIS2_PLACEMENT_3D('',#3237,#3238,#3239);
#3237 = CARTESIAN_POINT('',(-2.4,1.495,0.425));
#3238 = DIRECTION('',(1.144237745222E-17,1.,-3.851859888774E-34));
#3239 = DIRECTION('',(-0.984807753012,1.126854202784E-17,0.173648177667)
  );
#3240 = ORIENTED_EDGE('',*,*,#3241,.T.);
#3241 = EDGE_CURVE('',#3233,#2168,#3242,.T.);
#3242 = LINE('',#3243,#3244);
#3243 = CARTESIAN_POINT('',(-2.4,1.495,0.675));
#3244 = VECTOR('',#3245,1.);
#3245 = DIRECTION('',(1.,-1.144237745222E-17,0.));
#3246 = PLANE('',#3247);
#3247 = AXIS2_PLACEMENT_3D('',#3248,#3249,#3250);
#3248 = CARTESIAN_POINT('',(-2.637203454365,1.495,0.317854565708));
#3249 = DIRECTION('',(1.144237745222E-17,1.,0.));
#3250 = DIRECTION('',(0.,-0.,1.));
#3251 = ADVANCED_FACE('',(#3252),#3263,.F.);
#3252 = FACE_BOUND('',#3253,.F.);
#3253 = EDGE_LOOP('',(#3254,#3255,#3256,#3262));
#3254 = ORIENTED_EDGE('',*,*,#2153,.T.);
#3255 = ORIENTED_EDGE('',*,*,#3073,.T.);
#3256 = ORIENTED_EDGE('',*,*,#3257,.F.);
#3257 = EDGE_CURVE('',#3166,#3074,#3258,.T.);
#3258 = LINE('',#3259,#3260);
#3259 = CARTESIAN_POINT('',(-2.498480775301,1.495,0.442364817767));
#3260 = VECTOR('',#3261,1.);
#3261 = DIRECTION('',(1.144237745222E-17,1.,0.));
#3262 = ORIENTED_EDGE('',*,*,#3165,.F.);
#3263 = CYLINDRICAL_SURFACE('',#3264,0.1);
#3264 = AXIS2_PLACEMENT_3D('',#3265,#3266,#3267);
#3265 = CARTESIAN_POINT('',(-2.4,1.495,0.425));
#3266 = DIRECTION('',(-1.144237745222E-17,-1.,0.));
#3267 = DIRECTION('',(-4.440892098501E-15,5.081436361563E-32,1.));
#3268 = ADVANCED_FACE('',(#3269),#3294,.T.);
#3269 = FACE_BOUND('',#3270,.T.);
#3270 = EDGE_LOOP('',(#3271,#3279,#3280,#3288));
#3271 = ORIENTED_EDGE('',*,*,#3272,.F.);
#3272 = EDGE_CURVE('',#2168,#3273,#3275,.T.);
#3273 = VERTEX_POINT('',#3274);
#3274 = CARTESIAN_POINT('',(-2.15,1.495,0.675));
#3275 = LINE('',#3276,#3277);
#3276 = CARTESIAN_POINT('',(-2.4,1.495,0.675));
#3277 = VECTOR('',#3278,1.);
#3278 = DIRECTION('',(1.,-1.144237745222E-17,0.));
#3279 = ORIENTED_EDGE('',*,*,#2184,.T.);
#3280 = ORIENTED_EDGE('',*,*,#3281,.T.);
#3281 = EDGE_CURVE('',#2177,#3282,#3284,.T.);
#3282 = VERTEX_POINT('',#3283);
#3283 = CARTESIAN_POINT('',(-2.15,1.105,0.675));
#3284 = LINE('',#3285,#3286);
#3285 = CARTESIAN_POINT('',(-2.4,1.105,0.675));
#3286 = VECTOR('',#3287,1.);
#3287 = DIRECTION('',(1.,-1.144237745222E-17,0.));
#3288 = ORIENTED_EDGE('',*,*,#3289,.F.);
#3289 = EDGE_CURVE('',#3273,#3282,#3290,.T.);
#3290 = LINE('',#3291,#3292);
#3291 = CARTESIAN_POINT('',(-2.15,2.45,0.675));
#3292 = VECTOR('',#3293,1.);
#3293 = DIRECTION('',(1.110223024625E-16,-1.,0.));
#3294 = PLANE('',#3295);
#3295 = AXIS2_PLACEMENT_3D('',#3296,#3297,#3298);
#3296 = CARTESIAN_POINT('',(-2.175,-2.561541428923E-16,0.675));
#3297 = DIRECTION('',(2.761013168274E-27,-5.587354617935E-32,1.));
#3298 = DIRECTION('',(1.108818684461E-16,-1.,-5.587354617966E-32));
#3299 = ADVANCED_FACE('',(#3300),#3386,.T.);
#3300 = FACE_BOUND('',#3301,.T.);
#3301 = EDGE_LOOP('',(#3302,#3303,#3304,#3313,#3321,#3330,#3338,#3346,
    #3354,#3363,#3371,#3380));
#3302 = ORIENTED_EDGE('',*,*,#2176,.T.);
#3303 = ORIENTED_EDGE('',*,*,#2207,.T.);
#3304 = ORIENTED_EDGE('',*,*,#3305,.T.);
#3305 = EDGE_CURVE('',#2208,#3306,#3308,.T.);
#3306 = VERTEX_POINT('',#3307);
#3307 = CARTESIAN_POINT('',(-2.498480775301,1.105,0.442364817767));
#3308 = CIRCLE('',#3309,0.1);
#3309 = AXIS2_PLACEMENT_3D('',#3310,#3311,#3312);
#3310 = CARTESIAN_POINT('',(-2.4,1.105,0.425));
#3311 = DIRECTION('',(-1.144237745222E-17,-1.,4.379057701015E-47));
#3312 = DIRECTION('',(-4.440892098501E-15,5.081436361563E-32,1.));
#3313 = ORIENTED_EDGE('',*,*,#3314,.T.);
#3314 = EDGE_CURVE('',#3306,#3315,#3317,.T.);
#3315 = VERTEX_POINT('',#3316);
#3316 = CARTESIAN_POINT('',(-2.534655283371,1.105,0.206587955583));
#3317 = LINE('',#3318,#3319);
#3318 = CARTESIAN_POINT('',(-2.498480775301,1.105,0.442364817767));
#3319 = VECTOR('',#3320,1.);
#3320 = DIRECTION('',(-0.151652327974,1.735263178185E-18,-0.988433898356
    ));
#3321 = ORIENTED_EDGE('',*,*,#3322,.T.);
#3322 = EDGE_CURVE('',#3315,#3323,#3325,.T.);
#3323 = VERTEX_POINT('',#3324);
#3324 = CARTESIAN_POINT('',(-2.780857221624,1.105,-1.665334536938E-16));
#3325 = CIRCLE('',#3326,0.25);
#3326 = AXIS2_PLACEMENT_3D('',#3327,#3328,#3329);
#3327 = CARTESIAN_POINT('',(-2.780857221624,1.105,0.25));
#3328 = DIRECTION('',(1.144237745222E-17,1.,7.703719777549E-34));
#3329 = DIRECTION('',(0.984807753012,-1.126854202784E-17,-0.173648177667
    ));
#3330 = ORIENTED_EDGE('',*,*,#3331,.T.);
#3331 = EDGE_CURVE('',#3323,#3332,#3334,.T.);
#3332 = VERTEX_POINT('',#3333);
#3333 = CARTESIAN_POINT('',(-3.2,1.105,-1.665334536938E-16));
#3334 = LINE('',#3335,#3336);
#3335 = CARTESIAN_POINT('',(-2.780857221624,1.105,-1.665334536938E-16));
#3336 = VECTOR('',#3337,1.);
#3337 = DIRECTION('',(-1.,1.144237745222E-17,0.));
#3338 = ORIENTED_EDGE('',*,*,#3339,.T.);
#3339 = EDGE_CURVE('',#3332,#3340,#3342,.T.);
#3340 = VERTEX_POINT('',#3341);
#3341 = CARTESIAN_POINT('',(-3.2,1.105,0.15));
#3342 = LINE('',#3343,#3344);
#3343 = CARTESIAN_POINT('',(-3.2,1.105,-1.665334536938E-16));
#3344 = VECTOR('',#3345,1.);
#3345 = DIRECTION('',(0.,0.,1.));
#3346 = ORIENTED_EDGE('',*,*,#3347,.T.);
#3347 = EDGE_CURVE('',#3340,#3348,#3350,.T.);
#3348 = VERTEX_POINT('',#3349);
#3349 = CARTESIAN_POINT('',(-2.780857221624,1.105,0.15));
#3350 = LINE('',#3351,#3352);
#3351 = CARTESIAN_POINT('',(-3.2,1.105,0.15));
#3352 = VECTOR('',#3353,1.);
#3353 = DIRECTION('',(1.,-1.144237745222E-17,0.));
#3354 = ORIENTED_EDGE('',*,*,#3355,.T.);
#3355 = EDGE_CURVE('',#3348,#3356,#3358,.T.);
#3356 = VERTEX_POINT('',#3357);
#3357 = CARTESIAN_POINT('',(-2.682376446323,1.105,0.232635182233));
#3358 = CIRCLE('',#3359,0.1);
#3359 = AXIS2_PLACEMENT_3D('',#3360,#3361,#3362);
#3360 = CARTESIAN_POINT('',(-2.780857221624,1.105,0.25));
#3361 = DIRECTION('',(-1.144237745222E-17,-1.,-0.));
#3362 = DIRECTION('',(0.,0.,-1.));
#3363 = ORIENTED_EDGE('',*,*,#3364,.T.);
#3364 = EDGE_CURVE('',#3356,#3365,#3367,.T.);
#3365 = VERTEX_POINT('',#3366);
#3366 = CARTESIAN_POINT('',(-2.646201938253,1.105,0.468412044417));
#3367 = LINE('',#3368,#3369);
#3368 = CARTESIAN_POINT('',(-2.682376446323,1.105,0.232635182233));
#3369 = VECTOR('',#3370,1.);
#3370 = DIRECTION('',(0.151652327974,-1.735263178185E-18,0.988433898356)
  );
#3371 = ORIENTED_EDGE('',*,*,#3372,.T.);
#3372 = EDGE_CURVE('',#3365,#3373,#3375,.T.);
#3373 = VERTEX_POINT('',#3374);
#3374 = CARTESIAN_POINT('',(-2.4,1.105,0.675));
#3375 = CIRCLE('',#3376,0.25);
#3376 = AXIS2_PLACEMENT_3D('',#3377,#3378,#3379);
#3377 = CARTESIAN_POINT('',(-2.4,1.105,0.425));
#3378 = DIRECTION('',(1.144237745222E-17,1.,-3.851859888774E-34));
#3379 = DIRECTION('',(-0.984807753012,1.126854202784E-17,0.173648177667)
  );
#3380 = ORIENTED_EDGE('',*,*,#3381,.T.);
#3381 = EDGE_CURVE('',#3373,#2177,#3382,.T.);
#3382 = LINE('',#3383,#3384);
#3383 = CARTESIAN_POINT('',(-2.4,1.105,0.675));
#3384 = VECTOR('',#3385,1.);
#3385 = DIRECTION('',(1.,-1.144237745222E-17,0.));
#3386 = PLANE('',#3387);
#3387 = AXIS2_PLACEMENT_3D('',#3388,#3389,#3390);
#3388 = CARTESIAN_POINT('',(-2.637203454365,1.105,0.317854565708));
#3389 = DIRECTION('',(1.144237745222E-17,1.,0.));
#3390 = DIRECTION('',(0.,-0.,1.));
#3391 = ADVANCED_FACE('',(#3392),#3478,.F.);
#3392 = FACE_BOUND('',#3393,.F.);
#3393 = EDGE_LOOP('',(#3394,#3395,#3396,#3405,#3413,#3422,#3430,#3438,
    #3446,#3455,#3463,#3472));
#3394 = ORIENTED_EDGE('',*,*,#2229,.T.);
#3395 = ORIENTED_EDGE('',*,*,#2198,.T.);
#3396 = ORIENTED_EDGE('',*,*,#3397,.T.);
#3397 = EDGE_CURVE('',#2199,#3398,#3400,.T.);
#3398 = VERTEX_POINT('',#3399);
#3399 = CARTESIAN_POINT('',(-2.498480775301,0.845,0.442364817767));
#3400 = CIRCLE('',#3401,0.1);
#3401 = AXIS2_PLACEMENT_3D('',#3402,#3403,#3404);
#3402 = CARTESIAN_POINT('',(-2.4,0.845,0.425));
#3403 = DIRECTION('',(-1.144237745222E-17,-1.,4.379057701015E-47));
#3404 = DIRECTION('',(-4.440892098501E-15,5.081436361563E-32,1.));
#3405 = ORIENTED_EDGE('',*,*,#3406,.T.);
#3406 = EDGE_CURVE('',#3398,#3407,#3409,.T.);
#3407 = VERTEX_POINT('',#3408);
#3408 = CARTESIAN_POINT('',(-2.534655283371,0.845,0.206587955583));
#3409 = LINE('',#3410,#3411);
#3410 = CARTESIAN_POINT('',(-2.498480775301,0.845,0.442364817767));
#3411 = VECTOR('',#3412,1.);
#3412 = DIRECTION('',(-0.151652327974,1.735263178185E-18,-0.988433898356
    ));
#3413 = ORIENTED_EDGE('',*,*,#3414,.T.);
#3414 = EDGE_CURVE('',#3407,#3415,#3417,.T.);
#3415 = VERTEX_POINT('',#3416);
#3416 = CARTESIAN_POINT('',(-2.780857221624,0.845,-1.665334536938E-16));
#3417 = CIRCLE('',#3418,0.25);
#3418 = AXIS2_PLACEMENT_3D('',#3419,#3420,#3421);
#3419 = CARTESIAN_POINT('',(-2.780857221624,0.845,0.25));
#3420 = DIRECTION('',(1.144237745222E-17,1.,7.703719777549E-34));
#3421 = DIRECTION('',(0.984807753012,-1.126854202784E-17,-0.173648177667
    ));
#3422 = ORIENTED_EDGE('',*,*,#3423,.T.);
#3423 = EDGE_CURVE('',#3415,#3424,#3426,.T.);
#3424 = VERTEX_POINT('',#3425);
#3425 = CARTESIAN_POINT('',(-3.2,0.845,-1.665334536938E-16));
#3426 = LINE('',#3427,#3428);
#3427 = CARTESIAN_POINT('',(-2.780857221624,0.845,-1.665334536938E-16));
#3428 = VECTOR('',#3429,1.);
#3429 = DIRECTION('',(-1.,1.144237745222E-17,0.));
#3430 = ORIENTED_EDGE('',*,*,#3431,.T.);
#3431 = EDGE_CURVE('',#3424,#3432,#3434,.T.);
#3432 = VERTEX_POINT('',#3433);
#3433 = CARTESIAN_POINT('',(-3.2,0.845,0.15));
#3434 = LINE('',#3435,#3436);
#3435 = CARTESIAN_POINT('',(-3.2,0.845,-1.665334536938E-16));
#3436 = VECTOR('',#3437,1.);
#3437 = DIRECTION('',(0.,0.,1.));
#3438 = ORIENTED_EDGE('',*,*,#3439,.T.);
#3439 = EDGE_CURVE('',#3432,#3440,#3442,.T.);
#3440 = VERTEX_POINT('',#3441);
#3441 = CARTESIAN_POINT('',(-2.780857221624,0.845,0.15));
#3442 = LINE('',#3443,#3444);
#3443 = CARTESIAN_POINT('',(-3.2,0.845,0.15));
#3444 = VECTOR('',#3445,1.);
#3445 = DIRECTION('',(1.,-1.144237745222E-17,0.));
#3446 = ORIENTED_EDGE('',*,*,#3447,.T.);
#3447 = EDGE_CURVE('',#3440,#3448,#3450,.T.);
#3448 = VERTEX_POINT('',#3449);
#3449 = CARTESIAN_POINT('',(-2.682376446323,0.845,0.232635182233));
#3450 = CIRCLE('',#3451,0.1);
#3451 = AXIS2_PLACEMENT_3D('',#3452,#3453,#3454);
#3452 = CARTESIAN_POINT('',(-2.780857221624,0.845,0.25));
#3453 = DIRECTION('',(-1.144237745222E-17,-1.,-0.));
#3454 = DIRECTION('',(0.,0.,-1.));
#3455 = ORIENTED_EDGE('',*,*,#3456,.T.);
#3456 = EDGE_CURVE('',#3448,#3457,#3459,.T.);
#3457 = VERTEX_POINT('',#3458);
#3458 = CARTESIAN_POINT('',(-2.646201938253,0.845,0.468412044417));
#3459 = LINE('',#3460,#3461);
#3460 = CARTESIAN_POINT('',(-2.682376446323,0.845,0.232635182233));
#3461 = VECTOR('',#3462,1.);
#3462 = DIRECTION('',(0.151652327974,-1.735263178185E-18,0.988433898356)
  );
#3463 = ORIENTED_EDGE('',*,*,#3464,.T.);
#3464 = EDGE_CURVE('',#3457,#3465,#3467,.T.);
#3465 = VERTEX_POINT('',#3466);
#3466 = CARTESIAN_POINT('',(-2.4,0.845,0.675));
#3467 = CIRCLE('',#3468,0.25);
#3468 = AXIS2_PLACEMENT_3D('',#3469,#3470,#3471);
#3469 = CARTESIAN_POINT('',(-2.4,0.845,0.425));
#3470 = DIRECTION('',(1.144237745222E-17,1.,-3.851859888774E-34));
#3471 = DIRECTION('',(-0.984807753012,1.126854202784E-17,0.173648177667)
  );
#3472 = ORIENTED_EDGE('',*,*,#3473,.T.);
#3473 = EDGE_CURVE('',#3465,#2230,#3474,.T.);
#3474 = LINE('',#3475,#3476);
#3475 = CARTESIAN_POINT('',(-2.4,0.845,0.675));
#3476 = VECTOR('',#3477,1.);
#3477 = DIRECTION('',(1.,-1.144237745222E-17,0.));
#3478 = PLANE('',#3479);
#3479 = AXIS2_PLACEMENT_3D('',#3480,#3481,#3482);
#3480 = CARTESIAN_POINT('',(-2.637203454365,0.845,0.317854565708));
#3481 = DIRECTION('',(1.144237745222E-17,1.,0.));
#3482 = DIRECTION('',(0.,-0.,1.));
#3483 = ADVANCED_FACE('',(#3484),#3495,.F.);
#3484 = FACE_BOUND('',#3485,.F.);
#3485 = EDGE_LOOP('',(#3486,#3487,#3488,#3494));
#3486 = ORIENTED_EDGE('',*,*,#2215,.T.);
#3487 = ORIENTED_EDGE('',*,*,#3305,.T.);
#3488 = ORIENTED_EDGE('',*,*,#3489,.F.);
#3489 = EDGE_CURVE('',#3398,#3306,#3490,.T.);
#3490 = LINE('',#3491,#3492);
#3491 = CARTESIAN_POINT('',(-2.498480775301,0.845,0.442364817767));
#3492 = VECTOR('',#3493,1.);
#3493 = DIRECTION('',(1.144237745222E-17,1.,0.));
#3494 = ORIENTED_EDGE('',*,*,#3397,.F.);
#3495 = CYLINDRICAL_SURFACE('',#3496,0.1);
#3496 = AXIS2_PLACEMENT_3D('',#3497,#3498,#3499);
#3497 = CARTESIAN_POINT('',(-2.4,0.845,0.425));
#3498 = DIRECTION('',(-1.144237745222E-17,-1.,0.));
#3499 = DIRECTION('',(-4.440892098501E-15,5.081436361563E-32,1.));
#3500 = ADVANCED_FACE('',(#3501),#3526,.T.);
#3501 = FACE_BOUND('',#3502,.T.);
#3502 = EDGE_LOOP('',(#3503,#3511,#3512,#3520));
#3503 = ORIENTED_EDGE('',*,*,#3504,.F.);
#3504 = EDGE_CURVE('',#2230,#3505,#3507,.T.);
#3505 = VERTEX_POINT('',#3506);
#3506 = CARTESIAN_POINT('',(-2.15,0.845,0.675));
#3507 = LINE('',#3508,#3509);
#3508 = CARTESIAN_POINT('',(-2.4,0.845,0.675));
#3509 = VECTOR('',#3510,1.);
#3510 = DIRECTION('',(1.,-1.144237745222E-17,0.));
#3511 = ORIENTED_EDGE('',*,*,#2246,.T.);
#3512 = ORIENTED_EDGE('',*,*,#3513,.T.);
#3513 = EDGE_CURVE('',#2239,#3514,#3516,.T.);
#3514 = VERTEX_POINT('',#3515);
#3515 = CARTESIAN_POINT('',(-2.15,0.455,0.675));
#3516 = LINE('',#3517,#3518);
#3517 = CARTESIAN_POINT('',(-2.4,0.455,0.675));
#3518 = VECTOR('',#3519,1.);
#3519 = DIRECTION('',(1.,-1.144237745222E-17,0.));
#3520 = ORIENTED_EDGE('',*,*,#3521,.F.);
#3521 = EDGE_CURVE('',#3505,#3514,#3522,.T.);
#3522 = LINE('',#3523,#3524);
#3523 = CARTESIAN_POINT('',(-2.15,2.45,0.675));
#3524 = VECTOR('',#3525,1.);
#3525 = DIRECTION('',(1.110223024625E-16,-1.,0.));
#3526 = PLANE('',#3527);
#3527 = AXIS2_PLACEMENT_3D('',#3528,#3529,#3530);
#3528 = CARTESIAN_POINT('',(-2.175,-2.561541428923E-16,0.675));
#3529 = DIRECTION('',(2.761013168274E-27,-5.587354617935E-32,1.));
#3530 = DIRECTION('',(1.108818684461E-16,-1.,-5.587354617966E-32));
#3531 = ADVANCED_FACE('',(#3532),#3618,.T.);
#3532 = FACE_BOUND('',#3533,.T.);
#3533 = EDGE_LOOP('',(#3534,#3535,#3536,#3545,#3553,#3562,#3570,#3578,
    #3586,#3595,#3603,#3612));
#3534 = ORIENTED_EDGE('',*,*,#2238,.T.);
#3535 = ORIENTED_EDGE('',*,*,#2269,.T.);
#3536 = ORIENTED_EDGE('',*,*,#3537,.T.);
#3537 = EDGE_CURVE('',#2270,#3538,#3540,.T.);
#3538 = VERTEX_POINT('',#3539);
#3539 = CARTESIAN_POINT('',(-2.498480775301,0.455,0.442364817767));
#3540 = CIRCLE('',#3541,0.1);
#3541 = AXIS2_PLACEMENT_3D('',#3542,#3543,#3544);
#3542 = CARTESIAN_POINT('',(-2.4,0.455,0.425));
#3543 = DIRECTION('',(-1.144237745222E-17,-1.,4.379057701015E-47));
#3544 = DIRECTION('',(-4.440892098501E-15,5.081436361563E-32,1.));
#3545 = ORIENTED_EDGE('',*,*,#3546,.T.);
#3546 = EDGE_CURVE('',#3538,#3547,#3549,.T.);
#3547 = VERTEX_POINT('',#3548);
#3548 = CARTESIAN_POINT('',(-2.534655283371,0.455,0.206587955583));
#3549 = LINE('',#3550,#3551);
#3550 = CARTESIAN_POINT('',(-2.498480775301,0.455,0.442364817767));
#3551 = VECTOR('',#3552,1.);
#3552 = DIRECTION('',(-0.151652327974,1.735263178185E-18,-0.988433898356
    ));
#3553 = ORIENTED_EDGE('',*,*,#3554,.T.);
#3554 = EDGE_CURVE('',#3547,#3555,#3557,.T.);
#3555 = VERTEX_POINT('',#3556);
#3556 = CARTESIAN_POINT('',(-2.780857221624,0.455,-1.665334536938E-16));
#3557 = CIRCLE('',#3558,0.25);
#3558 = AXIS2_PLACEMENT_3D('',#3559,#3560,#3561);
#3559 = CARTESIAN_POINT('',(-2.780857221624,0.455,0.25));
#3560 = DIRECTION('',(1.144237745222E-17,1.,7.703719777549E-34));
#3561 = DIRECTION('',(0.984807753012,-1.126854202784E-17,-0.173648177667
    ));
#3562 = ORIENTED_EDGE('',*,*,#3563,.T.);
#3563 = EDGE_CURVE('',#3555,#3564,#3566,.T.);
#3564 = VERTEX_POINT('',#3565);
#3565 = CARTESIAN_POINT('',(-3.2,0.455,-1.665334536938E-16));
#3566 = LINE('',#3567,#3568);
#3567 = CARTESIAN_POINT('',(-2.780857221624,0.455,-1.665334536938E-16));
#3568 = VECTOR('',#3569,1.);
#3569 = DIRECTION('',(-1.,1.144237745222E-17,0.));
#3570 = ORIENTED_EDGE('',*,*,#3571,.T.);
#3571 = EDGE_CURVE('',#3564,#3572,#3574,.T.);
#3572 = VERTEX_POINT('',#3573);
#3573 = CARTESIAN_POINT('',(-3.2,0.455,0.15));
#3574 = LINE('',#3575,#3576);
#3575 = CARTESIAN_POINT('',(-3.2,0.455,-1.665334536938E-16));
#3576 = VECTOR('',#3577,1.);
#3577 = DIRECTION('',(0.,0.,1.));
#3578 = ORIENTED_EDGE('',*,*,#3579,.T.);
#3579 = EDGE_CURVE('',#3572,#3580,#3582,.T.);
#3580 = VERTEX_POINT('',#3581);
#3581 = CARTESIAN_POINT('',(-2.780857221624,0.455,0.15));
#3582 = LINE('',#3583,#3584);
#3583 = CARTESIAN_POINT('',(-3.2,0.455,0.15));
#3584 = VECTOR('',#3585,1.);
#3585 = DIRECTION('',(1.,-1.144237745222E-17,0.));
#3586 = ORIENTED_EDGE('',*,*,#3587,.T.);
#3587 = EDGE_CURVE('',#3580,#3588,#3590,.T.);
#3588 = VERTEX_POINT('',#3589);
#3589 = CARTESIAN_POINT('',(-2.682376446323,0.455,0.232635182233));
#3590 = CIRCLE('',#3591,0.1);
#3591 = AXIS2_PLACEMENT_3D('',#3592,#3593,#3594);
#3592 = CARTESIAN_POINT('',(-2.780857221624,0.455,0.25));
#3593 = DIRECTION('',(-1.144237745222E-17,-1.,-0.));
#3594 = DIRECTION('',(0.,0.,-1.));
#3595 = ORIENTED_EDGE('',*,*,#3596,.T.);
#3596 = EDGE_CURVE('',#3588,#3597,#3599,.T.);
#3597 = VERTEX_POINT('',#3598);
#3598 = CARTESIAN_POINT('',(-2.646201938253,0.455,0.468412044417));
#3599 = LINE('',#3600,#3601);
#3600 = CARTESIAN_POINT('',(-2.682376446323,0.455,0.232635182233));
#3601 = VECTOR('',#3602,1.);
#3602 = DIRECTION('',(0.151652327974,-1.735263178185E-18,0.988433898356)
  );
#3603 = ORIENTED_EDGE('',*,*,#3604,.T.);
#3604 = EDGE_CURVE('',#3597,#3605,#3607,.T.);
#3605 = VERTEX_POINT('',#3606);
#3606 = CARTESIAN_POINT('',(-2.4,0.455,0.675));
#3607 = CIRCLE('',#3608,0.25);
#3608 = AXIS2_PLACEMENT_3D('',#3609,#3610,#3611);
#3609 = CARTESIAN_POINT('',(-2.4,0.455,0.425));
#3610 = DIRECTION('',(1.144237745222E-17,1.,-3.851859888774E-34));
#3611 = DIRECTION('',(-0.984807753012,1.126854202784E-17,0.173648177667)
  );
#3612 = ORIENTED_EDGE('',*,*,#3613,.T.);
#3613 = EDGE_CURVE('',#3605,#2239,#3614,.T.);
#3614 = LINE('',#3615,#3616);
#3615 = CARTESIAN_POINT('',(-2.4,0.455,0.675));
#3616 = VECTOR('',#3617,1.);
#3617 = DIRECTION('',(1.,-1.144237745222E-17,0.));
#3618 = PLANE('',#3619);
#3619 = AXIS2_PLACEMENT_3D('',#3620,#3621,#3622);
#3620 = CARTESIAN_POINT('',(-2.637203454365,0.455,0.317854565708));
#3621 = DIRECTION('',(1.144237745222E-17,1.,0.));
#3622 = DIRECTION('',(0.,-0.,1.));
#3623 = ADVANCED_FACE('',(#3624),#3710,.F.);
#3624 = FACE_BOUND('',#3625,.F.);
#3625 = EDGE_LOOP('',(#3626,#3627,#3628,#3637,#3645,#3654,#3662,#3670,
    #3678,#3687,#3695,#3704));
#3626 = ORIENTED_EDGE('',*,*,#2291,.T.);
#3627 = ORIENTED_EDGE('',*,*,#2260,.T.);
#3628 = ORIENTED_EDGE('',*,*,#3629,.T.);
#3629 = EDGE_CURVE('',#2261,#3630,#3632,.T.);
#3630 = VERTEX_POINT('',#3631);
#3631 = CARTESIAN_POINT('',(-2.498480775301,0.195,0.442364817767));
#3632 = CIRCLE('',#3633,0.1);
#3633 = AXIS2_PLACEMENT_3D('',#3634,#3635,#3636);
#3634 = CARTESIAN_POINT('',(-2.4,0.195,0.425));
#3635 = DIRECTION('',(-1.144237745222E-17,-1.,4.379057701015E-47));
#3636 = DIRECTION('',(-4.440892098501E-15,5.081436361563E-32,1.));
#3637 = ORIENTED_EDGE('',*,*,#3638,.T.);
#3638 = EDGE_CURVE('',#3630,#3639,#3641,.T.);
#3639 = VERTEX_POINT('',#3640);
#3640 = CARTESIAN_POINT('',(-2.534655283371,0.195,0.206587955583));
#3641 = LINE('',#3642,#3643);
#3642 = CARTESIAN_POINT('',(-2.498480775301,0.195,0.442364817767));
#3643 = VECTOR('',#3644,1.);
#3644 = DIRECTION('',(-0.151652327974,1.735263178185E-18,-0.988433898356
    ));
#3645 = ORIENTED_EDGE('',*,*,#3646,.T.);
#3646 = EDGE_CURVE('',#3639,#3647,#3649,.T.);
#3647 = VERTEX_POINT('',#3648);
#3648 = CARTESIAN_POINT('',(-2.780857221624,0.195,-1.665334536938E-16));
#3649 = CIRCLE('',#3650,0.25);
#3650 = AXIS2_PLACEMENT_3D('',#3651,#3652,#3653);
#3651 = CARTESIAN_POINT('',(-2.780857221624,0.195,0.25));
#3652 = DIRECTION('',(1.144237745222E-17,1.,7.703719777549E-34));
#3653 = DIRECTION('',(0.984807753012,-1.126854202784E-17,-0.173648177667
    ));
#3654 = ORIENTED_EDGE('',*,*,#3655,.T.);
#3655 = EDGE_CURVE('',#3647,#3656,#3658,.T.);
#3656 = VERTEX_POINT('',#3657);
#3657 = CARTESIAN_POINT('',(-3.2,0.195,-1.665334536938E-16));
#3658 = LINE('',#3659,#3660);
#3659 = CARTESIAN_POINT('',(-2.780857221624,0.195,-1.665334536938E-16));
#3660 = VECTOR('',#3661,1.);
#3661 = DIRECTION('',(-1.,1.144237745222E-17,0.));
#3662 = ORIENTED_EDGE('',*,*,#3663,.T.);
#3663 = EDGE_CURVE('',#3656,#3664,#3666,.T.);
#3664 = VERTEX_POINT('',#3665);
#3665 = CARTESIAN_POINT('',(-3.2,0.195,0.15));
#3666 = LINE('',#3667,#3668);
#3667 = CARTESIAN_POINT('',(-3.2,0.195,-1.665334536938E-16));
#3668 = VECTOR('',#3669,1.);
#3669 = DIRECTION('',(0.,0.,1.));
#3670 = ORIENTED_EDGE('',*,*,#3671,.T.);
#3671 = EDGE_CURVE('',#3664,#3672,#3674,.T.);
#3672 = VERTEX_POINT('',#3673);
#3673 = CARTESIAN_POINT('',(-2.780857221624,0.195,0.15));
#3674 = LINE('',#3675,#3676);
#3675 = CARTESIAN_POINT('',(-3.2,0.195,0.15));
#3676 = VECTOR('',#3677,1.);
#3677 = DIRECTION('',(1.,-1.144237745222E-17,0.));
#3678 = ORIENTED_EDGE('',*,*,#3679,.T.);
#3679 = EDGE_CURVE('',#3672,#3680,#3682,.T.);
#3680 = VERTEX_POINT('',#3681);
#3681 = CARTESIAN_POINT('',(-2.682376446323,0.195,0.232635182233));
#3682 = CIRCLE('',#3683,0.1);
#3683 = AXIS2_PLACEMENT_3D('',#3684,#3685,#3686);
#3684 = CARTESIAN_POINT('',(-2.780857221624,0.195,0.25));
#3685 = DIRECTION('',(-1.144237745222E-17,-1.,-0.));
#3686 = DIRECTION('',(0.,0.,-1.));
#3687 = ORIENTED_EDGE('',*,*,#3688,.T.);
#3688 = EDGE_CURVE('',#3680,#3689,#3691,.T.);
#3689 = VERTEX_POINT('',#3690);
#3690 = CARTESIAN_POINT('',(-2.646201938253,0.195,0.468412044417));
#3691 = LINE('',#3692,#3693);
#3692 = CARTESIAN_POINT('',(-2.682376446323,0.195,0.232635182233));
#3693 = VECTOR('',#3694,1.);
#3694 = DIRECTION('',(0.151652327974,-1.735263178185E-18,0.988433898356)
  );
#3695 = ORIENTED_EDGE('',*,*,#3696,.T.);
#3696 = EDGE_CURVE('',#3689,#3697,#3699,.T.);
#3697 = VERTEX_POINT('',#3698);
#3698 = CARTESIAN_POINT('',(-2.4,0.195,0.675));
#3699 = CIRCLE('',#3700,0.25);
#3700 = AXIS2_PLACEMENT_3D('',#3701,#3702,#3703);
#3701 = CARTESIAN_POINT('',(-2.4,0.195,0.425));
#3702 = DIRECTION('',(1.144237745222E-17,1.,-3.851859888774E-34));
#3703 = DIRECTION('',(-0.984807753012,1.126854202784E-17,0.173648177667)
  );
#3704 = ORIENTED_EDGE('',*,*,#3705,.T.);
#3705 = EDGE_CURVE('',#3697,#2292,#3706,.T.);
#3706 = LINE('',#3707,#3708);
#3707 = CARTESIAN_POINT('',(-2.4,0.195,0.675));
#3708 = VECTOR('',#3709,1.);
#3709 = DIRECTION('',(1.,-1.144237745222E-17,0.));
#3710 = PLANE('',#3711);
#3711 = AXIS2_PLACEMENT_3D('',#3712,#3713,#3714);
#3712 = CARTESIAN_POINT('',(-2.637203454365,0.195,0.317854565708));
#3713 = DIRECTION('',(1.144237745222E-17,1.,0.));
#3714 = DIRECTION('',(0.,-0.,1.));
#3715 = ADVANCED_FACE('',(#3716),#3727,.F.);
#3716 = FACE_BOUND('',#3717,.F.);
#3717 = EDGE_LOOP('',(#3718,#3719,#3720,#3726));
#3718 = ORIENTED_EDGE('',*,*,#2277,.T.);
#3719 = ORIENTED_EDGE('',*,*,#3537,.T.);
#3720 = ORIENTED_EDGE('',*,*,#3721,.F.);
#3721 = EDGE_CURVE('',#3630,#3538,#3722,.T.);
#3722 = LINE('',#3723,#3724);
#3723 = CARTESIAN_POINT('',(-2.498480775301,0.195,0.442364817767));
#3724 = VECTOR('',#3725,1.);
#3725 = DIRECTION('',(1.144237745222E-17,1.,0.));
#3726 = ORIENTED_EDGE('',*,*,#3629,.F.);
#3727 = CYLINDRICAL_SURFACE('',#3728,0.1);
#3728 = AXIS2_PLACEMENT_3D('',#3729,#3730,#3731);
#3729 = CARTESIAN_POINT('',(-2.4,0.195,0.425));
#3730 = DIRECTION('',(-1.144237745222E-17,-1.,0.));
#3731 = DIRECTION('',(-4.440892098501E-15,5.081436361563E-32,1.));
#3732 = ADVANCED_FACE('',(#3733),#3758,.T.);
#3733 = FACE_BOUND('',#3734,.T.);
#3734 = EDGE_LOOP('',(#3735,#3743,#3744,#3752));
#3735 = ORIENTED_EDGE('',*,*,#3736,.F.);
#3736 = EDGE_CURVE('',#2292,#3737,#3739,.T.);
#3737 = VERTEX_POINT('',#3738);
#3738 = CARTESIAN_POINT('',(-2.15,0.195,0.675));
#3739 = LINE('',#3740,#3741);
#3740 = CARTESIAN_POINT('',(-2.4,0.195,0.675));
#3741 = VECTOR('',#3742,1.);
#3742 = DIRECTION('',(1.,-1.144237745222E-17,0.));
#3743 = ORIENTED_EDGE('',*,*,#2308,.T.);
#3744 = ORIENTED_EDGE('',*,*,#3745,.T.);
#3745 = EDGE_CURVE('',#2301,#3746,#3748,.T.);
#3746 = VERTEX_POINT('',#3747);
#3747 = CARTESIAN_POINT('',(-2.15,-0.195,0.675));
#3748 = LINE('',#3749,#3750);
#3749 = CARTESIAN_POINT('',(-2.4,-0.195,0.675));
#3750 = VECTOR('',#3751,1.);
#3751 = DIRECTION('',(1.,-1.144237745222E-17,0.));
#3752 = ORIENTED_EDGE('',*,*,#3753,.F.);
#3753 = EDGE_CURVE('',#3737,#3746,#3754,.T.);
#3754 = LINE('',#3755,#3756);
#3755 = CARTESIAN_POINT('',(-2.15,2.45,0.675));
#3756 = VECTOR('',#3757,1.);
#3757 = DIRECTION('',(1.110223024625E-16,-1.,0.));
#3758 = PLANE('',#3759);
#3759 = AXIS2_PLACEMENT_3D('',#3760,#3761,#3762);
#3760 = CARTESIAN_POINT('',(-2.175,-2.561541428923E-16,0.675));
#3761 = DIRECTION('',(2.761013168274E-27,-5.587354617935E-32,1.));
#3762 = DIRECTION('',(1.108818684461E-16,-1.,-5.587354617966E-32));
#3763 = ADVANCED_FACE('',(#3764),#3850,.T.);
#3764 = FACE_BOUND('',#3765,.T.);
#3765 = EDGE_LOOP('',(#3766,#3767,#3768,#3777,#3785,#3794,#3802,#3810,
    #3818,#3827,#3835,#3844));
#3766 = ORIENTED_EDGE('',*,*,#2300,.T.);
#3767 = ORIENTED_EDGE('',*,*,#2331,.T.);
#3768 = ORIENTED_EDGE('',*,*,#3769,.T.);
#3769 = EDGE_CURVE('',#2332,#3770,#3772,.T.);
#3770 = VERTEX_POINT('',#3771);
#3771 = CARTESIAN_POINT('',(-2.498480775301,-0.195,0.442364817767));
#3772 = CIRCLE('',#3773,0.1);
#3773 = AXIS2_PLACEMENT_3D('',#3774,#3775,#3776);
#3774 = CARTESIAN_POINT('',(-2.4,-0.195,0.425));
#3775 = DIRECTION('',(-1.144237745222E-17,-1.,4.379057701015E-47));
#3776 = DIRECTION('',(-4.440892098501E-15,5.081436361563E-32,1.));
#3777 = ORIENTED_EDGE('',*,*,#3778,.T.);
#3778 = EDGE_CURVE('',#3770,#3779,#3781,.T.);
#3779 = VERTEX_POINT('',#3780);
#3780 = CARTESIAN_POINT('',(-2.534655283371,-0.195,0.206587955583));
#3781 = LINE('',#3782,#3783);
#3782 = CARTESIAN_POINT('',(-2.498480775301,-0.195,0.442364817767));
#3783 = VECTOR('',#3784,1.);
#3784 = DIRECTION('',(-0.151652327974,1.735263178185E-18,-0.988433898356
    ));
#3785 = ORIENTED_EDGE('',*,*,#3786,.T.);
#3786 = EDGE_CURVE('',#3779,#3787,#3789,.T.);
#3787 = VERTEX_POINT('',#3788);
#3788 = CARTESIAN_POINT('',(-2.780857221624,-0.195,-1.665334536938E-16)
  );
#3789 = CIRCLE('',#3790,0.25);
#3790 = AXIS2_PLACEMENT_3D('',#3791,#3792,#3793);
#3791 = CARTESIAN_POINT('',(-2.780857221624,-0.195,0.25));
#3792 = DIRECTION('',(1.144237745222E-17,1.,7.703719777549E-34));
#3793 = DIRECTION('',(0.984807753012,-1.126854202784E-17,-0.173648177667
    ));
#3794 = ORIENTED_EDGE('',*,*,#3795,.T.);
#3795 = EDGE_CURVE('',#3787,#3796,#3798,.T.);
#3796 = VERTEX_POINT('',#3797);
#3797 = CARTESIAN_POINT('',(-3.2,-0.195,-1.665334536938E-16));
#3798 = LINE('',#3799,#3800);
#3799 = CARTESIAN_POINT('',(-2.780857221624,-0.195,-1.665334536938E-16)
  );
#3800 = VECTOR('',#3801,1.);
#3801 = DIRECTION('',(-1.,1.144237745222E-17,0.));
#3802 = ORIENTED_EDGE('',*,*,#3803,.T.);
#3803 = EDGE_CURVE('',#3796,#3804,#3806,.T.);
#3804 = VERTEX_POINT('',#3805);
#3805 = CARTESIAN_POINT('',(-3.2,-0.195,0.15));
#3806 = LINE('',#3807,#3808);
#3807 = CARTESIAN_POINT('',(-3.2,-0.195,-1.665334536938E-16));
#3808 = VECTOR('',#3809,1.);
#3809 = DIRECTION('',(0.,0.,1.));
#3810 = ORIENTED_EDGE('',*,*,#3811,.T.);
#3811 = EDGE_CURVE('',#3804,#3812,#3814,.T.);
#3812 = VERTEX_POINT('',#3813);
#3813 = CARTESIAN_POINT('',(-2.780857221624,-0.195,0.15));
#3814 = LINE('',#3815,#3816);
#3815 = CARTESIAN_POINT('',(-3.2,-0.195,0.15));
#3816 = VECTOR('',#3817,1.);
#3817 = DIRECTION('',(1.,-1.144237745222E-17,0.));
#3818 = ORIENTED_EDGE('',*,*,#3819,.T.);
#3819 = EDGE_CURVE('',#3812,#3820,#3822,.T.);
#3820 = VERTEX_POINT('',#3821);
#3821 = CARTESIAN_POINT('',(-2.682376446323,-0.195,0.232635182233));
#3822 = CIRCLE('',#3823,0.1);
#3823 = AXIS2_PLACEMENT_3D('',#3824,#3825,#3826);
#3824 = CARTESIAN_POINT('',(-2.780857221624,-0.195,0.25));
#3825 = DIRECTION('',(-1.144237745222E-17,-1.,-0.));
#3826 = DIRECTION('',(0.,0.,-1.));
#3827 = ORIENTED_EDGE('',*,*,#3828,.T.);
#3828 = EDGE_CURVE('',#3820,#3829,#3831,.T.);
#3829 = VERTEX_POINT('',#3830);
#3830 = CARTESIAN_POINT('',(-2.646201938253,-0.195,0.468412044417));
#3831 = LINE('',#3832,#3833);
#3832 = CARTESIAN_POINT('',(-2.682376446323,-0.195,0.232635182233));
#3833 = VECTOR('',#3834,1.);
#3834 = DIRECTION('',(0.151652327974,-1.735263178185E-18,0.988433898356)
  );
#3835 = ORIENTED_EDGE('',*,*,#3836,.T.);
#3836 = EDGE_CURVE('',#3829,#3837,#3839,.T.);
#3837 = VERTEX_POINT('',#3838);
#3838 = CARTESIAN_POINT('',(-2.4,-0.195,0.675));
#3839 = CIRCLE('',#3840,0.25);
#3840 = AXIS2_PLACEMENT_3D('',#3841,#3842,#3843);
#3841 = CARTESIAN_POINT('',(-2.4,-0.195,0.425));
#3842 = DIRECTION('',(1.144237745222E-17,1.,-3.851859888774E-34));
#3843 = DIRECTION('',(-0.984807753012,1.126854202784E-17,0.173648177667)
  );
#3844 = ORIENTED_EDGE('',*,*,#3845,.T.);
#3845 = EDGE_CURVE('',#3837,#2301,#3846,.T.);
#3846 = LINE('',#3847,#3848);
#3847 = CARTESIAN_POINT('',(-2.4,-0.195,0.675));
#3848 = VECTOR('',#3849,1.);
#3849 = DIRECTION('',(1.,-1.144237745222E-17,0.));
#3850 = PLANE('',#3851);
#3851 = AXIS2_PLACEMENT_3D('',#3852,#3853,#3854);
#3852 = CARTESIAN_POINT('',(-2.637203454365,-0.195,0.317854565708));
#3853 = DIRECTION('',(1.144237745222E-17,1.,0.));
#3854 = DIRECTION('',(0.,-0.,1.));
#3855 = ADVANCED_FACE('',(#3856),#3942,.F.);
#3856 = FACE_BOUND('',#3857,.F.);
#3857 = EDGE_LOOP('',(#3858,#3859,#3860,#3869,#3877,#3886,#3894,#3902,
    #3910,#3919,#3927,#3936));
#3858 = ORIENTED_EDGE('',*,*,#2353,.T.);
#3859 = ORIENTED_EDGE('',*,*,#2322,.T.);
#3860 = ORIENTED_EDGE('',*,*,#3861,.T.);
#3861 = EDGE_CURVE('',#2323,#3862,#3864,.T.);
#3862 = VERTEX_POINT('',#3863);
#3863 = CARTESIAN_POINT('',(-2.498480775301,-0.455,0.442364817767));
#3864 = CIRCLE('',#3865,0.1);
#3865 = AXIS2_PLACEMENT_3D('',#3866,#3867,#3868);
#3866 = CARTESIAN_POINT('',(-2.4,-0.455,0.425));
#3867 = DIRECTION('',(-1.144237745222E-17,-1.,4.379057701015E-47));
#3868 = DIRECTION('',(-4.440892098501E-15,5.081436361563E-32,1.));
#3869 = ORIENTED_EDGE('',*,*,#3870,.T.);
#3870 = EDGE_CURVE('',#3862,#3871,#3873,.T.);
#3871 = VERTEX_POINT('',#3872);
#3872 = CARTESIAN_POINT('',(-2.534655283371,-0.455,0.206587955583));
#3873 = LINE('',#3874,#3875);
#3874 = CARTESIAN_POINT('',(-2.498480775301,-0.455,0.442364817767));
#3875 = VECTOR('',#3876,1.);
#3876 = DIRECTION('',(-0.151652327974,1.735263178185E-18,-0.988433898356
    ));
#3877 = ORIENTED_EDGE('',*,*,#3878,.T.);
#3878 = EDGE_CURVE('',#3871,#3879,#3881,.T.);
#3879 = VERTEX_POINT('',#3880);
#3880 = CARTESIAN_POINT('',(-2.780857221624,-0.455,-1.665334536938E-16)
  );
#3881 = CIRCLE('',#3882,0.25);
#3882 = AXIS2_PLACEMENT_3D('',#3883,#3884,#3885);
#3883 = CARTESIAN_POINT('',(-2.780857221624,-0.455,0.25));
#3884 = DIRECTION('',(1.144237745222E-17,1.,7.703719777549E-34));
#3885 = DIRECTION('',(0.984807753012,-1.126854202784E-17,-0.173648177667
    ));
#3886 = ORIENTED_EDGE('',*,*,#3887,.T.);
#3887 = EDGE_CURVE('',#3879,#3888,#3890,.T.);
#3888 = VERTEX_POINT('',#3889);
#3889 = CARTESIAN_POINT('',(-3.2,-0.455,-1.665334536938E-16));
#3890 = LINE('',#3891,#3892);
#3891 = CARTESIAN_POINT('',(-2.780857221624,-0.455,-1.665334536938E-16)
  );
#3892 = VECTOR('',#3893,1.);
#3893 = DIRECTION('',(-1.,1.144237745222E-17,0.));
#3894 = ORIENTED_EDGE('',*,*,#3895,.T.);
#3895 = EDGE_CURVE('',#3888,#3896,#3898,.T.);
#3896 = VERTEX_POINT('',#3897);
#3897 = CARTESIAN_POINT('',(-3.2,-0.455,0.15));
#3898 = LINE('',#3899,#3900);
#3899 = CARTESIAN_POINT('',(-3.2,-0.455,-1.665334536938E-16));
#3900 = VECTOR('',#3901,1.);
#3901 = DIRECTION('',(0.,0.,1.));
#3902 = ORIENTED_EDGE('',*,*,#3903,.T.);
#3903 = EDGE_CURVE('',#3896,#3904,#3906,.T.);
#3904 = VERTEX_POINT('',#3905);
#3905 = CARTESIAN_POINT('',(-2.780857221624,-0.455,0.15));
#3906 = LINE('',#3907,#3908);
#3907 = CARTESIAN_POINT('',(-3.2,-0.455,0.15));
#3908 = VECTOR('',#3909,1.);
#3909 = DIRECTION('',(1.,-1.144237745222E-17,0.));
#3910 = ORIENTED_EDGE('',*,*,#3911,.T.);
#3911 = EDGE_CURVE('',#3904,#3912,#3914,.T.);
#3912 = VERTEX_POINT('',#3913);
#3913 = CARTESIAN_POINT('',(-2.682376446323,-0.455,0.232635182233));
#3914 = CIRCLE('',#3915,0.1);
#3915 = AXIS2_PLACEMENT_3D('',#3916,#3917,#3918);
#3916 = CARTESIAN_POINT('',(-2.780857221624,-0.455,0.25));
#3917 = DIRECTION('',(-1.144237745222E-17,-1.,-0.));
#3918 = DIRECTION('',(0.,0.,-1.));
#3919 = ORIENTED_EDGE('',*,*,#3920,.T.);
#3920 = EDGE_CURVE('',#3912,#3921,#3923,.T.);
#3921 = VERTEX_POINT('',#3922);
#3922 = CARTESIAN_POINT('',(-2.646201938253,-0.455,0.468412044417));
#3923 = LINE('',#3924,#3925);
#3924 = CARTESIAN_POINT('',(-2.682376446323,-0.455,0.232635182233));
#3925 = VECTOR('',#3926,1.);
#3926 = DIRECTION('',(0.151652327974,-1.735263178185E-18,0.988433898356)
  );
#3927 = ORIENTED_EDGE('',*,*,#3928,.T.);
#3928 = EDGE_CURVE('',#3921,#3929,#3931,.T.);
#3929 = VERTEX_POINT('',#3930);
#3930 = CARTESIAN_POINT('',(-2.4,-0.455,0.675));
#3931 = CIRCLE('',#3932,0.25);
#3932 = AXIS2_PLACEMENT_3D('',#3933,#3934,#3935);
#3933 = CARTESIAN_POINT('',(-2.4,-0.455,0.425));
#3934 = DIRECTION('',(1.144237745222E-17,1.,-3.851859888774E-34));
#3935 = DIRECTION('',(-0.984807753012,1.126854202784E-17,0.173648177667)
  );
#3936 = ORIENTED_EDGE('',*,*,#3937,.T.);
#3937 = EDGE_CURVE('',#3929,#2354,#3938,.T.);
#3938 = LINE('',#3939,#3940);
#3939 = CARTESIAN_POINT('',(-2.4,-0.455,0.675));
#3940 = VECTOR('',#3941,1.);
#3941 = DIRECTION('',(1.,-1.144237745222E-17,0.));
#3942 = PLANE('',#3943);
#3943 = AXIS2_PLACEMENT_3D('',#3944,#3945,#3946);
#3944 = CARTESIAN_POINT('',(-2.637203454365,-0.455,0.317854565708));
#3945 = DIRECTION('',(1.144237745222E-17,1.,0.));
#3946 = DIRECTION('',(0.,-0.,1.));
#3947 = ADVANCED_FACE('',(#3948),#3959,.F.);
#3948 = FACE_BOUND('',#3949,.F.);
#3949 = EDGE_LOOP('',(#3950,#3951,#3952,#3958));
#3950 = ORIENTED_EDGE('',*,*,#2339,.T.);
#3951 = ORIENTED_EDGE('',*,*,#3769,.T.);
#3952 = ORIENTED_EDGE('',*,*,#3953,.F.);
#3953 = EDGE_CURVE('',#3862,#3770,#3954,.T.);
#3954 = LINE('',#3955,#3956);
#3955 = CARTESIAN_POINT('',(-2.498480775301,-0.455,0.442364817767));
#3956 = VECTOR('',#3957,1.);
#3957 = DIRECTION('',(1.144237745222E-17,1.,0.));
#3958 = ORIENTED_EDGE('',*,*,#3861,.F.);
#3959 = CYLINDRICAL_SURFACE('',#3960,0.1);
#3960 = AXIS2_PLACEMENT_3D('',#3961,#3962,#3963);
#3961 = CARTESIAN_POINT('',(-2.4,-0.455,0.425));
#3962 = DIRECTION('',(-1.144237745222E-17,-1.,0.));
#3963 = DIRECTION('',(-4.440892098501E-15,5.081436361563E-32,1.));
#3964 = ADVANCED_FACE('',(#3965),#3990,.T.);
#3965 = FACE_BOUND('',#3966,.T.);
#3966 = EDGE_LOOP('',(#3967,#3975,#3976,#3984));
#3967 = ORIENTED_EDGE('',*,*,#3968,.F.);
#3968 = EDGE_CURVE('',#2354,#3969,#3971,.T.);
#3969 = VERTEX_POINT('',#3970);
#3970 = CARTESIAN_POINT('',(-2.15,-0.455,0.675));
#3971 = LINE('',#3972,#3973);
#3972 = CARTESIAN_POINT('',(-2.4,-0.455,0.675));
#3973 = VECTOR('',#3974,1.);
#3974 = DIRECTION('',(1.,-1.144237745222E-17,0.));
#3975 = ORIENTED_EDGE('',*,*,#2370,.T.);
#3976 = ORIENTED_EDGE('',*,*,#3977,.T.);
#3977 = EDGE_CURVE('',#2363,#3978,#3980,.T.);
#3978 = VERTEX_POINT('',#3979);
#3979 = CARTESIAN_POINT('',(-2.15,-0.845,0.675));
#3980 = LINE('',#3981,#3982);
#3981 = CARTESIAN_POINT('',(-2.4,-0.845,0.675));
#3982 = VECTOR('',#3983,1.);
#3983 = DIRECTION('',(1.,-1.144237745222E-17,0.));
#3984 = ORIENTED_EDGE('',*,*,#3985,.F.);
#3985 = EDGE_CURVE('',#3969,#3978,#3986,.T.);
#3986 = LINE('',#3987,#3988);
#3987 = CARTESIAN_POINT('',(-2.15,2.45,0.675));
#3988 = VECTOR('',#3989,1.);
#3989 = DIRECTION('',(1.110223024625E-16,-1.,0.));
#3990 = PLANE('',#3991);
#3991 = AXIS2_PLACEMENT_3D('',#3992,#3993,#3994);
#3992 = CARTESIAN_POINT('',(-2.175,-2.561541428923E-16,0.675));
#3993 = DIRECTION('',(2.761013168274E-27,-5.587354617935E-32,1.));
#3994 = DIRECTION('',(1.108818684461E-16,-1.,-5.587354617966E-32));
#3995 = ADVANCED_FACE('',(#3996),#4082,.T.);
#3996 = FACE_BOUND('',#3997,.T.);
#3997 = EDGE_LOOP('',(#3998,#3999,#4000,#4009,#4017,#4026,#4034,#4042,
    #4050,#4059,#4067,#4076));
#3998 = ORIENTED_EDGE('',*,*,#2362,.T.);
#3999 = ORIENTED_EDGE('',*,*,#2393,.T.);
#4000 = ORIENTED_EDGE('',*,*,#4001,.T.);
#4001 = EDGE_CURVE('',#2394,#4002,#4004,.T.);
#4002 = VERTEX_POINT('',#4003);
#4003 = CARTESIAN_POINT('',(-2.498480775301,-0.845,0.442364817767));
#4004 = CIRCLE('',#4005,0.1);
#4005 = AXIS2_PLACEMENT_3D('',#4006,#4007,#4008);
#4006 = CARTESIAN_POINT('',(-2.4,-0.845,0.425));
#4007 = DIRECTION('',(-1.144237745222E-17,-1.,4.379057701015E-47));
#4008 = DIRECTION('',(-4.440892098501E-15,5.081436361563E-32,1.));
#4009 = ORIENTED_EDGE('',*,*,#4010,.T.);
#4010 = EDGE_CURVE('',#4002,#4011,#4013,.T.);
#4011 = VERTEX_POINT('',#4012);
#4012 = CARTESIAN_POINT('',(-2.534655283371,-0.845,0.206587955583));
#4013 = LINE('',#4014,#4015);
#4014 = CARTESIAN_POINT('',(-2.498480775301,-0.845,0.442364817767));
#4015 = VECTOR('',#4016,1.);
#4016 = DIRECTION('',(-0.151652327974,1.735263178185E-18,-0.988433898356
    ));
#4017 = ORIENTED_EDGE('',*,*,#4018,.T.);
#4018 = EDGE_CURVE('',#4011,#4019,#4021,.T.);
#4019 = VERTEX_POINT('',#4020);
#4020 = CARTESIAN_POINT('',(-2.780857221624,-0.845,-1.665334536938E-16)
  );
#4021 = CIRCLE('',#4022,0.25);
#4022 = AXIS2_PLACEMENT_3D('',#4023,#4024,#4025);
#4023 = CARTESIAN_POINT('',(-2.780857221624,-0.845,0.25));
#4024 = DIRECTION('',(1.144237745222E-17,1.,7.703719777549E-34));
#4025 = DIRECTION('',(0.984807753012,-1.126854202784E-17,-0.173648177667
    ));
#4026 = ORIENTED_EDGE('',*,*,#4027,.T.);
#4027 = EDGE_CURVE('',#4019,#4028,#4030,.T.);
#4028 = VERTEX_POINT('',#4029);
#4029 = CARTESIAN_POINT('',(-3.2,-0.845,-1.665334536938E-16));
#4030 = LINE('',#4031,#4032);
#4031 = CARTESIAN_POINT('',(-2.780857221624,-0.845,-1.665334536938E-16)
  );
#4032 = VECTOR('',#4033,1.);
#4033 = DIRECTION('',(-1.,1.144237745222E-17,0.));
#4034 = ORIENTED_EDGE('',*,*,#4035,.T.);
#4035 = EDGE_CURVE('',#4028,#4036,#4038,.T.);
#4036 = VERTEX_POINT('',#4037);
#4037 = CARTESIAN_POINT('',(-3.2,-0.845,0.15));
#4038 = LINE('',#4039,#4040);
#4039 = CARTESIAN_POINT('',(-3.2,-0.845,-1.665334536938E-16));
#4040 = VECTOR('',#4041,1.);
#4041 = DIRECTION('',(0.,0.,1.));
#4042 = ORIENTED_EDGE('',*,*,#4043,.T.);
#4043 = EDGE_CURVE('',#4036,#4044,#4046,.T.);
#4044 = VERTEX_POINT('',#4045);
#4045 = CARTESIAN_POINT('',(-2.780857221624,-0.845,0.15));
#4046 = LINE('',#4047,#4048);
#4047 = CARTESIAN_POINT('',(-3.2,-0.845,0.15));
#4048 = VECTOR('',#4049,1.);
#4049 = DIRECTION('',(1.,-1.144237745222E-17,0.));
#4050 = ORIENTED_EDGE('',*,*,#4051,.T.);
#4051 = EDGE_CURVE('',#4044,#4052,#4054,.T.);
#4052 = VERTEX_POINT('',#4053);
#4053 = CARTESIAN_POINT('',(-2.682376446323,-0.845,0.232635182233));
#4054 = CIRCLE('',#4055,0.1);
#4055 = AXIS2_PLACEMENT_3D('',#4056,#4057,#4058);
#4056 = CARTESIAN_POINT('',(-2.780857221624,-0.845,0.25));
#4057 = DIRECTION('',(-1.144237745222E-17,-1.,-0.));
#4058 = DIRECTION('',(0.,0.,-1.));
#4059 = ORIENTED_EDGE('',*,*,#4060,.T.);
#4060 = EDGE_CURVE('',#4052,#4061,#4063,.T.);
#4061 = VERTEX_POINT('',#4062);
#4062 = CARTESIAN_POINT('',(-2.646201938253,-0.845,0.468412044417));
#4063 = LINE('',#4064,#4065);
#4064 = CARTESIAN_POINT('',(-2.682376446323,-0.845,0.232635182233));
#4065 = VECTOR('',#4066,1.);
#4066 = DIRECTION('',(0.151652327974,-1.735263178185E-18,0.988433898356)
  );
#4067 = ORIENTED_EDGE('',*,*,#4068,.T.);
#4068 = EDGE_CURVE('',#4061,#4069,#4071,.T.);
#4069 = VERTEX_POINT('',#4070);
#4070 = CARTESIAN_POINT('',(-2.4,-0.845,0.675));
#4071 = CIRCLE('',#4072,0.25);
#4072 = AXIS2_PLACEMENT_3D('',#4073,#4074,#4075);
#4073 = CARTESIAN_POINT('',(-2.4,-0.845,0.425));
#4074 = DIRECTION('',(1.144237745222E-17,1.,-3.851859888774E-34));
#4075 = DIRECTION('',(-0.984807753012,1.126854202784E-17,0.173648177667)
  );
#4076 = ORIENTED_EDGE('',*,*,#4077,.T.);
#4077 = EDGE_CURVE('',#4069,#2363,#4078,.T.);
#4078 = LINE('',#4079,#4080);
#4079 = CARTESIAN_POINT('',(-2.4,-0.845,0.675));
#4080 = VECTOR('',#4081,1.);
#4081 = DIRECTION('',(1.,-1.144237745222E-17,0.));
#4082 = PLANE('',#4083);
#4083 = AXIS2_PLACEMENT_3D('',#4084,#4085,#4086);
#4084 = CARTESIAN_POINT('',(-2.637203454365,-0.845,0.317854565708));
#4085 = DIRECTION('',(1.144237745222E-17,1.,0.));
#4086 = DIRECTION('',(0.,-0.,1.));
#4087 = ADVANCED_FACE('',(#4088),#4174,.F.);
#4088 = FACE_BOUND('',#4089,.F.);
#4089 = EDGE_LOOP('',(#4090,#4091,#4092,#4101,#4109,#4118,#4126,#4134,
    #4142,#4151,#4159,#4168));
#4090 = ORIENTED_EDGE('',*,*,#2415,.T.);
#4091 = ORIENTED_EDGE('',*,*,#2384,.T.);
#4092 = ORIENTED_EDGE('',*,*,#4093,.T.);
#4093 = EDGE_CURVE('',#2385,#4094,#4096,.T.);
#4094 = VERTEX_POINT('',#4095);
#4095 = CARTESIAN_POINT('',(-2.498480775301,-1.105,0.442364817767));
#4096 = CIRCLE('',#4097,0.1);
#4097 = AXIS2_PLACEMENT_3D('',#4098,#4099,#4100);
#4098 = CARTESIAN_POINT('',(-2.4,-1.105,0.425));
#4099 = DIRECTION('',(-1.144237745222E-17,-1.,4.379057701015E-47));
#4100 = DIRECTION('',(-4.440892098501E-15,5.081436361563E-32,1.));
#4101 = ORIENTED_EDGE('',*,*,#4102,.T.);
#4102 = EDGE_CURVE('',#4094,#4103,#4105,.T.);
#4103 = VERTEX_POINT('',#4104);
#4104 = CARTESIAN_POINT('',(-2.534655283371,-1.105,0.206587955583));
#4105 = LINE('',#4106,#4107);
#4106 = CARTESIAN_POINT('',(-2.498480775301,-1.105,0.442364817767));
#4107 = VECTOR('',#4108,1.);
#4108 = DIRECTION('',(-0.151652327974,1.735263178185E-18,-0.988433898356
    ));
#4109 = ORIENTED_EDGE('',*,*,#4110,.T.);
#4110 = EDGE_CURVE('',#4103,#4111,#4113,.T.);
#4111 = VERTEX_POINT('',#4112);
#4112 = CARTESIAN_POINT('',(-2.780857221624,-1.105,-1.665334536938E-16)
  );
#4113 = CIRCLE('',#4114,0.25);
#4114 = AXIS2_PLACEMENT_3D('',#4115,#4116,#4117);
#4115 = CARTESIAN_POINT('',(-2.780857221624,-1.105,0.25));
#4116 = DIRECTION('',(1.144237745222E-17,1.,7.703719777549E-34));
#4117 = DIRECTION('',(0.984807753012,-1.126854202784E-17,-0.173648177667
    ));
#4118 = ORIENTED_EDGE('',*,*,#4119,.T.);
#4119 = EDGE_CURVE('',#4111,#4120,#4122,.T.);
#4120 = VERTEX_POINT('',#4121);
#4121 = CARTESIAN_POINT('',(-3.2,-1.105,-1.665334536938E-16));
#4122 = LINE('',#4123,#4124);
#4123 = CARTESIAN_POINT('',(-2.780857221624,-1.105,-1.665334536938E-16)
  );
#4124 = VECTOR('',#4125,1.);
#4125 = DIRECTION('',(-1.,1.144237745222E-17,0.));
#4126 = ORIENTED_EDGE('',*,*,#4127,.T.);
#4127 = EDGE_CURVE('',#4120,#4128,#4130,.T.);
#4128 = VERTEX_POINT('',#4129);
#4129 = CARTESIAN_POINT('',(-3.2,-1.105,0.15));
#4130 = LINE('',#4131,#4132);
#4131 = CARTESIAN_POINT('',(-3.2,-1.105,-1.665334536938E-16));
#4132 = VECTOR('',#4133,1.);
#4133 = DIRECTION('',(0.,0.,1.));
#4134 = ORIENTED_EDGE('',*,*,#4135,.T.);
#4135 = EDGE_CURVE('',#4128,#4136,#4138,.T.);
#4136 = VERTEX_POINT('',#4137);
#4137 = CARTESIAN_POINT('',(-2.780857221624,-1.105,0.15));
#4138 = LINE('',#4139,#4140);
#4139 = CARTESIAN_POINT('',(-3.2,-1.105,0.15));
#4140 = VECTOR('',#4141,1.);
#4141 = DIRECTION('',(1.,-1.144237745222E-17,0.));
#4142 = ORIENTED_EDGE('',*,*,#4143,.T.);
#4143 = EDGE_CURVE('',#4136,#4144,#4146,.T.);
#4144 = VERTEX_POINT('',#4145);
#4145 = CARTESIAN_POINT('',(-2.682376446323,-1.105,0.232635182233));
#4146 = CIRCLE('',#4147,0.1);
#4147 = AXIS2_PLACEMENT_3D('',#4148,#4149,#4150);
#4148 = CARTESIAN_POINT('',(-2.780857221624,-1.105,0.25));
#4149 = DIRECTION('',(-1.144237745222E-17,-1.,-0.));
#4150 = DIRECTION('',(0.,0.,-1.));
#4151 = ORIENTED_EDGE('',*,*,#4152,.T.);
#4152 = EDGE_CURVE('',#4144,#4153,#4155,.T.);
#4153 = VERTEX_POINT('',#4154);
#4154 = CARTESIAN_POINT('',(-2.646201938253,-1.105,0.468412044417));
#4155 = LINE('',#4156,#4157);
#4156 = CARTESIAN_POINT('',(-2.682376446323,-1.105,0.232635182233));
#4157 = VECTOR('',#4158,1.);
#4158 = DIRECTION('',(0.151652327974,-1.735263178185E-18,0.988433898356)
  );
#4159 = ORIENTED_EDGE('',*,*,#4160,.T.);
#4160 = EDGE_CURVE('',#4153,#4161,#4163,.T.);
#4161 = VERTEX_POINT('',#4162);
#4162 = CARTESIAN_POINT('',(-2.4,-1.105,0.675));
#4163 = CIRCLE('',#4164,0.25);
#4164 = AXIS2_PLACEMENT_3D('',#4165,#4166,#4167);
#4165 = CARTESIAN_POINT('',(-2.4,-1.105,0.425));
#4166 = DIRECTION('',(1.144237745222E-17,1.,-3.851859888774E-34));
#4167 = DIRECTION('',(-0.984807753012,1.126854202784E-17,0.173648177667)
  );
#4168 = ORIENTED_EDGE('',*,*,#4169,.T.);
#4169 = EDGE_CURVE('',#4161,#2416,#4170,.T.);
#4170 = LINE('',#4171,#4172);
#4171 = CARTESIAN_POINT('',(-2.4,-1.105,0.675));
#4172 = VECTOR('',#4173,1.);
#4173 = DIRECTION('',(1.,-1.144237745222E-17,0.));
#4174 = PLANE('',#4175);
#4175 = AXIS2_PLACEMENT_3D('',#4176,#4177,#4178);
#4176 = CARTESIAN_POINT('',(-2.637203454365,-1.105,0.317854565708));
#4177 = DIRECTION('',(1.144237745222E-17,1.,0.));
#4178 = DIRECTION('',(0.,-0.,1.));
#4179 = ADVANCED_FACE('',(#4180),#4191,.F.);
#4180 = FACE_BOUND('',#4181,.F.);
#4181 = EDGE_LOOP('',(#4182,#4183,#4184,#4190));
#4182 = ORIENTED_EDGE('',*,*,#2401,.T.);
#4183 = ORIENTED_EDGE('',*,*,#4001,.T.);
#4184 = ORIENTED_EDGE('',*,*,#4185,.F.);
#4185 = EDGE_CURVE('',#4094,#4002,#4186,.T.);
#4186 = LINE('',#4187,#4188);
#4187 = CARTESIAN_POINT('',(-2.498480775301,-1.105,0.442364817767));
#4188 = VECTOR('',#4189,1.);
#4189 = DIRECTION('',(1.144237745222E-17,1.,0.));
#4190 = ORIENTED_EDGE('',*,*,#4093,.F.);
#4191 = CYLINDRICAL_SURFACE('',#4192,0.1);
#4192 = AXIS2_PLACEMENT_3D('',#4193,#4194,#4195);
#4193 = CARTESIAN_POINT('',(-2.4,-1.105,0.425));
#4194 = DIRECTION('',(-1.144237745222E-17,-1.,0.));
#4195 = DIRECTION('',(-4.440892098501E-15,5.081436361563E-32,1.));
#4196 = ADVANCED_FACE('',(#4197),#4222,.T.);
#4197 = FACE_BOUND('',#4198,.T.);
#4198 = EDGE_LOOP('',(#4199,#4207,#4208,#4216));
#4199 = ORIENTED_EDGE('',*,*,#4200,.F.);
#4200 = EDGE_CURVE('',#2416,#4201,#4203,.T.);
#4201 = VERTEX_POINT('',#4202);
#4202 = CARTESIAN_POINT('',(-2.15,-1.105,0.675));
#4203 = LINE('',#4204,#4205);
#4204 = CARTESIAN_POINT('',(-2.4,-1.105,0.675));
#4205 = VECTOR('',#4206,1.);
#4206 = DIRECTION('',(1.,-1.144237745222E-17,0.));
#4207 = ORIENTED_EDGE('',*,*,#2432,.T.);
#4208 = ORIENTED_EDGE('',*,*,#4209,.T.);
#4209 = EDGE_CURVE('',#2425,#4210,#4212,.T.);
#4210 = VERTEX_POINT('',#4211);
#4211 = CARTESIAN_POINT('',(-2.15,-1.495,0.675));
#4212 = LINE('',#4213,#4214);
#4213 = CARTESIAN_POINT('',(-2.4,-1.495,0.675));
#4214 = VECTOR('',#4215,1.);
#4215 = DIRECTION('',(1.,-1.144237745222E-17,0.));
#4216 = ORIENTED_EDGE('',*,*,#4217,.F.);
#4217 = EDGE_CURVE('',#4201,#4210,#4218,.T.);
#4218 = LINE('',#4219,#4220);
#4219 = CARTESIAN_POINT('',(-2.15,2.45,0.675));
#4220 = VECTOR('',#4221,1.);
#4221 = DIRECTION('',(1.110223024625E-16,-1.,0.));
#4222 = PLANE('',#4223);
#4223 = AXIS2_PLACEMENT_3D('',#4224,#4225,#4226);
#4224 = CARTESIAN_POINT('',(-2.175,-2.561541428923E-16,0.675));
#4225 = DIRECTION('',(2.761013168274E-27,-5.587354617935E-32,1.));
#4226 = DIRECTION('',(1.108818684461E-16,-1.,-5.587354617966E-32));
#4227 = ADVANCED_FACE('',(#4228),#4314,.T.);
#4228 = FACE_BOUND('',#4229,.T.);
#4229 = EDGE_LOOP('',(#4230,#4231,#4232,#4241,#4249,#4258,#4266,#4274,
    #4282,#4291,#4299,#4308));
#4230 = ORIENTED_EDGE('',*,*,#2424,.T.);
#4231 = ORIENTED_EDGE('',*,*,#2455,.T.);
#4232 = ORIENTED_EDGE('',*,*,#4233,.T.);
#4233 = EDGE_CURVE('',#2456,#4234,#4236,.T.);
#4234 = VERTEX_POINT('',#4235);
#4235 = CARTESIAN_POINT('',(-2.498480775301,-1.495,0.442364817767));
#4236 = CIRCLE('',#4237,0.1);
#4237 = AXIS2_PLACEMENT_3D('',#4238,#4239,#4240);
#4238 = CARTESIAN_POINT('',(-2.4,-1.495,0.425));
#4239 = DIRECTION('',(-1.144237745222E-17,-1.,4.379057701015E-47));
#4240 = DIRECTION('',(-4.440892098501E-15,5.081436361563E-32,1.));
#4241 = ORIENTED_EDGE('',*,*,#4242,.T.);
#4242 = EDGE_CURVE('',#4234,#4243,#4245,.T.);
#4243 = VERTEX_POINT('',#4244);
#4244 = CARTESIAN_POINT('',(-2.534655283371,-1.495,0.206587955583));
#4245 = LINE('',#4246,#4247);
#4246 = CARTESIAN_POINT('',(-2.498480775301,-1.495,0.442364817767));
#4247 = VECTOR('',#4248,1.);
#4248 = DIRECTION('',(-0.151652327974,1.735263178185E-18,-0.988433898356
    ));
#4249 = ORIENTED_EDGE('',*,*,#4250,.T.);
#4250 = EDGE_CURVE('',#4243,#4251,#4253,.T.);
#4251 = VERTEX_POINT('',#4252);
#4252 = CARTESIAN_POINT('',(-2.780857221624,-1.495,-1.665334536938E-16)
  );
#4253 = CIRCLE('',#4254,0.25);
#4254 = AXIS2_PLACEMENT_3D('',#4255,#4256,#4257);
#4255 = CARTESIAN_POINT('',(-2.780857221624,-1.495,0.25));
#4256 = DIRECTION('',(1.144237745222E-17,1.,7.703719777549E-34));
#4257 = DIRECTION('',(0.984807753012,-1.126854202784E-17,-0.173648177667
    ));
#4258 = ORIENTED_EDGE('',*,*,#4259,.T.);
#4259 = EDGE_CURVE('',#4251,#4260,#4262,.T.);
#4260 = VERTEX_POINT('',#4261);
#4261 = CARTESIAN_POINT('',(-3.2,-1.495,-1.665334536938E-16));
#4262 = LINE('',#4263,#4264);
#4263 = CARTESIAN_POINT('',(-2.780857221624,-1.495,-1.665334536938E-16)
  );
#4264 = VECTOR('',#4265,1.);
#4265 = DIRECTION('',(-1.,1.144237745222E-17,0.));
#4266 = ORIENTED_EDGE('',*,*,#4267,.T.);
#4267 = EDGE_CURVE('',#4260,#4268,#4270,.T.);
#4268 = VERTEX_POINT('',#4269);
#4269 = CARTESIAN_POINT('',(-3.2,-1.495,0.15));
#4270 = LINE('',#4271,#4272);
#4271 = CARTESIAN_POINT('',(-3.2,-1.495,-1.665334536938E-16));
#4272 = VECTOR('',#4273,1.);
#4273 = DIRECTION('',(0.,0.,1.));
#4274 = ORIENTED_EDGE('',*,*,#4275,.T.);
#4275 = EDGE_CURVE('',#4268,#4276,#4278,.T.);
#4276 = VERTEX_POINT('',#4277);
#4277 = CARTESIAN_POINT('',(-2.780857221624,-1.495,0.15));
#4278 = LINE('',#4279,#4280);
#4279 = CARTESIAN_POINT('',(-3.2,-1.495,0.15));
#4280 = VECTOR('',#4281,1.);
#4281 = DIRECTION('',(1.,-1.144237745222E-17,0.));
#4282 = ORIENTED_EDGE('',*,*,#4283,.T.);
#4283 = EDGE_CURVE('',#4276,#4284,#4286,.T.);
#4284 = VERTEX_POINT('',#4285);
#4285 = CARTESIAN_POINT('',(-2.682376446323,-1.495,0.232635182233));
#4286 = CIRCLE('',#4287,0.1);
#4287 = AXIS2_PLACEMENT_3D('',#4288,#4289,#4290);
#4288 = CARTESIAN_POINT('',(-2.780857221624,-1.495,0.25));
#4289 = DIRECTION('',(-1.144237745222E-17,-1.,-0.));
#4290 = DIRECTION('',(0.,0.,-1.));
#4291 = ORIENTED_EDGE('',*,*,#4292,.T.);
#4292 = EDGE_CURVE('',#4284,#4293,#4295,.T.);
#4293 = VERTEX_POINT('',#4294);
#4294 = CARTESIAN_POINT('',(-2.646201938253,-1.495,0.468412044417));
#4295 = LINE('',#4296,#4297);
#4296 = CARTESIAN_POINT('',(-2.682376446323,-1.495,0.232635182233));
#4297 = VECTOR('',#4298,1.);
#4298 = DIRECTION('',(0.151652327974,-1.735263178185E-18,0.988433898356)
  );
#4299 = ORIENTED_EDGE('',*,*,#4300,.T.);
#4300 = EDGE_CURVE('',#4293,#4301,#4303,.T.);
#4301 = VERTEX_POINT('',#4302);
#4302 = CARTESIAN_POINT('',(-2.4,-1.495,0.675));
#4303 = CIRCLE('',#4304,0.25);
#4304 = AXIS2_PLACEMENT_3D('',#4305,#4306,#4307);
#4305 = CARTESIAN_POINT('',(-2.4,-1.495,0.425));
#4306 = DIRECTION('',(1.144237745222E-17,1.,-3.851859888774E-34));
#4307 = DIRECTION('',(-0.984807753012,1.126854202784E-17,0.173648177667)
  );
#4308 = ORIENTED_EDGE('',*,*,#4309,.T.);
#4309 = EDGE_CURVE('',#4301,#2425,#4310,.T.);
#4310 = LINE('',#4311,#4312);
#4311 = CARTESIAN_POINT('',(-2.4,-1.495,0.675));
#4312 = VECTOR('',#4313,1.);
#4313 = DIRECTION('',(1.,-1.144237745222E-17,0.));
#4314 = PLANE('',#4315);
#4315 = AXIS2_PLACEMENT_3D('',#4316,#4317,#4318);
#4316 = CARTESIAN_POINT('',(-2.637203454365,-1.495,0.317854565708));
#4317 = DIRECTION('',(1.144237745222E-17,1.,0.));
#4318 = DIRECTION('',(0.,-0.,1.));
#4319 = ADVANCED_FACE('',(#4320),#4406,.F.);
#4320 = FACE_BOUND('',#4321,.F.);
#4321 = EDGE_LOOP('',(#4322,#4323,#4324,#4333,#4341,#4350,#4358,#4366,
    #4374,#4383,#4391,#4400));
#4322 = ORIENTED_EDGE('',*,*,#2477,.T.);
#4323 = ORIENTED_EDGE('',*,*,#2446,.T.);
#4324 = ORIENTED_EDGE('',*,*,#4325,.T.);
#4325 = EDGE_CURVE('',#2447,#4326,#4328,.T.);
#4326 = VERTEX_POINT('',#4327);
#4327 = CARTESIAN_POINT('',(-2.498480775301,-1.755,0.442364817767));
#4328 = CIRCLE('',#4329,0.1);
#4329 = AXIS2_PLACEMENT_3D('',#4330,#4331,#4332);
#4330 = CARTESIAN_POINT('',(-2.4,-1.755,0.425));
#4331 = DIRECTION('',(-1.144237745222E-17,-1.,4.379057701015E-47));
#4332 = DIRECTION('',(-4.440892098501E-15,5.081436361563E-32,1.));
#4333 = ORIENTED_EDGE('',*,*,#4334,.T.);
#4334 = EDGE_CURVE('',#4326,#4335,#4337,.T.);
#4335 = VERTEX_POINT('',#4336);
#4336 = CARTESIAN_POINT('',(-2.534655283371,-1.755,0.206587955583));
#4337 = LINE('',#4338,#4339);
#4338 = CARTESIAN_POINT('',(-2.498480775301,-1.755,0.442364817767));
#4339 = VECTOR('',#4340,1.);
#4340 = DIRECTION('',(-0.151652327974,1.735263178185E-18,-0.988433898356
    ));
#4341 = ORIENTED_EDGE('',*,*,#4342,.T.);
#4342 = EDGE_CURVE('',#4335,#4343,#4345,.T.);
#4343 = VERTEX_POINT('',#4344);
#4344 = CARTESIAN_POINT('',(-2.780857221624,-1.755,-1.665334536938E-16)
  );
#4345 = CIRCLE('',#4346,0.25);
#4346 = AXIS2_PLACEMENT_3D('',#4347,#4348,#4349);
#4347 = CARTESIAN_POINT('',(-2.780857221624,-1.755,0.25));
#4348 = DIRECTION('',(1.144237745222E-17,1.,7.703719777549E-34));
#4349 = DIRECTION('',(0.984807753012,-1.126854202784E-17,-0.173648177667
    ));
#4350 = ORIENTED_EDGE('',*,*,#4351,.T.);
#4351 = EDGE_CURVE('',#4343,#4352,#4354,.T.);
#4352 = VERTEX_POINT('',#4353);
#4353 = CARTESIAN_POINT('',(-3.2,-1.755,-1.665334536938E-16));
#4354 = LINE('',#4355,#4356);
#4355 = CARTESIAN_POINT('',(-2.780857221624,-1.755,-1.665334536938E-16)
  );
#4356 = VECTOR('',#4357,1.);
#4357 = DIRECTION('',(-1.,1.144237745222E-17,0.));
#4358 = ORIENTED_EDGE('',*,*,#4359,.T.);
#4359 = EDGE_CURVE('',#4352,#4360,#4362,.T.);
#4360 = VERTEX_POINT('',#4361);
#4361 = CARTESIAN_POINT('',(-3.2,-1.755,0.15));
#4362 = LINE('',#4363,#4364);
#4363 = CARTESIAN_POINT('',(-3.2,-1.755,-1.665334536938E-16));
#4364 = VECTOR('',#4365,1.);
#4365 = DIRECTION('',(0.,0.,1.));
#4366 = ORIENTED_EDGE('',*,*,#4367,.T.);
#4367 = EDGE_CURVE('',#4360,#4368,#4370,.T.);
#4368 = VERTEX_POINT('',#4369);
#4369 = CARTESIAN_POINT('',(-2.780857221624,-1.755,0.15));
#4370 = LINE('',#4371,#4372);
#4371 = CARTESIAN_POINT('',(-3.2,-1.755,0.15));
#4372 = VECTOR('',#4373,1.);
#4373 = DIRECTION('',(1.,-1.144237745222E-17,0.));
#4374 = ORIENTED_EDGE('',*,*,#4375,.T.);
#4375 = EDGE_CURVE('',#4368,#4376,#4378,.T.);
#4376 = VERTEX_POINT('',#4377);
#4377 = CARTESIAN_POINT('',(-2.682376446323,-1.755,0.232635182233));
#4378 = CIRCLE('',#4379,0.1);
#4379 = AXIS2_PLACEMENT_3D('',#4380,#4381,#4382);
#4380 = CARTESIAN_POINT('',(-2.780857221624,-1.755,0.25));
#4381 = DIRECTION('',(-1.144237745222E-17,-1.,-0.));
#4382 = DIRECTION('',(0.,0.,-1.));
#4383 = ORIENTED_EDGE('',*,*,#4384,.T.);
#4384 = EDGE_CURVE('',#4376,#4385,#4387,.T.);
#4385 = VERTEX_POINT('',#4386);
#4386 = CARTESIAN_POINT('',(-2.646201938253,-1.755,0.468412044417));
#4387 = LINE('',#4388,#4389);
#4388 = CARTESIAN_POINT('',(-2.682376446323,-1.755,0.232635182233));
#4389 = VECTOR('',#4390,1.);
#4390 = DIRECTION('',(0.151652327974,-1.735263178185E-18,0.988433898356)
  );
#4391 = ORIENTED_EDGE('',*,*,#4392,.T.);
#4392 = EDGE_CURVE('',#4385,#4393,#4395,.T.);
#4393 = VERTEX_POINT('',#4394);
#4394 = CARTESIAN_POINT('',(-2.4,-1.755,0.675));
#4395 = CIRCLE('',#4396,0.25);
#4396 = AXIS2_PLACEMENT_3D('',#4397,#4398,#4399);
#4397 = CARTESIAN_POINT('',(-2.4,-1.755,0.425));
#4398 = DIRECTION('',(1.144237745222E-17,1.,-3.851859888774E-34));
#4399 = DIRECTION('',(-0.984807753012,1.126854202784E-17,0.173648177667)
  );
#4400 = ORIENTED_EDGE('',*,*,#4401,.T.);
#4401 = EDGE_CURVE('',#4393,#2478,#4402,.T.);
#4402 = LINE('',#4403,#4404);
#4403 = CARTESIAN_POINT('',(-2.4,-1.755,0.675));
#4404 = VECTOR('',#4405,1.);
#4405 = DIRECTION('',(1.,-1.144237745222E-17,0.));
#4406 = PLANE('',#4407);
#4407 = AXIS2_PLACEMENT_3D('',#4408,#4409,#4410);
#4408 = CARTESIAN_POINT('',(-2.637203454365,-1.755,0.317854565708));
#4409 = DIRECTION('',(1.144237745222E-17,1.,0.));
#4410 = DIRECTION('',(0.,-0.,1.));
#4411 = ADVANCED_FACE('',(#4412),#4423,.F.);
#4412 = FACE_BOUND('',#4413,.F.);
#4413 = EDGE_LOOP('',(#4414,#4415,#4416,#4422));
#4414 = ORIENTED_EDGE('',*,*,#2463,.T.);
#4415 = ORIENTED_EDGE('',*,*,#4233,.T.);
#4416 = ORIENTED_EDGE('',*,*,#4417,.F.);
#4417 = EDGE_CURVE('',#4326,#4234,#4418,.T.);
#4418 = LINE('',#4419,#4420);
#4419 = CARTESIAN_POINT('',(-2.498480775301,-1.755,0.442364817767));
#4420 = VECTOR('',#4421,1.);
#4421 = DIRECTION('',(1.144237745222E-17,1.,0.));
#4422 = ORIENTED_EDGE('',*,*,#4325,.F.);
#4423 = CYLINDRICAL_SURFACE('',#4424,0.1);
#4424 = AXIS2_PLACEMENT_3D('',#4425,#4426,#4427);
#4425 = CARTESIAN_POINT('',(-2.4,-1.755,0.425));
#4426 = DIRECTION('',(-1.144237745222E-17,-1.,0.));
#4427 = DIRECTION('',(-4.440892098501E-15,5.081436361563E-32,1.));
#4428 = ADVANCED_FACE('',(#4429),#4454,.T.);
#4429 = FACE_BOUND('',#4430,.T.);
#4430 = EDGE_LOOP('',(#4431,#4439,#4440,#4448));
#4431 = ORIENTED_EDGE('',*,*,#4432,.F.);
#4432 = EDGE_CURVE('',#2478,#4433,#4435,.T.);
#4433 = VERTEX_POINT('',#4434);
#4434 = CARTESIAN_POINT('',(-2.15,-1.755,0.675));
#4435 = LINE('',#4436,#4437);
#4436 = CARTESIAN_POINT('',(-2.4,-1.755,0.675));
#4437 = VECTOR('',#4438,1.);
#4438 = DIRECTION('',(1.,-1.144237745222E-17,0.));
#4439 = ORIENTED_EDGE('',*,*,#2494,.T.);
#4440 = ORIENTED_EDGE('',*,*,#4441,.T.);
#4441 = EDGE_CURVE('',#2487,#4442,#4444,.T.);
#4442 = VERTEX_POINT('',#4443);
#4443 = CARTESIAN_POINT('',(-2.15,-2.145,0.675));
#4444 = LINE('',#4445,#4446);
#4445 = CARTESIAN_POINT('',(-2.4,-2.145,0.675));
#4446 = VECTOR('',#4447,1.);
#4447 = DIRECTION('',(1.,-1.144237745222E-17,0.));
#4448 = ORIENTED_EDGE('',*,*,#4449,.F.);
#4449 = EDGE_CURVE('',#4433,#4442,#4450,.T.);
#4450 = LINE('',#4451,#4452);
#4451 = CARTESIAN_POINT('',(-2.15,2.45,0.675));
#4452 = VECTOR('',#4453,1.);
#4453 = DIRECTION('',(1.110223024625E-16,-1.,0.));
#4454 = PLANE('',#4455);
#4455 = AXIS2_PLACEMENT_3D('',#4456,#4457,#4458);
#4456 = CARTESIAN_POINT('',(-2.175,-2.561541428923E-16,0.675));
#4457 = DIRECTION('',(2.761013168274E-27,-5.587354617935E-32,1.));
#4458 = DIRECTION('',(1.108818684461E-16,-1.,-5.587354617966E-32));
#4459 = ADVANCED_FACE('',(#4460),#4546,.T.);
#4460 = FACE_BOUND('',#4461,.T.);
#4461 = EDGE_LOOP('',(#4462,#4463,#4464,#4473,#4481,#4490,#4498,#4506,
    #4514,#4523,#4531,#4540));
#4462 = ORIENTED_EDGE('',*,*,#2486,.T.);
#4463 = ORIENTED_EDGE('',*,*,#2517,.T.);
#4464 = ORIENTED_EDGE('',*,*,#4465,.T.);
#4465 = EDGE_CURVE('',#2518,#4466,#4468,.T.);
#4466 = VERTEX_POINT('',#4467);
#4467 = CARTESIAN_POINT('',(-2.498480775301,-2.145,0.442364817767));
#4468 = CIRCLE('',#4469,0.1);
#4469 = AXIS2_PLACEMENT_3D('',#4470,#4471,#4472);
#4470 = CARTESIAN_POINT('',(-2.4,-2.145,0.425));
#4471 = DIRECTION('',(-1.144237745222E-17,-1.,4.379057701015E-47));
#4472 = DIRECTION('',(-4.440892098501E-15,5.081436361563E-32,1.));
#4473 = ORIENTED_EDGE('',*,*,#4474,.T.);
#4474 = EDGE_CURVE('',#4466,#4475,#4477,.T.);
#4475 = VERTEX_POINT('',#4476);
#4476 = CARTESIAN_POINT('',(-2.534655283371,-2.145,0.206587955583));
#4477 = LINE('',#4478,#4479);
#4478 = CARTESIAN_POINT('',(-2.498480775301,-2.145,0.442364817767));
#4479 = VECTOR('',#4480,1.);
#4480 = DIRECTION('',(-0.151652327974,1.735263178185E-18,-0.988433898356
    ));
#4481 = ORIENTED_EDGE('',*,*,#4482,.T.);
#4482 = EDGE_CURVE('',#4475,#4483,#4485,.T.);
#4483 = VERTEX_POINT('',#4484);
#4484 = CARTESIAN_POINT('',(-2.780857221624,-2.145,-1.665334536938E-16)
  );
#4485 = CIRCLE('',#4486,0.25);
#4486 = AXIS2_PLACEMENT_3D('',#4487,#4488,#4489);
#4487 = CARTESIAN_POINT('',(-2.780857221624,-2.145,0.25));
#4488 = DIRECTION('',(1.144237745222E-17,1.,7.703719777549E-34));
#4489 = DIRECTION('',(0.984807753012,-1.126854202784E-17,-0.173648177667
    ));
#4490 = ORIENTED_EDGE('',*,*,#4491,.T.);
#4491 = EDGE_CURVE('',#4483,#4492,#4494,.T.);
#4492 = VERTEX_POINT('',#4493);
#4493 = CARTESIAN_POINT('',(-3.2,-2.145,-1.665334536938E-16));
#4494 = LINE('',#4495,#4496);
#4495 = CARTESIAN_POINT('',(-2.780857221624,-2.145,-1.665334536938E-16)
  );
#4496 = VECTOR('',#4497,1.);
#4497 = DIRECTION('',(-1.,1.144237745222E-17,0.));
#4498 = ORIENTED_EDGE('',*,*,#4499,.T.);
#4499 = EDGE_CURVE('',#4492,#4500,#4502,.T.);
#4500 = VERTEX_POINT('',#4501);
#4501 = CARTESIAN_POINT('',(-3.2,-2.145,0.15));
#4502 = LINE('',#4503,#4504);
#4503 = CARTESIAN_POINT('',(-3.2,-2.145,-1.665334536938E-16));
#4504 = VECTOR('',#4505,1.);
#4505 = DIRECTION('',(0.,0.,1.));
#4506 = ORIENTED_EDGE('',*,*,#4507,.T.);
#4507 = EDGE_CURVE('',#4500,#4508,#4510,.T.);
#4508 = VERTEX_POINT('',#4509);
#4509 = CARTESIAN_POINT('',(-2.780857221624,-2.145,0.15));
#4510 = LINE('',#4511,#4512);
#4511 = CARTESIAN_POINT('',(-3.2,-2.145,0.15));
#4512 = VECTOR('',#4513,1.);
#4513 = DIRECTION('',(1.,-1.144237745222E-17,0.));
#4514 = ORIENTED_EDGE('',*,*,#4515,.T.);
#4515 = EDGE_CURVE('',#4508,#4516,#4518,.T.);
#4516 = VERTEX_POINT('',#4517);
#4517 = CARTESIAN_POINT('',(-2.682376446323,-2.145,0.232635182233));
#4518 = CIRCLE('',#4519,0.1);
#4519 = AXIS2_PLACEMENT_3D('',#4520,#4521,#4522);
#4520 = CARTESIAN_POINT('',(-2.780857221624,-2.145,0.25));
#4521 = DIRECTION('',(-1.144237745222E-17,-1.,-0.));
#4522 = DIRECTION('',(0.,0.,-1.));
#4523 = ORIENTED_EDGE('',*,*,#4524,.T.);
#4524 = EDGE_CURVE('',#4516,#4525,#4527,.T.);
#4525 = VERTEX_POINT('',#4526);
#4526 = CARTESIAN_POINT('',(-2.646201938253,-2.145,0.468412044417));
#4527 = LINE('',#4528,#4529);
#4528 = CARTESIAN_POINT('',(-2.682376446323,-2.145,0.232635182233));
#4529 = VECTOR('',#4530,1.);
#4530 = DIRECTION('',(0.151652327974,-1.735263178185E-18,0.988433898356)
  );
#4531 = ORIENTED_EDGE('',*,*,#4532,.T.);
#4532 = EDGE_CURVE('',#4525,#4533,#4535,.T.);
#4533 = VERTEX_POINT('',#4534);
#4534 = CARTESIAN_POINT('',(-2.4,-2.145,0.675));
#4535 = CIRCLE('',#4536,0.25);
#4536 = AXIS2_PLACEMENT_3D('',#4537,#4538,#4539);
#4537 = CARTESIAN_POINT('',(-2.4,-2.145,0.425));
#4538 = DIRECTION('',(1.144237745222E-17,1.,-3.851859888774E-34));
#4539 = DIRECTION('',(-0.984807753012,1.126854202784E-17,0.173648177667)
  );
#4540 = ORIENTED_EDGE('',*,*,#4541,.T.);
#4541 = EDGE_CURVE('',#4533,#2487,#4542,.T.);
#4542 = LINE('',#4543,#4544);
#4543 = CARTESIAN_POINT('',(-2.4,-2.145,0.675));
#4544 = VECTOR('',#4545,1.);
#4545 = DIRECTION('',(1.,-1.144237745222E-17,0.));
#4546 = PLANE('',#4547);
#4547 = AXIS2_PLACEMENT_3D('',#4548,#4549,#4550);
#4548 = CARTESIAN_POINT('',(-2.637203454365,-2.145,0.317854565708));
#4549 = DIRECTION('',(1.144237745222E-17,1.,0.));
#4550 = DIRECTION('',(0.,-0.,1.));
#4551 = ADVANCED_FACE('',(#4552),#4638,.F.);
#4552 = FACE_BOUND('',#4553,.F.);
#4553 = EDGE_LOOP('',(#4554,#4555,#4556,#4565,#4573,#4582,#4590,#4598,
    #4606,#4615,#4623,#4632));
#4554 = ORIENTED_EDGE('',*,*,#2539,.T.);
#4555 = ORIENTED_EDGE('',*,*,#2508,.T.);
#4556 = ORIENTED_EDGE('',*,*,#4557,.T.);
#4557 = EDGE_CURVE('',#2509,#4558,#4560,.T.);
#4558 = VERTEX_POINT('',#4559);
#4559 = CARTESIAN_POINT('',(-2.498480775301,-2.405,0.442364817767));
#4560 = CIRCLE('',#4561,0.1);
#4561 = AXIS2_PLACEMENT_3D('',#4562,#4563,#4564);
#4562 = CARTESIAN_POINT('',(-2.4,-2.405,0.425));
#4563 = DIRECTION('',(-1.144237745222E-17,-1.,4.379057701015E-47));
#4564 = DIRECTION('',(-4.440892098501E-15,5.081436361563E-32,1.));
#4565 = ORIENTED_EDGE('',*,*,#4566,.T.);
#4566 = EDGE_CURVE('',#4558,#4567,#4569,.T.);
#4567 = VERTEX_POINT('',#4568);
#4568 = CARTESIAN_POINT('',(-2.534655283371,-2.405,0.206587955583));
#4569 = LINE('',#4570,#4571);
#4570 = CARTESIAN_POINT('',(-2.498480775301,-2.405,0.442364817767));
#4571 = VECTOR('',#4572,1.);
#4572 = DIRECTION('',(-0.151652327974,1.735263178185E-18,-0.988433898356
    ));
#4573 = ORIENTED_EDGE('',*,*,#4574,.T.);
#4574 = EDGE_CURVE('',#4567,#4575,#4577,.T.);
#4575 = VERTEX_POINT('',#4576);
#4576 = CARTESIAN_POINT('',(-2.780857221624,-2.405,-1.665334536938E-16)
  );
#4577 = CIRCLE('',#4578,0.25);
#4578 = AXIS2_PLACEMENT_3D('',#4579,#4580,#4581);
#4579 = CARTESIAN_POINT('',(-2.780857221624,-2.405,0.25));
#4580 = DIRECTION('',(1.144237745222E-17,1.,7.703719777549E-34));
#4581 = DIRECTION('',(0.984807753012,-1.126854202784E-17,-0.173648177667
    ));
#4582 = ORIENTED_EDGE('',*,*,#4583,.T.);
#4583 = EDGE_CURVE('',#4575,#4584,#4586,.T.);
#4584 = VERTEX_POINT('',#4585);
#4585 = CARTESIAN_POINT('',(-3.2,-2.405,-1.665334536938E-16));
#4586 = LINE('',#4587,#4588);
#4587 = CARTESIAN_POINT('',(-2.780857221624,-2.405,-1.665334536938E-16)
  );
#4588 = VECTOR('',#4589,1.);
#4589 = DIRECTION('',(-1.,1.144237745222E-17,0.));
#4590 = ORIENTED_EDGE('',*,*,#4591,.T.);
#4591 = EDGE_CURVE('',#4584,#4592,#4594,.T.);
#4592 = VERTEX_POINT('',#4593);
#4593 = CARTESIAN_POINT('',(-3.2,-2.405,0.15));
#4594 = LINE('',#4595,#4596);
#4595 = CARTESIAN_POINT('',(-3.2,-2.405,-1.665334536938E-16));
#4596 = VECTOR('',#4597,1.);
#4597 = DIRECTION('',(0.,0.,1.));
#4598 = ORIENTED_EDGE('',*,*,#4599,.T.);
#4599 = EDGE_CURVE('',#4592,#4600,#4602,.T.);
#4600 = VERTEX_POINT('',#4601);
#4601 = CARTESIAN_POINT('',(-2.780857221624,-2.405,0.15));
#4602 = LINE('',#4603,#4604);
#4603 = CARTESIAN_POINT('',(-3.2,-2.405,0.15));
#4604 = VECTOR('',#4605,1.);
#4605 = DIRECTION('',(1.,-1.144237745222E-17,0.));
#4606 = ORIENTED_EDGE('',*,*,#4607,.T.);
#4607 = EDGE_CURVE('',#4600,#4608,#4610,.T.);
#4608 = VERTEX_POINT('',#4609);
#4609 = CARTESIAN_POINT('',(-2.682376446323,-2.405,0.232635182233));
#4610 = CIRCLE('',#4611,0.1);
#4611 = AXIS2_PLACEMENT_3D('',#4612,#4613,#4614);
#4612 = CARTESIAN_POINT('',(-2.780857221624,-2.405,0.25));
#4613 = DIRECTION('',(-1.144237745222E-17,-1.,-0.));
#4614 = DIRECTION('',(0.,0.,-1.));
#4615 = ORIENTED_EDGE('',*,*,#4616,.T.);
#4616 = EDGE_CURVE('',#4608,#4617,#4619,.T.);
#4617 = VERTEX_POINT('',#4618);
#4618 = CARTESIAN_POINT('',(-2.646201938253,-2.405,0.468412044417));
#4619 = LINE('',#4620,#4621);
#4620 = CARTESIAN_POINT('',(-2.682376446323,-2.405,0.232635182233));
#4621 = VECTOR('',#4622,1.);
#4622 = DIRECTION('',(0.151652327974,-1.735263178185E-18,0.988433898356)
  );
#4623 = ORIENTED_EDGE('',*,*,#4624,.T.);
#4624 = EDGE_CURVE('',#4617,#4625,#4627,.T.);
#4625 = VERTEX_POINT('',#4626);
#4626 = CARTESIAN_POINT('',(-2.4,-2.405,0.675));
#4627 = CIRCLE('',#4628,0.25);
#4628 = AXIS2_PLACEMENT_3D('',#4629,#4630,#4631);
#4629 = CARTESIAN_POINT('',(-2.4,-2.405,0.425));
#4630 = DIRECTION('',(1.144237745222E-17,1.,-3.851859888774E-34));
#4631 = DIRECTION('',(-0.984807753012,1.126854202784E-17,0.173648177667)
  );
#4632 = ORIENTED_EDGE('',*,*,#4633,.T.);
#4633 = EDGE_CURVE('',#4625,#2540,#4634,.T.);
#4634 = LINE('',#4635,#4636);
#4635 = CARTESIAN_POINT('',(-2.4,-2.405,0.675));
#4636 = VECTOR('',#4637,1.);
#4637 = DIRECTION('',(1.,-1.144237745222E-17,0.));
#4638 = PLANE('',#4639);
#4639 = AXIS2_PLACEMENT_3D('',#4640,#4641,#4642);
#4640 = CARTESIAN_POINT('',(-2.637203454365,-2.405,0.317854565708));
#4641 = DIRECTION('',(1.144237745222E-17,1.,0.));
#4642 = DIRECTION('',(0.,-0.,1.));
#4643 = ADVANCED_FACE('',(#4644),#4655,.F.);
#4644 = FACE_BOUND('',#4645,.F.);
#4645 = EDGE_LOOP('',(#4646,#4647,#4648,#4654));
#4646 = ORIENTED_EDGE('',*,*,#2525,.T.);
#4647 = ORIENTED_EDGE('',*,*,#4465,.T.);
#4648 = ORIENTED_EDGE('',*,*,#4649,.F.);
#4649 = EDGE_CURVE('',#4558,#4466,#4650,.T.);
#4650 = LINE('',#4651,#4652);
#4651 = CARTESIAN_POINT('',(-2.498480775301,-2.405,0.442364817767));
#4652 = VECTOR('',#4653,1.);
#4653 = DIRECTION('',(1.144237745222E-17,1.,0.));
#4654 = ORIENTED_EDGE('',*,*,#4557,.F.);
#4655 = CYLINDRICAL_SURFACE('',#4656,0.1);
#4656 = AXIS2_PLACEMENT_3D('',#4657,#4658,#4659);
#4657 = CARTESIAN_POINT('',(-2.4,-2.405,0.425));
#4658 = DIRECTION('',(-1.144237745222E-17,-1.,0.));
#4659 = DIRECTION('',(-4.440892098501E-15,5.081436361563E-32,1.));
#4660 = ADVANCED_FACE('',(#4661),#4711,.T.);
#4661 = FACE_BOUND('',#4662,.T.);
#4662 = EDGE_LOOP('',(#4663,#4671,#4672,#4673,#4681,#4689,#4697,#4705));
#4663 = ORIENTED_EDGE('',*,*,#4664,.F.);
#4664 = EDGE_CURVE('',#2540,#4665,#4667,.T.);
#4665 = VERTEX_POINT('',#4666);
#4666 = CARTESIAN_POINT('',(-2.15,-2.405,0.675));
#4667 = LINE('',#4668,#4669);
#4668 = CARTESIAN_POINT('',(-2.4,-2.405,0.675));
#4669 = VECTOR('',#4670,1.);
#4670 = DIRECTION('',(1.,-1.144237745222E-17,0.));
#4671 = ORIENTED_EDGE('',*,*,#2555,.T.);
#4672 = ORIENTED_EDGE('',*,*,#2745,.T.);
#4673 = ORIENTED_EDGE('',*,*,#4674,.T.);
#4674 = EDGE_CURVE('',#2739,#4675,#4677,.T.);
#4675 = VERTEX_POINT('',#4676);
#4676 = CARTESIAN_POINT('',(2.2,-2.405,0.675));
#4677 = LINE('',#4678,#4679);
#4678 = CARTESIAN_POINT('',(2.2,-2.5,0.675));
#4679 = VECTOR('',#4680,1.);
#4680 = DIRECTION('',(-1.110223024625E-16,1.,0.));
#4681 = ORIENTED_EDGE('',*,*,#4682,.T.);
#4682 = EDGE_CURVE('',#4675,#4683,#4685,.T.);
#4683 = VERTEX_POINT('',#4684);
#4684 = CARTESIAN_POINT('',(2.15,-2.405,0.675));
#4685 = LINE('',#4686,#4687);
#4686 = CARTESIAN_POINT('',(2.4,-2.405,0.675));
#4687 = VECTOR('',#4688,1.);
#4688 = DIRECTION('',(-1.,-1.110223024625E-16,0.));
#4689 = ORIENTED_EDGE('',*,*,#4690,.F.);
#4690 = EDGE_CURVE('',#4691,#4683,#4693,.T.);
#4691 = VERTEX_POINT('',#4692);
#4692 = CARTESIAN_POINT('',(2.15,-2.45,0.675));
#4693 = LINE('',#4694,#4695);
#4694 = CARTESIAN_POINT('',(2.15,-2.45,0.675));
#4695 = VECTOR('',#4696,1.);
#4696 = DIRECTION('',(-1.110223024625E-16,1.,0.));
#4697 = ORIENTED_EDGE('',*,*,#4698,.F.);
#4698 = EDGE_CURVE('',#4699,#4691,#4701,.T.);
#4699 = VERTEX_POINT('',#4700);
#4700 = CARTESIAN_POINT('',(-2.15,-2.45,0.675));
#4701 = LINE('',#4702,#4703);
#4702 = CARTESIAN_POINT('',(-2.15,-2.45,0.675));
#4703 = VECTOR('',#4704,1.);
#4704 = DIRECTION('',(1.,1.110223024625E-16,0.));
#4705 = ORIENTED_EDGE('',*,*,#4706,.F.);
#4706 = EDGE_CURVE('',#4665,#4699,#4707,.T.);
#4707 = LINE('',#4708,#4709);
#4708 = CARTESIAN_POINT('',(-2.15,2.45,0.675));
#4709 = VECTOR('',#4710,1.);
#4710 = DIRECTION('',(1.110223024625E-16,-1.,0.));
#4711 = PLANE('',#4712);
#4712 = AXIS2_PLACEMENT_3D('',#4713,#4714,#4715);
#4713 = CARTESIAN_POINT('',(-2.175,-2.561541428923E-16,0.675));
#4714 = DIRECTION('',(2.761013168274E-27,-5.587354617935E-32,1.));
#4715 = DIRECTION('',(1.108818684461E-16,-1.,-5.587354617966E-32));
#4716 = ADVANCED_FACE('',(#4717),#4728,.T.);
#4717 = FACE_BOUND('',#4718,.T.);
#4718 = EDGE_LOOP('',(#4719,#4720,#4721,#4727));
#4719 = ORIENTED_EDGE('',*,*,#2738,.F.);
#4720 = ORIENTED_EDGE('',*,*,#2722,.T.);
#4721 = ORIENTED_EDGE('',*,*,#4722,.F.);
#4722 = EDGE_CURVE('',#4675,#2715,#4723,.T.);
#4723 = LINE('',#4724,#4725);
#4724 = CARTESIAN_POINT('',(2.2,-2.405,0.496427282854));
#4725 = VECTOR('',#4726,1.);
#4726 = DIRECTION('',(0.,0.,-1.));
#4727 = ORIENTED_EDGE('',*,*,#4674,.F.);
#4728 = PLANE('',#4729);
#4729 = AXIS2_PLACEMENT_3D('',#4730,#4731,#4732);
#4730 = CARTESIAN_POINT('',(2.2,-2.5,0.675));
#4731 = DIRECTION('',(1.,1.110223024625E-16,0.));
#4732 = DIRECTION('',(-1.110223024625E-16,1.,0.));
#4733 = ADVANCED_FACE('',(#4734),#4759,.F.);
#4734 = FACE_BOUND('',#4735,.F.);
#4735 = EDGE_LOOP('',(#4736,#4744,#4745,#4753));
#4736 = ORIENTED_EDGE('',*,*,#4737,.F.);
#4737 = EDGE_CURVE('',#2707,#4738,#4740,.T.);
#4738 = VERTEX_POINT('',#4739);
#4739 = CARTESIAN_POINT('',(2.4,-2.145,0.525));
#4740 = LINE('',#4741,#4742);
#4741 = CARTESIAN_POINT('',(2.1,-2.145,0.525));
#4742 = VECTOR('',#4743,1.);
#4743 = DIRECTION('',(1.,1.110223024625E-16,0.));
#4744 = ORIENTED_EDGE('',*,*,#2714,.F.);
#4745 = ORIENTED_EDGE('',*,*,#4746,.T.);
#4746 = EDGE_CURVE('',#2715,#4747,#4749,.T.);
#4747 = VERTEX_POINT('',#4748);
#4748 = CARTESIAN_POINT('',(2.4,-2.405,0.525));
#4749 = LINE('',#4750,#4751);
#4750 = CARTESIAN_POINT('',(2.1,-2.405,0.525));
#4751 = VECTOR('',#4752,1.);
#4752 = DIRECTION('',(1.,1.110223024625E-16,0.));
#4753 = ORIENTED_EDGE('',*,*,#4754,.F.);
#4754 = EDGE_CURVE('',#4738,#4747,#4755,.T.);
#4755 = LINE('',#4756,#4757);
#4756 = CARTESIAN_POINT('',(2.4,-2.145,0.525));
#4757 = VECTOR('',#4758,1.);
#4758 = DIRECTION('',(1.110223024625E-16,-1.,0.));
#4759 = PLANE('',#4760);
#4760 = AXIS2_PLACEMENT_3D('',#4761,#4762,#4763);
#4761 = CARTESIAN_POINT('',(2.1,-2.145,0.525));
#4762 = DIRECTION('',(0.,0.,1.));
#4763 = DIRECTION('',(1.,1.110223024625E-16,-0.));
#4764 = ADVANCED_FACE('',(#4765),#4790,.T.);
#4765 = FACE_BOUND('',#4766,.T.);
#4766 = EDGE_LOOP('',(#4767,#4775,#4776,#4784));
#4767 = ORIENTED_EDGE('',*,*,#4768,.T.);
#4768 = EDGE_CURVE('',#4769,#2707,#4771,.T.);
#4769 = VERTEX_POINT('',#4770);
#4770 = CARTESIAN_POINT('',(2.2,-2.145,0.675));
#4771 = LINE('',#4772,#4773);
#4772 = CARTESIAN_POINT('',(2.2,-2.145,0.496427282854));
#4773 = VECTOR('',#4774,1.);
#4774 = DIRECTION('',(0.,0.,-1.));
#4775 = ORIENTED_EDGE('',*,*,#2706,.T.);
#4776 = ORIENTED_EDGE('',*,*,#4777,.F.);
#4777 = EDGE_CURVE('',#4778,#2699,#4780,.T.);
#4778 = VERTEX_POINT('',#4779);
#4779 = CARTESIAN_POINT('',(2.2,-1.755,0.675));
#4780 = LINE('',#4781,#4782);
#4781 = CARTESIAN_POINT('',(2.2,-1.755,0.496427282854));
#4782 = VECTOR('',#4783,1.);
#4783 = DIRECTION('',(0.,0.,-1.));
#4784 = ORIENTED_EDGE('',*,*,#4785,.F.);
#4785 = EDGE_CURVE('',#4769,#4778,#4786,.T.);
#4786 = LINE('',#4787,#4788);
#4787 = CARTESIAN_POINT('',(2.2,-2.5,0.675));
#4788 = VECTOR('',#4789,1.);
#4789 = DIRECTION('',(-1.110223024625E-16,1.,0.));
#4790 = PLANE('',#4791);
#4791 = AXIS2_PLACEMENT_3D('',#4792,#4793,#4794);
#4792 = CARTESIAN_POINT('',(2.2,-2.5,0.675));
#4793 = DIRECTION('',(1.,1.110223024625E-16,0.));
#4794 = DIRECTION('',(-1.110223024625E-16,1.,0.));
#4795 = ADVANCED_FACE('',(#4796),#4821,.F.);
#4796 = FACE_BOUND('',#4797,.F.);
#4797 = EDGE_LOOP('',(#4798,#4806,#4807,#4815));
#4798 = ORIENTED_EDGE('',*,*,#4799,.F.);
#4799 = EDGE_CURVE('',#2691,#4800,#4802,.T.);
#4800 = VERTEX_POINT('',#4801);
#4801 = CARTESIAN_POINT('',(2.4,-1.495,0.525));
#4802 = LINE('',#4803,#4804);
#4803 = CARTESIAN_POINT('',(2.1,-1.495,0.525));
#4804 = VECTOR('',#4805,1.);
#4805 = DIRECTION('',(1.,1.110223024625E-16,0.));
#4806 = ORIENTED_EDGE('',*,*,#2698,.F.);
#4807 = ORIENTED_EDGE('',*,*,#4808,.T.);
#4808 = EDGE_CURVE('',#2699,#4809,#4811,.T.);
#4809 = VERTEX_POINT('',#4810);
#4810 = CARTESIAN_POINT('',(2.4,-1.755,0.525));
#4811 = LINE('',#4812,#4813);
#4812 = CARTESIAN_POINT('',(2.1,-1.755,0.525));
#4813 = VECTOR('',#4814,1.);
#4814 = DIRECTION('',(1.,1.110223024625E-16,0.));
#4815 = ORIENTED_EDGE('',*,*,#4816,.F.);
#4816 = EDGE_CURVE('',#4800,#4809,#4817,.T.);
#4817 = LINE('',#4818,#4819);
#4818 = CARTESIAN_POINT('',(2.4,-1.495,0.525));
#4819 = VECTOR('',#4820,1.);
#4820 = DIRECTION('',(1.110223024625E-16,-1.,0.));
#4821 = PLANE('',#4822);
#4822 = AXIS2_PLACEMENT_3D('',#4823,#4824,#4825);
#4823 = CARTESIAN_POINT('',(2.1,-1.495,0.525));
#4824 = DIRECTION('',(0.,0.,1.));
#4825 = DIRECTION('',(1.,1.110223024625E-16,-0.));
#4826 = ADVANCED_FACE('',(#4827),#4852,.T.);
#4827 = FACE_BOUND('',#4828,.T.);
#4828 = EDGE_LOOP('',(#4829,#4837,#4838,#4846));
#4829 = ORIENTED_EDGE('',*,*,#4830,.T.);
#4830 = EDGE_CURVE('',#4831,#2691,#4833,.T.);
#4831 = VERTEX_POINT('',#4832);
#4832 = CARTESIAN_POINT('',(2.2,-1.495,0.675));
#4833 = LINE('',#4834,#4835);
#4834 = CARTESIAN_POINT('',(2.2,-1.495,0.496427282854));
#4835 = VECTOR('',#4836,1.);
#4836 = DIRECTION('',(0.,0.,-1.));
#4837 = ORIENTED_EDGE('',*,*,#2690,.T.);
#4838 = ORIENTED_EDGE('',*,*,#4839,.F.);
#4839 = EDGE_CURVE('',#4840,#2683,#4842,.T.);
#4840 = VERTEX_POINT('',#4841);
#4841 = CARTESIAN_POINT('',(2.2,-1.105,0.675));
#4842 = LINE('',#4843,#4844);
#4843 = CARTESIAN_POINT('',(2.2,-1.105,0.496427282854));
#4844 = VECTOR('',#4845,1.);
#4845 = DIRECTION('',(0.,0.,-1.));
#4846 = ORIENTED_EDGE('',*,*,#4847,.F.);
#4847 = EDGE_CURVE('',#4831,#4840,#4848,.T.);
#4848 = LINE('',#4849,#4850);
#4849 = CARTESIAN_POINT('',(2.2,-2.5,0.675));
#4850 = VECTOR('',#4851,1.);
#4851 = DIRECTION('',(-1.110223024625E-16,1.,0.));
#4852 = PLANE('',#4853);
#4853 = AXIS2_PLACEMENT_3D('',#4854,#4855,#4856);
#4854 = CARTESIAN_POINT('',(2.2,-2.5,0.675));
#4855 = DIRECTION('',(1.,1.110223024625E-16,0.));
#4856 = DIRECTION('',(-1.110223024625E-16,1.,0.));
#4857 = ADVANCED_FACE('',(#4858),#4883,.F.);
#4858 = FACE_BOUND('',#4859,.F.);
#4859 = EDGE_LOOP('',(#4860,#4868,#4869,#4877));
#4860 = ORIENTED_EDGE('',*,*,#4861,.F.);
#4861 = EDGE_CURVE('',#2675,#4862,#4864,.T.);
#4862 = VERTEX_POINT('',#4863);
#4863 = CARTESIAN_POINT('',(2.4,-0.845,0.525));
#4864 = LINE('',#4865,#4866);
#4865 = CARTESIAN_POINT('',(2.1,-0.845,0.525));
#4866 = VECTOR('',#4867,1.);
#4867 = DIRECTION('',(1.,1.110223024625E-16,0.));
#4868 = ORIENTED_EDGE('',*,*,#2682,.F.);
#4869 = ORIENTED_EDGE('',*,*,#4870,.T.);
#4870 = EDGE_CURVE('',#2683,#4871,#4873,.T.);
#4871 = VERTEX_POINT('',#4872);
#4872 = CARTESIAN_POINT('',(2.4,-1.105,0.525));
#4873 = LINE('',#4874,#4875);
#4874 = CARTESIAN_POINT('',(2.1,-1.105,0.525));
#4875 = VECTOR('',#4876,1.);
#4876 = DIRECTION('',(1.,1.110223024625E-16,0.));
#4877 = ORIENTED_EDGE('',*,*,#4878,.F.);
#4878 = EDGE_CURVE('',#4862,#4871,#4879,.T.);
#4879 = LINE('',#4880,#4881);
#4880 = CARTESIAN_POINT('',(2.4,-0.845,0.525));
#4881 = VECTOR('',#4882,1.);
#4882 = DIRECTION('',(1.110223024625E-16,-1.,0.));
#4883 = PLANE('',#4884);
#4884 = AXIS2_PLACEMENT_3D('',#4885,#4886,#4887);
#4885 = CARTESIAN_POINT('',(2.1,-0.845,0.525));
#4886 = DIRECTION('',(0.,0.,1.));
#4887 = DIRECTION('',(1.,1.110223024625E-16,-0.));
#4888 = ADVANCED_FACE('',(#4889),#4914,.T.);
#4889 = FACE_BOUND('',#4890,.T.);
#4890 = EDGE_LOOP('',(#4891,#4899,#4900,#4908));
#4891 = ORIENTED_EDGE('',*,*,#4892,.T.);
#4892 = EDGE_CURVE('',#4893,#2675,#4895,.T.);
#4893 = VERTEX_POINT('',#4894);
#4894 = CARTESIAN_POINT('',(2.2,-0.845,0.675));
#4895 = LINE('',#4896,#4897);
#4896 = CARTESIAN_POINT('',(2.2,-0.845,0.496427282854));
#4897 = VECTOR('',#4898,1.);
#4898 = DIRECTION('',(0.,0.,-1.));
#4899 = ORIENTED_EDGE('',*,*,#2674,.T.);
#4900 = ORIENTED_EDGE('',*,*,#4901,.F.);
#4901 = EDGE_CURVE('',#4902,#2667,#4904,.T.);
#4902 = VERTEX_POINT('',#4903);
#4903 = CARTESIAN_POINT('',(2.2,-0.455,0.675));
#4904 = LINE('',#4905,#4906);
#4905 = CARTESIAN_POINT('',(2.2,-0.455,0.496427282854));
#4906 = VECTOR('',#4907,1.);
#4907 = DIRECTION('',(0.,0.,-1.));
#4908 = ORIENTED_EDGE('',*,*,#4909,.F.);
#4909 = EDGE_CURVE('',#4893,#4902,#4910,.T.);
#4910 = LINE('',#4911,#4912);
#4911 = CARTESIAN_POINT('',(2.2,-2.5,0.675));
#4912 = VECTOR('',#4913,1.);
#4913 = DIRECTION('',(-1.110223024625E-16,1.,0.));
#4914 = PLANE('',#4915);
#4915 = AXIS2_PLACEMENT_3D('',#4916,#4917,#4918);
#4916 = CARTESIAN_POINT('',(2.2,-2.5,0.675));
#4917 = DIRECTION('',(1.,1.110223024625E-16,0.));
#4918 = DIRECTION('',(-1.110223024625E-16,1.,0.));
#4919 = ADVANCED_FACE('',(#4920),#4945,.F.);
#4920 = FACE_BOUND('',#4921,.F.);
#4921 = EDGE_LOOP('',(#4922,#4930,#4931,#4939));
#4922 = ORIENTED_EDGE('',*,*,#4923,.F.);
#4923 = EDGE_CURVE('',#2659,#4924,#4926,.T.);
#4924 = VERTEX_POINT('',#4925);
#4925 = CARTESIAN_POINT('',(2.4,-0.195,0.525));
#4926 = LINE('',#4927,#4928);
#4927 = CARTESIAN_POINT('',(2.1,-0.195,0.525));
#4928 = VECTOR('',#4929,1.);
#4929 = DIRECTION('',(1.,1.110223024625E-16,0.));
#4930 = ORIENTED_EDGE('',*,*,#2666,.F.);
#4931 = ORIENTED_EDGE('',*,*,#4932,.T.);
#4932 = EDGE_CURVE('',#2667,#4933,#4935,.T.);
#4933 = VERTEX_POINT('',#4934);
#4934 = CARTESIAN_POINT('',(2.4,-0.455,0.525));
#4935 = LINE('',#4936,#4937);
#4936 = CARTESIAN_POINT('',(2.1,-0.455,0.525));
#4937 = VECTOR('',#4938,1.);
#4938 = DIRECTION('',(1.,1.110223024625E-16,0.));
#4939 = ORIENTED_EDGE('',*,*,#4940,.F.);
#4940 = EDGE_CURVE('',#4924,#4933,#4941,.T.);
#4941 = LINE('',#4942,#4943);
#4942 = CARTESIAN_POINT('',(2.4,-0.195,0.525));
#4943 = VECTOR('',#4944,1.);
#4944 = DIRECTION('',(1.110223024625E-16,-1.,0.));
#4945 = PLANE('',#4946);
#4946 = AXIS2_PLACEMENT_3D('',#4947,#4948,#4949);
#4947 = CARTESIAN_POINT('',(2.1,-0.195,0.525));
#4948 = DIRECTION('',(0.,0.,1.));
#4949 = DIRECTION('',(1.,1.110223024625E-16,-0.));
#4950 = ADVANCED_FACE('',(#4951),#4976,.T.);
#4951 = FACE_BOUND('',#4952,.T.);
#4952 = EDGE_LOOP('',(#4953,#4961,#4962,#4970));
#4953 = ORIENTED_EDGE('',*,*,#4954,.T.);
#4954 = EDGE_CURVE('',#4955,#2659,#4957,.T.);
#4955 = VERTEX_POINT('',#4956);
#4956 = CARTESIAN_POINT('',(2.2,-0.195,0.675));
#4957 = LINE('',#4958,#4959);
#4958 = CARTESIAN_POINT('',(2.2,-0.195,0.496427282854));
#4959 = VECTOR('',#4960,1.);
#4960 = DIRECTION('',(0.,0.,-1.));
#4961 = ORIENTED_EDGE('',*,*,#2658,.T.);
#4962 = ORIENTED_EDGE('',*,*,#4963,.F.);
#4963 = EDGE_CURVE('',#4964,#2651,#4966,.T.);
#4964 = VERTEX_POINT('',#4965);
#4965 = CARTESIAN_POINT('',(2.2,0.195,0.675));
#4966 = LINE('',#4967,#4968);
#4967 = CARTESIAN_POINT('',(2.2,0.195,0.496427282854));
#4968 = VECTOR('',#4969,1.);
#4969 = DIRECTION('',(0.,0.,-1.));
#4970 = ORIENTED_EDGE('',*,*,#4971,.F.);
#4971 = EDGE_CURVE('',#4955,#4964,#4972,.T.);
#4972 = LINE('',#4973,#4974);
#4973 = CARTESIAN_POINT('',(2.2,-2.5,0.675));
#4974 = VECTOR('',#4975,1.);
#4975 = DIRECTION('',(-1.110223024625E-16,1.,0.));
#4976 = PLANE('',#4977);
#4977 = AXIS2_PLACEMENT_3D('',#4978,#4979,#4980);
#4978 = CARTESIAN_POINT('',(2.2,-2.5,0.675));
#4979 = DIRECTION('',(1.,1.110223024625E-16,0.));
#4980 = DIRECTION('',(-1.110223024625E-16,1.,0.));
#4981 = ADVANCED_FACE('',(#4982),#5007,.F.);
#4982 = FACE_BOUND('',#4983,.F.);
#4983 = EDGE_LOOP('',(#4984,#4992,#4993,#5001));
#4984 = ORIENTED_EDGE('',*,*,#4985,.F.);
#4985 = EDGE_CURVE('',#2643,#4986,#4988,.T.);
#4986 = VERTEX_POINT('',#4987);
#4987 = CARTESIAN_POINT('',(2.4,0.455,0.525));
#4988 = LINE('',#4989,#4990);
#4989 = CARTESIAN_POINT('',(2.1,0.455,0.525));
#4990 = VECTOR('',#4991,1.);
#4991 = DIRECTION('',(1.,1.110223024625E-16,0.));
#4992 = ORIENTED_EDGE('',*,*,#2650,.F.);
#4993 = ORIENTED_EDGE('',*,*,#4994,.T.);
#4994 = EDGE_CURVE('',#2651,#4995,#4997,.T.);
#4995 = VERTEX_POINT('',#4996);
#4996 = CARTESIAN_POINT('',(2.4,0.195,0.525));
#4997 = LINE('',#4998,#4999);
#4998 = CARTESIAN_POINT('',(2.1,0.195,0.525));
#4999 = VECTOR('',#5000,1.);
#5000 = DIRECTION('',(1.,1.110223024625E-16,0.));
#5001 = ORIENTED_EDGE('',*,*,#5002,.F.);
#5002 = EDGE_CURVE('',#4986,#4995,#5003,.T.);
#5003 = LINE('',#5004,#5005);
#5004 = CARTESIAN_POINT('',(2.4,0.455,0.525));
#5005 = VECTOR('',#5006,1.);
#5006 = DIRECTION('',(1.110223024625E-16,-1.,0.));
#5007 = PLANE('',#5008);
#5008 = AXIS2_PLACEMENT_3D('',#5009,#5010,#5011);
#5009 = CARTESIAN_POINT('',(2.1,0.455,0.525));
#5010 = DIRECTION('',(0.,0.,1.));
#5011 = DIRECTION('',(1.,1.110223024625E-16,-0.));
#5012 = ADVANCED_FACE('',(#5013),#5038,.T.);
#5013 = FACE_BOUND('',#5014,.T.);
#5014 = EDGE_LOOP('',(#5015,#5023,#5024,#5032));
#5015 = ORIENTED_EDGE('',*,*,#5016,.T.);
#5016 = EDGE_CURVE('',#5017,#2643,#5019,.T.);
#5017 = VERTEX_POINT('',#5018);
#5018 = CARTESIAN_POINT('',(2.2,0.455,0.675));
#5019 = LINE('',#5020,#5021);
#5020 = CARTESIAN_POINT('',(2.2,0.455,0.496427282854));
#5021 = VECTOR('',#5022,1.);
#5022 = DIRECTION('',(0.,0.,-1.));
#5023 = ORIENTED_EDGE('',*,*,#2642,.T.);
#5024 = ORIENTED_EDGE('',*,*,#5025,.F.);
#5025 = EDGE_CURVE('',#5026,#2635,#5028,.T.);
#5026 = VERTEX_POINT('',#5027);
#5027 = CARTESIAN_POINT('',(2.2,0.845,0.675));
#5028 = LINE('',#5029,#5030);
#5029 = CARTESIAN_POINT('',(2.2,0.845,0.496427282854));
#5030 = VECTOR('',#5031,1.);
#5031 = DIRECTION('',(0.,0.,-1.));
#5032 = ORIENTED_EDGE('',*,*,#5033,.F.);
#5033 = EDGE_CURVE('',#5017,#5026,#5034,.T.);
#5034 = LINE('',#5035,#5036);
#5035 = CARTESIAN_POINT('',(2.2,-2.5,0.675));
#5036 = VECTOR('',#5037,1.);
#5037 = DIRECTION('',(-1.110223024625E-16,1.,0.));
#5038 = PLANE('',#5039);
#5039 = AXIS2_PLACEMENT_3D('',#5040,#5041,#5042);
#5040 = CARTESIAN_POINT('',(2.2,-2.5,0.675));
#5041 = DIRECTION('',(1.,1.110223024625E-16,0.));
#5042 = DIRECTION('',(-1.110223024625E-16,1.,0.));
#5043 = ADVANCED_FACE('',(#5044),#5069,.F.);
#5044 = FACE_BOUND('',#5045,.F.);
#5045 = EDGE_LOOP('',(#5046,#5054,#5055,#5063));
#5046 = ORIENTED_EDGE('',*,*,#5047,.F.);
#5047 = EDGE_CURVE('',#2627,#5048,#5050,.T.);
#5048 = VERTEX_POINT('',#5049);
#5049 = CARTESIAN_POINT('',(2.4,1.105,0.525));
#5050 = LINE('',#5051,#5052);
#5051 = CARTESIAN_POINT('',(2.1,1.105,0.525));
#5052 = VECTOR('',#5053,1.);
#5053 = DIRECTION('',(1.,1.110223024625E-16,0.));
#5054 = ORIENTED_EDGE('',*,*,#2634,.F.);
#5055 = ORIENTED_EDGE('',*,*,#5056,.T.);
#5056 = EDGE_CURVE('',#2635,#5057,#5059,.T.);
#5057 = VERTEX_POINT('',#5058);
#5058 = CARTESIAN_POINT('',(2.4,0.845,0.525));
#5059 = LINE('',#5060,#5061);
#5060 = CARTESIAN_POINT('',(2.1,0.845,0.525));
#5061 = VECTOR('',#5062,1.);
#5062 = DIRECTION('',(1.,1.110223024625E-16,0.));
#5063 = ORIENTED_EDGE('',*,*,#5064,.F.);
#5064 = EDGE_CURVE('',#5048,#5057,#5065,.T.);
#5065 = LINE('',#5066,#5067);
#5066 = CARTESIAN_POINT('',(2.4,1.105,0.525));
#5067 = VECTOR('',#5068,1.);
#5068 = DIRECTION('',(1.110223024625E-16,-1.,0.));
#5069 = PLANE('',#5070);
#5070 = AXIS2_PLACEMENT_3D('',#5071,#5072,#5073);
#5071 = CARTESIAN_POINT('',(2.1,1.105,0.525));
#5072 = DIRECTION('',(0.,0.,1.));
#5073 = DIRECTION('',(1.,1.110223024625E-16,-0.));
#5074 = ADVANCED_FACE('',(#5075),#5100,.T.);
#5075 = FACE_BOUND('',#5076,.T.);
#5076 = EDGE_LOOP('',(#5077,#5085,#5086,#5094));
#5077 = ORIENTED_EDGE('',*,*,#5078,.T.);
#5078 = EDGE_CURVE('',#5079,#2627,#5081,.T.);
#5079 = VERTEX_POINT('',#5080);
#5080 = CARTESIAN_POINT('',(2.2,1.105,0.675));
#5081 = LINE('',#5082,#5083);
#5082 = CARTESIAN_POINT('',(2.2,1.105,0.496427282854));
#5083 = VECTOR('',#5084,1.);
#5084 = DIRECTION('',(0.,0.,-1.));
#5085 = ORIENTED_EDGE('',*,*,#2626,.T.);
#5086 = ORIENTED_EDGE('',*,*,#5087,.F.);
#5087 = EDGE_CURVE('',#5088,#2619,#5090,.T.);
#5088 = VERTEX_POINT('',#5089);
#5089 = CARTESIAN_POINT('',(2.2,1.495,0.675));
#5090 = LINE('',#5091,#5092);
#5091 = CARTESIAN_POINT('',(2.2,1.495,0.496427282854));
#5092 = VECTOR('',#5093,1.);
#5093 = DIRECTION('',(0.,0.,-1.));
#5094 = ORIENTED_EDGE('',*,*,#5095,.F.);
#5095 = EDGE_CURVE('',#5079,#5088,#5096,.T.);
#5096 = LINE('',#5097,#5098);
#5097 = CARTESIAN_POINT('',(2.2,-2.5,0.675));
#5098 = VECTOR('',#5099,1.);
#5099 = DIRECTION('',(-1.110223024625E-16,1.,0.));
#5100 = PLANE('',#5101);
#5101 = AXIS2_PLACEMENT_3D('',#5102,#5103,#5104);
#5102 = CARTESIAN_POINT('',(2.2,-2.5,0.675));
#5103 = DIRECTION('',(1.,1.110223024625E-16,0.));
#5104 = DIRECTION('',(-1.110223024625E-16,1.,0.));
#5105 = ADVANCED_FACE('',(#5106),#5131,.F.);
#5106 = FACE_BOUND('',#5107,.F.);
#5107 = EDGE_LOOP('',(#5108,#5116,#5117,#5125));
#5108 = ORIENTED_EDGE('',*,*,#5109,.F.);
#5109 = EDGE_CURVE('',#2611,#5110,#5112,.T.);
#5110 = VERTEX_POINT('',#5111);
#5111 = CARTESIAN_POINT('',(2.4,1.755,0.525));
#5112 = LINE('',#5113,#5114);
#5113 = CARTESIAN_POINT('',(2.1,1.755,0.525));
#5114 = VECTOR('',#5115,1.);
#5115 = DIRECTION('',(1.,1.110223024625E-16,0.));
#5116 = ORIENTED_EDGE('',*,*,#2618,.F.);
#5117 = ORIENTED_EDGE('',*,*,#5118,.T.);
#5118 = EDGE_CURVE('',#2619,#5119,#5121,.T.);
#5119 = VERTEX_POINT('',#5120);
#5120 = CARTESIAN_POINT('',(2.4,1.495,0.525));
#5121 = LINE('',#5122,#5123);
#5122 = CARTESIAN_POINT('',(2.1,1.495,0.525));
#5123 = VECTOR('',#5124,1.);
#5124 = DIRECTION('',(1.,1.110223024625E-16,0.));
#5125 = ORIENTED_EDGE('',*,*,#5126,.F.);
#5126 = EDGE_CURVE('',#5110,#5119,#5127,.T.);
#5127 = LINE('',#5128,#5129);
#5128 = CARTESIAN_POINT('',(2.4,1.755,0.525));
#5129 = VECTOR('',#5130,1.);
#5130 = DIRECTION('',(1.110223024625E-16,-1.,0.));
#5131 = PLANE('',#5132);
#5132 = AXIS2_PLACEMENT_3D('',#5133,#5134,#5135);
#5133 = CARTESIAN_POINT('',(2.1,1.755,0.525));
#5134 = DIRECTION('',(0.,0.,1.));
#5135 = DIRECTION('',(1.,1.110223024625E-16,-0.));
#5136 = ADVANCED_FACE('',(#5137),#5162,.T.);
#5137 = FACE_BOUND('',#5138,.T.);
#5138 = EDGE_LOOP('',(#5139,#5147,#5148,#5156));
#5139 = ORIENTED_EDGE('',*,*,#5140,.T.);
#5140 = EDGE_CURVE('',#5141,#2611,#5143,.T.);
#5141 = VERTEX_POINT('',#5142);
#5142 = CARTESIAN_POINT('',(2.2,1.755,0.675));
#5143 = LINE('',#5144,#5145);
#5144 = CARTESIAN_POINT('',(2.2,1.755,0.496427282854));
#5145 = VECTOR('',#5146,1.);
#5146 = DIRECTION('',(0.,0.,-1.));
#5147 = ORIENTED_EDGE('',*,*,#2610,.T.);
#5148 = ORIENTED_EDGE('',*,*,#5149,.F.);
#5149 = EDGE_CURVE('',#5150,#2603,#5152,.T.);
#5150 = VERTEX_POINT('',#5151);
#5151 = CARTESIAN_POINT('',(2.2,2.145,0.675));
#5152 = LINE('',#5153,#5154);
#5153 = CARTESIAN_POINT('',(2.2,2.145,0.496427282854));
#5154 = VECTOR('',#5155,1.);
#5155 = DIRECTION('',(0.,0.,-1.));
#5156 = ORIENTED_EDGE('',*,*,#5157,.F.);
#5157 = EDGE_CURVE('',#5141,#5150,#5158,.T.);
#5158 = LINE('',#5159,#5160);
#5159 = CARTESIAN_POINT('',(2.2,-2.5,0.675));
#5160 = VECTOR('',#5161,1.);
#5161 = DIRECTION('',(-1.110223024625E-16,1.,0.));
#5162 = PLANE('',#5163);
#5163 = AXIS2_PLACEMENT_3D('',#5164,#5165,#5166);
#5164 = CARTESIAN_POINT('',(2.2,-2.5,0.675));
#5165 = DIRECTION('',(1.,1.110223024625E-16,0.));
#5166 = DIRECTION('',(-1.110223024625E-16,1.,0.));
#5167 = ADVANCED_FACE('',(#5168),#5193,.F.);
#5168 = FACE_BOUND('',#5169,.F.);
#5169 = EDGE_LOOP('',(#5170,#5178,#5179,#5187));
#5170 = ORIENTED_EDGE('',*,*,#5171,.F.);
#5171 = EDGE_CURVE('',#2595,#5172,#5174,.T.);
#5172 = VERTEX_POINT('',#5173);
#5173 = CARTESIAN_POINT('',(2.4,2.405,0.525));
#5174 = LINE('',#5175,#5176);
#5175 = CARTESIAN_POINT('',(2.1,2.405,0.525));
#5176 = VECTOR('',#5177,1.);
#5177 = DIRECTION('',(1.,1.110223024625E-16,0.));
#5178 = ORIENTED_EDGE('',*,*,#2602,.F.);
#5179 = ORIENTED_EDGE('',*,*,#5180,.T.);
#5180 = EDGE_CURVE('',#2603,#5181,#5183,.T.);
#5181 = VERTEX_POINT('',#5182);
#5182 = CARTESIAN_POINT('',(2.4,2.145,0.525));
#5183 = LINE('',#5184,#5185);
#5184 = CARTESIAN_POINT('',(2.1,2.145,0.525));
#5185 = VECTOR('',#5186,1.);
#5186 = DIRECTION('',(1.,1.110223024625E-16,0.));
#5187 = ORIENTED_EDGE('',*,*,#5188,.F.);
#5188 = EDGE_CURVE('',#5172,#5181,#5189,.T.);
#5189 = LINE('',#5190,#5191);
#5190 = CARTESIAN_POINT('',(2.4,2.405,0.525));
#5191 = VECTOR('',#5192,1.);
#5192 = DIRECTION('',(1.110223024625E-16,-1.,0.));
#5193 = PLANE('',#5194);
#5194 = AXIS2_PLACEMENT_3D('',#5195,#5196,#5197);
#5195 = CARTESIAN_POINT('',(2.1,2.405,0.525));
#5196 = DIRECTION('',(0.,0.,1.));
#5197 = DIRECTION('',(1.,1.110223024625E-16,-0.));
#5198 = ADVANCED_FACE('',(#5199),#5210,.T.);
#5199 = FACE_BOUND('',#5200,.T.);
#5200 = EDGE_LOOP('',(#5201,#5207,#5208,#5209));
#5201 = ORIENTED_EDGE('',*,*,#5202,.T.);
#5202 = EDGE_CURVE('',#2818,#2595,#5203,.T.);
#5203 = LINE('',#5204,#5205);
#5204 = CARTESIAN_POINT('',(2.2,2.405,0.496427282854));
#5205 = VECTOR('',#5206,1.);
#5206 = DIRECTION('',(0.,0.,-1.));
#5207 = ORIENTED_EDGE('',*,*,#2594,.T.);
#5208 = ORIENTED_EDGE('',*,*,#2770,.T.);
#5209 = ORIENTED_EDGE('',*,*,#2825,.F.);
#5210 = PLANE('',#5211);
#5211 = AXIS2_PLACEMENT_3D('',#5212,#5213,#5214);
#5212 = CARTESIAN_POINT('',(2.2,-2.5,0.675));
#5213 = DIRECTION('',(1.,1.110223024625E-16,0.));
#5214 = DIRECTION('',(-1.110223024625E-16,1.,0.));
#5215 = ADVANCED_FACE('',(#5216),#5255,.F.);
#5216 = FACE_BOUND('',#5217,.F.);
#5217 = EDGE_LOOP('',(#5218,#5226,#5234,#5240,#5248,#5254));
#5218 = ORIENTED_EDGE('',*,*,#5219,.F.);
#5219 = EDGE_CURVE('',#5220,#2818,#5222,.T.);
#5220 = VERTEX_POINT('',#5221);
#5221 = CARTESIAN_POINT('',(2.4,2.405,0.675));
#5222 = LINE('',#5223,#5224);
#5223 = CARTESIAN_POINT('',(2.4,2.405,0.675));
#5224 = VECTOR('',#5225,1.);
#5225 = DIRECTION('',(-1.,-1.110223024625E-16,0.));
#5226 = ORIENTED_EDGE('',*,*,#5227,.T.);
#5227 = EDGE_CURVE('',#5220,#5228,#5230,.T.);
#5228 = VERTEX_POINT('',#5229);
#5229 = CARTESIAN_POINT('',(2.4,2.145,0.675));
#5230 = LINE('',#5231,#5232);
#5231 = CARTESIAN_POINT('',(2.4,2.405,0.675));
#5232 = VECTOR('',#5233,1.);
#5233 = DIRECTION('',(1.110223024625E-16,-1.,0.));
#5234 = ORIENTED_EDGE('',*,*,#5235,.T.);
#5235 = EDGE_CURVE('',#5228,#5150,#5236,.T.);
#5236 = LINE('',#5237,#5238);
#5237 = CARTESIAN_POINT('',(2.4,2.145,0.675));
#5238 = VECTOR('',#5239,1.);
#5239 = DIRECTION('',(-1.,-1.110223024625E-16,0.));
#5240 = ORIENTED_EDGE('',*,*,#5241,.T.);
#5241 = EDGE_CURVE('',#5150,#5242,#5244,.T.);
#5242 = VERTEX_POINT('',#5243);
#5243 = CARTESIAN_POINT('',(2.15,2.145,0.675));
#5244 = LINE('',#5245,#5246);
#5245 = CARTESIAN_POINT('',(2.4,2.145,0.675));
#5246 = VECTOR('',#5247,1.);
#5247 = DIRECTION('',(-1.,-1.110223024625E-16,0.));
#5248 = ORIENTED_EDGE('',*,*,#5249,.T.);
#5249 = EDGE_CURVE('',#5242,#2810,#5250,.T.);
#5250 = LINE('',#5251,#5252);
#5251 = CARTESIAN_POINT('',(2.15,-2.45,0.675));
#5252 = VECTOR('',#5253,1.);
#5253 = DIRECTION('',(-1.110223024625E-16,1.,0.));
#5254 = ORIENTED_EDGE('',*,*,#2817,.F.);
#5255 = PLANE('',#5256);
#5256 = AXIS2_PLACEMENT_3D('',#5257,#5258,#5259);
#5257 = CARTESIAN_POINT('',(2.4,2.405,0.675));
#5258 = DIRECTION('',(0.,0.,-1.));
#5259 = DIRECTION('',(-1.,-1.110223024625E-16,-0.));
#5260 = ADVANCED_FACE('',(#5261),#5396,.T.);
#5261 = FACE_BOUND('',#5262,.T.);
#5262 = EDGE_LOOP('',(#5263,#5264,#5272,#5280,#5288,#5296,#5304,#5312,
    #5320,#5328,#5336,#5344,#5352,#5360,#5368,#5374,#5375,#5376,#5383,
    #5391));
#5263 = ORIENTED_EDGE('',*,*,#4690,.T.);
#5264 = ORIENTED_EDGE('',*,*,#5265,.T.);
#5265 = EDGE_CURVE('',#4683,#5266,#5268,.T.);
#5266 = VERTEX_POINT('',#5267);
#5267 = CARTESIAN_POINT('',(2.15,-2.145,0.675));
#5268 = LINE('',#5269,#5270);
#5269 = CARTESIAN_POINT('',(2.15,-2.45,0.675));
#5270 = VECTOR('',#5271,1.);
#5271 = DIRECTION('',(-1.110223024625E-16,1.,0.));
#5272 = ORIENTED_EDGE('',*,*,#5273,.T.);
#5273 = EDGE_CURVE('',#5266,#5274,#5276,.T.);
#5274 = VERTEX_POINT('',#5275);
#5275 = CARTESIAN_POINT('',(2.15,-1.755,0.675));
#5276 = LINE('',#5277,#5278);
#5277 = CARTESIAN_POINT('',(2.15,-2.45,0.675));
#5278 = VECTOR('',#5279,1.);
#5279 = DIRECTION('',(-1.110223024625E-16,1.,0.));
#5280 = ORIENTED_EDGE('',*,*,#5281,.T.);
#5281 = EDGE_CURVE('',#5274,#5282,#5284,.T.);
#5282 = VERTEX_POINT('',#5283);
#5283 = CARTESIAN_POINT('',(2.15,-1.495,0.675));
#5284 = LINE('',#5285,#5286);
#5285 = CARTESIAN_POINT('',(2.15,-2.45,0.675));
#5286 = VECTOR('',#5287,1.);
#5287 = DIRECTION('',(-1.110223024625E-16,1.,0.));
#5288 = ORIENTED_EDGE('',*,*,#5289,.T.);
#5289 = EDGE_CURVE('',#5282,#5290,#5292,.T.);
#5290 = VERTEX_POINT('',#5291);
#5291 = CARTESIAN_POINT('',(2.15,-1.105,0.675));
#5292 = LINE('',#5293,#5294);
#5293 = CARTESIAN_POINT('',(2.15,-2.45,0.675));
#5294 = VECTOR('',#5295,1.);
#5295 = DIRECTION('',(-1.110223024625E-16,1.,0.));
#5296 = ORIENTED_EDGE('',*,*,#5297,.T.);
#5297 = EDGE_CURVE('',#5290,#5298,#5300,.T.);
#5298 = VERTEX_POINT('',#5299);
#5299 = CARTESIAN_POINT('',(2.15,-0.845,0.675));
#5300 = LINE('',#5301,#5302);
#5301 = CARTESIAN_POINT('',(2.15,-2.45,0.675));
#5302 = VECTOR('',#5303,1.);
#5303 = DIRECTION('',(-1.110223024625E-16,1.,0.));
#5304 = ORIENTED_EDGE('',*,*,#5305,.T.);
#5305 = EDGE_CURVE('',#5298,#5306,#5308,.T.);
#5306 = VERTEX_POINT('',#5307);
#5307 = CARTESIAN_POINT('',(2.15,-0.455,0.675));
#5308 = LINE('',#5309,#5310);
#5309 = CARTESIAN_POINT('',(2.15,-2.45,0.675));
#5310 = VECTOR('',#5311,1.);
#5311 = DIRECTION('',(-1.110223024625E-16,1.,0.));
#5312 = ORIENTED_EDGE('',*,*,#5313,.T.);
#5313 = EDGE_CURVE('',#5306,#5314,#5316,.T.);
#5314 = VERTEX_POINT('',#5315);
#5315 = CARTESIAN_POINT('',(2.15,-0.195,0.675));
#5316 = LINE('',#5317,#5318);
#5317 = CARTESIAN_POINT('',(2.15,-2.45,0.675));
#5318 = VECTOR('',#5319,1.);
#5319 = DIRECTION('',(-1.110223024625E-16,1.,0.));
#5320 = ORIENTED_EDGE('',*,*,#5321,.T.);
#5321 = EDGE_CURVE('',#5314,#5322,#5324,.T.);
#5322 = VERTEX_POINT('',#5323);
#5323 = CARTESIAN_POINT('',(2.15,0.195,0.675));
#5324 = LINE('',#5325,#5326);
#5325 = CARTESIAN_POINT('',(2.15,-2.45,0.675));
#5326 = VECTOR('',#5327,1.);
#5327 = DIRECTION('',(-1.110223024625E-16,1.,0.));
#5328 = ORIENTED_EDGE('',*,*,#5329,.T.);
#5329 = EDGE_CURVE('',#5322,#5330,#5332,.T.);
#5330 = VERTEX_POINT('',#5331);
#5331 = CARTESIAN_POINT('',(2.15,0.455,0.675));
#5332 = LINE('',#5333,#5334);
#5333 = CARTESIAN_POINT('',(2.15,-2.45,0.675));
#5334 = VECTOR('',#5335,1.);
#5335 = DIRECTION('',(-1.110223024625E-16,1.,0.));
#5336 = ORIENTED_EDGE('',*,*,#5337,.T.);
#5337 = EDGE_CURVE('',#5330,#5338,#5340,.T.);
#5338 = VERTEX_POINT('',#5339);
#5339 = CARTESIAN_POINT('',(2.15,0.845,0.675));
#5340 = LINE('',#5341,#5342);
#5341 = CARTESIAN_POINT('',(2.15,-2.45,0.675));
#5342 = VECTOR('',#5343,1.);
#5343 = DIRECTION('',(-1.110223024625E-16,1.,0.));
#5344 = ORIENTED_EDGE('',*,*,#5345,.T.);
#5345 = EDGE_CURVE('',#5338,#5346,#5348,.T.);
#5346 = VERTEX_POINT('',#5347);
#5347 = CARTESIAN_POINT('',(2.15,1.105,0.675));
#5348 = LINE('',#5349,#5350);
#5349 = CARTESIAN_POINT('',(2.15,-2.45,0.675));
#5350 = VECTOR('',#5351,1.);
#5351 = DIRECTION('',(-1.110223024625E-16,1.,0.));
#5352 = ORIENTED_EDGE('',*,*,#5353,.T.);
#5353 = EDGE_CURVE('',#5346,#5354,#5356,.T.);
#5354 = VERTEX_POINT('',#5355);
#5355 = CARTESIAN_POINT('',(2.15,1.495,0.675));
#5356 = LINE('',#5357,#5358);
#5357 = CARTESIAN_POINT('',(2.15,-2.45,0.675));
#5358 = VECTOR('',#5359,1.);
#5359 = DIRECTION('',(-1.110223024625E-16,1.,0.));
#5360 = ORIENTED_EDGE('',*,*,#5361,.T.);
#5361 = EDGE_CURVE('',#5354,#5362,#5364,.T.);
#5362 = VERTEX_POINT('',#5363);
#5363 = CARTESIAN_POINT('',(2.15,1.755,0.675));
#5364 = LINE('',#5365,#5366);
#5365 = CARTESIAN_POINT('',(2.15,-2.45,0.675));
#5366 = VECTOR('',#5367,1.);
#5367 = DIRECTION('',(-1.110223024625E-16,1.,0.));
#5368 = ORIENTED_EDGE('',*,*,#5369,.T.);
#5369 = EDGE_CURVE('',#5362,#5242,#5370,.T.);
#5370 = LINE('',#5371,#5372);
#5371 = CARTESIAN_POINT('',(2.15,-2.45,0.675));
#5372 = VECTOR('',#5373,1.);
#5373 = DIRECTION('',(-1.110223024625E-16,1.,0.));
#5374 = ORIENTED_EDGE('',*,*,#5249,.T.);
#5375 = ORIENTED_EDGE('',*,*,#2809,.T.);
#5376 = ORIENTED_EDGE('',*,*,#5377,.T.);
#5377 = EDGE_CURVE('',#2802,#5378,#5380,.T.);
#5378 = VERTEX_POINT('',#5379);
#5379 = CARTESIAN_POINT('',(2.075061033199,2.375061033199,1.1));
#5380 = B_SPLINE_CURVE_WITH_KNOTS('',1,(#5381,#5382),.UNSPECIFIED.,.F.,
  .F.,(2,2),(0.,1.),.PIECEWISE_BEZIER_KNOTS.);
#5381 = CARTESIAN_POINT('',(2.15,2.45,0.675));
#5382 = CARTESIAN_POINT('',(2.075061033199,2.375061033199,1.1));
#5383 = ORIENTED_EDGE('',*,*,#5384,.F.);
#5384 = EDGE_CURVE('',#5385,#5378,#5387,.T.);
#5385 = VERTEX_POINT('',#5386);
#5386 = CARTESIAN_POINT('',(2.075061033199,-2.375061033199,1.1));
#5387 = LINE('',#5388,#5389);
#5388 = CARTESIAN_POINT('',(2.075061033199,-2.375061033199,1.1));
#5389 = VECTOR('',#5390,1.);
#5390 = DIRECTION('',(-1.110223024625E-16,1.,0.));
#5391 = ORIENTED_EDGE('',*,*,#5392,.F.);
#5392 = EDGE_CURVE('',#4691,#5385,#5393,.T.);
#5393 = B_SPLINE_CURVE_WITH_KNOTS('',1,(#5394,#5395),.UNSPECIFIED.,.F.,
  .F.,(2,2),(0.,1.),.PIECEWISE_BEZIER_KNOTS.);
#5394 = CARTESIAN_POINT('',(2.15,-2.45,0.675));
#5395 = CARTESIAN_POINT('',(2.075061033199,-2.375061033199,1.1));
#5396 = B_SPLINE_SURFACE_WITH_KNOTS('',1,1,(
    (#5397,#5398)
    ,(#5399,#5400
    )),.UNSPECIFIED.,.F.,.F.,.F.,(2,2),(2,2),(0.,4.9),(0.,1.),
  .PIECEWISE_BEZIER_KNOTS.);
#5397 = CARTESIAN_POINT('',(2.15,-2.45,0.675));
#5398 = CARTESIAN_POINT('',(2.075061033199,-2.375061033199,1.1));
#5399 = CARTESIAN_POINT('',(2.15,2.45,0.675));
#5400 = CARTESIAN_POINT('',(2.075061033199,2.375061033199,1.1));
#5401 = ADVANCED_FACE('',(#5402),#5419,.T.);
#5402 = FACE_BOUND('',#5403,.T.);
#5403 = EDGE_LOOP('',(#5404,#5405,#5412,#5418));
#5404 = ORIENTED_EDGE('',*,*,#2801,.T.);
#5405 = ORIENTED_EDGE('',*,*,#5406,.T.);
#5406 = EDGE_CURVE('',#2794,#5407,#5409,.T.);
#5407 = VERTEX_POINT('',#5408);
#5408 = CARTESIAN_POINT('',(-2.075061033199,2.375061033199,1.1));
#5409 = B_SPLINE_CURVE_WITH_KNOTS('',1,(#5410,#5411),.UNSPECIFIED.,.F.,
  .F.,(2,2),(0.,1.),.PIECEWISE_BEZIER_KNOTS.);
#5410 = CARTESIAN_POINT('',(-2.15,2.45,0.675));
#5411 = CARTESIAN_POINT('',(-2.075061033199,2.375061033199,1.1));
#5412 = ORIENTED_EDGE('',*,*,#5413,.F.);
#5413 = EDGE_CURVE('',#5378,#5407,#5414,.T.);
#5414 = LINE('',#5415,#5416);
#5415 = CARTESIAN_POINT('',(2.075061033199,2.375061033199,1.1));
#5416 = VECTOR('',#5417,1.);
#5417 = DIRECTION('',(-1.,-1.110223024625E-16,0.));
#5418 = ORIENTED_EDGE('',*,*,#5377,.F.);
#5419 = B_SPLINE_SURFACE_WITH_KNOTS('',1,1,(
    (#5420,#5421)
    ,(#5422,#5423
    )),.UNSPECIFIED.,.F.,.F.,.F.,(2,2),(2,2),(0.,4.3),(0.,1.),
  .PIECEWISE_BEZIER_KNOTS.);
#5420 = CARTESIAN_POINT('',(2.15,2.45,0.675));
#5421 = CARTESIAN_POINT('',(2.075061033199,2.375061033199,1.1));
#5422 = CARTESIAN_POINT('',(-2.15,2.45,0.675));
#5423 = CARTESIAN_POINT('',(-2.075061033199,2.375061033199,1.1));
#5424 = ADVANCED_FACE('',(#5425),#5498,.T.);
#5425 = FACE_BOUND('',#5426,.T.);
#5426 = EDGE_LOOP('',(#5427,#5428,#5434,#5435,#5441,#5442,#5448,#5449,
    #5455,#5456,#5462,#5463,#5469,#5470,#5476,#5477,#5483,#5484,#5491,
    #5497));
#5427 = ORIENTED_EDGE('',*,*,#2793,.T.);
#5428 = ORIENTED_EDGE('',*,*,#5429,.T.);
#5429 = EDGE_CURVE('',#2786,#3041,#5430,.T.);
#5430 = LINE('',#5431,#5432);
#5431 = CARTESIAN_POINT('',(-2.15,2.45,0.675));
#5432 = VECTOR('',#5433,1.);
#5433 = DIRECTION('',(1.110223024625E-16,-1.,0.));
#5434 = ORIENTED_EDGE('',*,*,#3057,.T.);
#5435 = ORIENTED_EDGE('',*,*,#5436,.T.);
#5436 = EDGE_CURVE('',#3050,#3273,#5437,.T.);
#5437 = LINE('',#5438,#5439);
#5438 = CARTESIAN_POINT('',(-2.15,2.45,0.675));
#5439 = VECTOR('',#5440,1.);
#5440 = DIRECTION('',(1.110223024625E-16,-1.,0.));
#5441 = ORIENTED_EDGE('',*,*,#3289,.T.);
#5442 = ORIENTED_EDGE('',*,*,#5443,.T.);
#5443 = EDGE_CURVE('',#3282,#3505,#5444,.T.);
#5444 = LINE('',#5445,#5446);
#5445 = CARTESIAN_POINT('',(-2.15,2.45,0.675));
#5446 = VECTOR('',#5447,1.);
#5447 = DIRECTION('',(1.110223024625E-16,-1.,0.));
#5448 = ORIENTED_EDGE('',*,*,#3521,.T.);
#5449 = ORIENTED_EDGE('',*,*,#5450,.T.);
#5450 = EDGE_CURVE('',#3514,#3737,#5451,.T.);
#5451 = LINE('',#5452,#5453);
#5452 = CARTESIAN_POINT('',(-2.15,2.45,0.675));
#5453 = VECTOR('',#5454,1.);
#5454 = DIRECTION('',(1.110223024625E-16,-1.,0.));
#5455 = ORIENTED_EDGE('',*,*,#3753,.T.);
#5456 = ORIENTED_EDGE('',*,*,#5457,.T.);
#5457 = EDGE_CURVE('',#3746,#3969,#5458,.T.);
#5458 = LINE('',#5459,#5460);
#5459 = CARTESIAN_POINT('',(-2.15,2.45,0.675));
#5460 = VECTOR('',#5461,1.);
#5461 = DIRECTION('',(1.110223024625E-16,-1.,0.));
#5462 = ORIENTED_EDGE('',*,*,#3985,.T.);
#5463 = ORIENTED_EDGE('',*,*,#5464,.T.);
#5464 = EDGE_CURVE('',#3978,#4201,#5465,.T.);
#5465 = LINE('',#5466,#5467);
#5466 = CARTESIAN_POINT('',(-2.15,2.45,0.675));
#5467 = VECTOR('',#5468,1.);
#5468 = DIRECTION('',(1.110223024625E-16,-1.,0.));
#5469 = ORIENTED_EDGE('',*,*,#4217,.T.);
#5470 = ORIENTED_EDGE('',*,*,#5471,.T.);
#5471 = EDGE_CURVE('',#4210,#4433,#5472,.T.);
#5472 = LINE('',#5473,#5474);
#5473 = CARTESIAN_POINT('',(-2.15,2.45,0.675));
#5474 = VECTOR('',#5475,1.);
#5475 = DIRECTION('',(1.110223024625E-16,-1.,0.));
#5476 = ORIENTED_EDGE('',*,*,#4449,.T.);
#5477 = ORIENTED_EDGE('',*,*,#5478,.T.);
#5478 = EDGE_CURVE('',#4442,#4665,#5479,.T.);
#5479 = LINE('',#5480,#5481);
#5480 = CARTESIAN_POINT('',(-2.15,2.45,0.675));
#5481 = VECTOR('',#5482,1.);
#5482 = DIRECTION('',(1.110223024625E-16,-1.,0.));
#5483 = ORIENTED_EDGE('',*,*,#4706,.T.);
#5484 = ORIENTED_EDGE('',*,*,#5485,.T.);
#5485 = EDGE_CURVE('',#4699,#5486,#5488,.T.);
#5486 = VERTEX_POINT('',#5487);
#5487 = CARTESIAN_POINT('',(-2.075061033199,-2.375061033199,1.1));
#5488 = B_SPLINE_CURVE_WITH_KNOTS('',1,(#5489,#5490),.UNSPECIFIED.,.F.,
  .F.,(2,2),(0.,1.),.PIECEWISE_BEZIER_KNOTS.);
#5489 = CARTESIAN_POINT('',(-2.15,-2.45,0.675));
#5490 = CARTESIAN_POINT('',(-2.075061033199,-2.375061033199,1.1));
#5491 = ORIENTED_EDGE('',*,*,#5492,.F.);
#5492 = EDGE_CURVE('',#5407,#5486,#5493,.T.);
#5493 = LINE('',#5494,#5495);
#5494 = CARTESIAN_POINT('',(-2.075061033199,2.375061033199,1.1));
#5495 = VECTOR('',#5496,1.);
#5496 = DIRECTION('',(1.110223024625E-16,-1.,0.));
#5497 = ORIENTED_EDGE('',*,*,#5406,.F.);
#5498 = B_SPLINE_SURFACE_WITH_KNOTS('',1,1,(
    (#5499,#5500)
    ,(#5501,#5502
    )),.UNSPECIFIED.,.F.,.F.,.F.,(2,2),(2,2),(0.,4.9),(0.,1.),
  .PIECEWISE_BEZIER_KNOTS.);
#5499 = CARTESIAN_POINT('',(-2.15,2.45,0.675));
#5500 = CARTESIAN_POINT('',(-2.075061033199,2.375061033199,1.1));
#5501 = CARTESIAN_POINT('',(-2.15,-2.45,0.675));
#5502 = CARTESIAN_POINT('',(-2.075061033199,-2.375061033199,1.1));
#5503 = ADVANCED_FACE('',(#5504),#5517,.F.);
#5504 = FACE_BOUND('',#5505,.F.);
#5505 = EDGE_LOOP('',(#5506,#5507,#5513,#5514,#5515,#5516));
#5506 = ORIENTED_EDGE('',*,*,#3009,.F.);
#5507 = ORIENTED_EDGE('',*,*,#5508,.T.);
#5508 = EDGE_CURVE('',#3001,#2909,#5509,.T.);
#5509 = LINE('',#5510,#5511);
#5510 = CARTESIAN_POINT('',(-2.4,2.145,0.675));
#5511 = VECTOR('',#5512,1.);
#5512 = DIRECTION('',(1.144237745222E-17,1.,0.));
#5513 = ORIENTED_EDGE('',*,*,#2917,.T.);
#5514 = ORIENTED_EDGE('',*,*,#2785,.T.);
#5515 = ORIENTED_EDGE('',*,*,#5429,.T.);
#5516 = ORIENTED_EDGE('',*,*,#3040,.F.);
#5517 = PLANE('',#5518);
#5518 = AXIS2_PLACEMENT_3D('',#5519,#5520,#5521);
#5519 = CARTESIAN_POINT('',(-2.4,2.145,0.675));
#5520 = DIRECTION('',(0.,0.,-1.));
#5521 = DIRECTION('',(1.,-1.144237745222E-17,0.));
#5522 = ADVANCED_FACE('',(#5523),#5534,.T.);
#5523 = FACE_BOUND('',#5524,.T.);
#5524 = EDGE_LOOP('',(#5525,#5526,#5527,#5528));
#5525 = ORIENTED_EDGE('',*,*,#3000,.T.);
#5526 = ORIENTED_EDGE('',*,*,#5508,.T.);
#5527 = ORIENTED_EDGE('',*,*,#2908,.F.);
#5528 = ORIENTED_EDGE('',*,*,#5529,.F.);
#5529 = EDGE_CURVE('',#2993,#2901,#5530,.T.);
#5530 = LINE('',#5531,#5532);
#5531 = CARTESIAN_POINT('',(-2.646201938253,2.145,0.468412044417));
#5532 = VECTOR('',#5533,1.);
#5533 = DIRECTION('',(1.144237745222E-17,1.,0.));
#5534 = CYLINDRICAL_SURFACE('',#5535,0.25);
#5535 = AXIS2_PLACEMENT_3D('',#5536,#5537,#5538);
#5536 = CARTESIAN_POINT('',(-2.4,2.145,0.425));
#5537 = DIRECTION('',(-1.144237745222E-17,-1.,0.));
#5538 = DIRECTION('',(-0.984807753012,1.126854202784E-17,0.173648177667)
  );
#5539 = ADVANCED_FACE('',(#5540),#5551,.F.);
#5540 = FACE_BOUND('',#5541,.F.);
#5541 = EDGE_LOOP('',(#5542,#5548,#5549,#5550));
#5542 = ORIENTED_EDGE('',*,*,#5543,.T.);
#5543 = EDGE_CURVE('',#2984,#2892,#5544,.T.);
#5544 = LINE('',#5545,#5546);
#5545 = CARTESIAN_POINT('',(-2.682376446323,2.145,0.232635182233));
#5546 = VECTOR('',#5547,1.);
#5547 = DIRECTION('',(1.144237745222E-17,1.,0.));
#5548 = ORIENTED_EDGE('',*,*,#2900,.T.);
#5549 = ORIENTED_EDGE('',*,*,#5529,.F.);
#5550 = ORIENTED_EDGE('',*,*,#2992,.F.);
#5551 = PLANE('',#5552);
#5552 = AXIS2_PLACEMENT_3D('',#5553,#5554,#5555);
#5553 = CARTESIAN_POINT('',(-2.682376446323,2.145,0.232635182233));
#5554 = DIRECTION('',(0.988433898356,-1.131003375156E-17,-0.151652327974
    ));
#5555 = DIRECTION('',(0.151652327974,-1.735263178185E-18,0.988433898356)
  );
#5556 = ADVANCED_FACE('',(#5557),#5568,.F.);
#5557 = FACE_BOUND('',#5558,.F.);
#5558 = EDGE_LOOP('',(#5559,#5565,#5566,#5567));
#5559 = ORIENTED_EDGE('',*,*,#5560,.T.);
#5560 = EDGE_CURVE('',#2976,#2884,#5561,.T.);
#5561 = LINE('',#5562,#5563);
#5562 = CARTESIAN_POINT('',(-2.780857221624,2.145,0.15));
#5563 = VECTOR('',#5564,1.);
#5564 = DIRECTION('',(1.144237745222E-17,1.,0.));
#5565 = ORIENTED_EDGE('',*,*,#2891,.T.);
#5566 = ORIENTED_EDGE('',*,*,#5543,.F.);
#5567 = ORIENTED_EDGE('',*,*,#2983,.F.);
#5568 = CYLINDRICAL_SURFACE('',#5569,0.1);
#5569 = AXIS2_PLACEMENT_3D('',#5570,#5571,#5572);
#5570 = CARTESIAN_POINT('',(-2.780857221624,2.145,0.25));
#5571 = DIRECTION('',(-1.144237745222E-17,-1.,0.));
#5572 = DIRECTION('',(-0.,0.,-1.));
#5573 = ADVANCED_FACE('',(#5574),#5585,.F.);
#5574 = FACE_BOUND('',#5575,.F.);
#5575 = EDGE_LOOP('',(#5576,#5582,#5583,#5584));
#5576 = ORIENTED_EDGE('',*,*,#5577,.T.);
#5577 = EDGE_CURVE('',#2968,#2876,#5578,.T.);
#5578 = LINE('',#5579,#5580);
#5579 = CARTESIAN_POINT('',(-3.2,2.145,0.15));
#5580 = VECTOR('',#5581,1.);
#5581 = DIRECTION('',(1.144237745222E-17,1.,0.));
#5582 = ORIENTED_EDGE('',*,*,#2883,.T.);
#5583 = ORIENTED_EDGE('',*,*,#5560,.F.);
#5584 = ORIENTED_EDGE('',*,*,#2975,.F.);
#5585 = PLANE('',#5586);
#5586 = AXIS2_PLACEMENT_3D('',#5587,#5588,#5589);
#5587 = CARTESIAN_POINT('',(-3.2,2.145,0.15));
#5588 = DIRECTION('',(0.,0.,-1.));
#5589 = DIRECTION('',(1.,-1.144237745222E-17,0.));
#5590 = ADVANCED_FACE('',(#5591),#5602,.F.);
#5591 = FACE_BOUND('',#5592,.F.);
#5592 = EDGE_LOOP('',(#5593,#5599,#5600,#5601));
#5593 = ORIENTED_EDGE('',*,*,#5594,.T.);
#5594 = EDGE_CURVE('',#2960,#2868,#5595,.T.);
#5595 = LINE('',#5596,#5597);
#5596 = CARTESIAN_POINT('',(-3.2,2.145,-1.665334536938E-16));
#5597 = VECTOR('',#5598,1.);
#5598 = DIRECTION('',(1.144237745222E-17,1.,0.));
#5599 = ORIENTED_EDGE('',*,*,#2875,.T.);
#5600 = ORIENTED_EDGE('',*,*,#5577,.F.);
#5601 = ORIENTED_EDGE('',*,*,#2967,.F.);
#5602 = PLANE('',#5603);
#5603 = AXIS2_PLACEMENT_3D('',#5604,#5605,#5606);
#5604 = CARTESIAN_POINT('',(-3.2,2.145,-1.665334536938E-16));
#5605 = DIRECTION('',(1.,-1.144237745222E-17,0.));
#5606 = DIRECTION('',(0.,0.,1.));
#5607 = ADVANCED_FACE('',(#5608),#5619,.F.);
#5608 = FACE_BOUND('',#5609,.F.);
#5609 = EDGE_LOOP('',(#5610,#5616,#5617,#5618));
#5610 = ORIENTED_EDGE('',*,*,#5611,.T.);
#5611 = EDGE_CURVE('',#2951,#2859,#5612,.T.);
#5612 = LINE('',#5613,#5614);
#5613 = CARTESIAN_POINT('',(-2.780857221624,2.145,-1.665334536938E-16));
#5614 = VECTOR('',#5615,1.);
#5615 = DIRECTION('',(1.144237745222E-17,1.,0.));
#5616 = ORIENTED_EDGE('',*,*,#2867,.T.);
#5617 = ORIENTED_EDGE('',*,*,#5594,.F.);
#5618 = ORIENTED_EDGE('',*,*,#2959,.F.);
#5619 = PLANE('',#5620);
#5620 = AXIS2_PLACEMENT_3D('',#5621,#5622,#5623);
#5621 = CARTESIAN_POINT('',(-2.780857221624,2.145,-1.665334536938E-16));
#5622 = DIRECTION('',(0.,0.,1.));
#5623 = DIRECTION('',(-1.,1.144237745222E-17,0.));
#5624 = ADVANCED_FACE('',(#5625),#5636,.T.);
#5625 = FACE_BOUND('',#5626,.T.);
#5626 = EDGE_LOOP('',(#5627,#5628,#5629,#5630));
#5627 = ORIENTED_EDGE('',*,*,#2950,.T.);
#5628 = ORIENTED_EDGE('',*,*,#5611,.T.);
#5629 = ORIENTED_EDGE('',*,*,#2858,.F.);
#5630 = ORIENTED_EDGE('',*,*,#5631,.F.);
#5631 = EDGE_CURVE('',#2943,#2851,#5632,.T.);
#5632 = LINE('',#5633,#5634);
#5633 = CARTESIAN_POINT('',(-2.534655283371,2.145,0.206587955583));
#5634 = VECTOR('',#5635,1.);
#5635 = DIRECTION('',(1.144237745222E-17,1.,0.));
#5636 = CYLINDRICAL_SURFACE('',#5637,0.25);
#5637 = AXIS2_PLACEMENT_3D('',#5638,#5639,#5640);
#5638 = CARTESIAN_POINT('',(-2.780857221624,2.145,0.25));
#5639 = DIRECTION('',(-1.144237745222E-17,-1.,0.));
#5640 = DIRECTION('',(0.984807753012,-1.126854202784E-17,-0.173648177667
    ));
#5641 = ADVANCED_FACE('',(#5642),#5648,.F.);
#5642 = FACE_BOUND('',#5643,.F.);
#5643 = EDGE_LOOP('',(#5644,#5645,#5646,#5647));
#5644 = ORIENTED_EDGE('',*,*,#3025,.T.);
#5645 = ORIENTED_EDGE('',*,*,#2850,.T.);
#5646 = ORIENTED_EDGE('',*,*,#5631,.F.);
#5647 = ORIENTED_EDGE('',*,*,#2942,.F.);
#5648 = PLANE('',#5649);
#5649 = AXIS2_PLACEMENT_3D('',#5650,#5651,#5652);
#5650 = CARTESIAN_POINT('',(-2.498480775301,2.145,0.442364817767));
#5651 = DIRECTION('',(-0.988433898356,1.131003375156E-17,0.151652327974)
  );
#5652 = DIRECTION('',(-0.151652327974,1.735263178185E-18,-0.988433898356
    ));
#5653 = ADVANCED_FACE('',(#5654),#5667,.F.);
#5654 = FACE_BOUND('',#5655,.F.);
#5655 = EDGE_LOOP('',(#5656,#5657,#5663,#5664,#5665,#5666));
#5656 = ORIENTED_EDGE('',*,*,#3241,.F.);
#5657 = ORIENTED_EDGE('',*,*,#5658,.T.);
#5658 = EDGE_CURVE('',#3233,#3141,#5659,.T.);
#5659 = LINE('',#5660,#5661);
#5660 = CARTESIAN_POINT('',(-2.4,1.495,0.675));
#5661 = VECTOR('',#5662,1.);
#5662 = DIRECTION('',(1.144237745222E-17,1.,0.));
#5663 = ORIENTED_EDGE('',*,*,#3149,.T.);
#5664 = ORIENTED_EDGE('',*,*,#3049,.T.);
#5665 = ORIENTED_EDGE('',*,*,#5436,.T.);
#5666 = ORIENTED_EDGE('',*,*,#3272,.F.);
#5667 = PLANE('',#5668);
#5668 = AXIS2_PLACEMENT_3D('',#5669,#5670,#5671);
#5669 = CARTESIAN_POINT('',(-2.4,1.495,0.675));
#5670 = DIRECTION('',(0.,0.,-1.));
#5671 = DIRECTION('',(1.,-1.144237745222E-17,0.));
#5672 = ADVANCED_FACE('',(#5673),#5684,.T.);
#5673 = FACE_BOUND('',#5674,.T.);
#5674 = EDGE_LOOP('',(#5675,#5676,#5677,#5678));
#5675 = ORIENTED_EDGE('',*,*,#3232,.T.);
#5676 = ORIENTED_EDGE('',*,*,#5658,.T.);
#5677 = ORIENTED_EDGE('',*,*,#3140,.F.);
#5678 = ORIENTED_EDGE('',*,*,#5679,.F.);
#5679 = EDGE_CURVE('',#3225,#3133,#5680,.T.);
#5680 = LINE('',#5681,#5682);
#5681 = CARTESIAN_POINT('',(-2.646201938253,1.495,0.468412044417));
#5682 = VECTOR('',#5683,1.);
#5683 = DIRECTION('',(1.144237745222E-17,1.,0.));
#5684 = CYLINDRICAL_SURFACE('',#5685,0.25);
#5685 = AXIS2_PLACEMENT_3D('',#5686,#5687,#5688);
#5686 = CARTESIAN_POINT('',(-2.4,1.495,0.425));
#5687 = DIRECTION('',(-1.144237745222E-17,-1.,0.));
#5688 = DIRECTION('',(-0.984807753012,1.126854202784E-17,0.173648177667)
  );
#5689 = ADVANCED_FACE('',(#5690),#5701,.F.);
#5690 = FACE_BOUND('',#5691,.F.);
#5691 = EDGE_LOOP('',(#5692,#5698,#5699,#5700));
#5692 = ORIENTED_EDGE('',*,*,#5693,.T.);
#5693 = EDGE_CURVE('',#3216,#3124,#5694,.T.);
#5694 = LINE('',#5695,#5696);
#5695 = CARTESIAN_POINT('',(-2.682376446323,1.495,0.232635182233));
#5696 = VECTOR('',#5697,1.);
#5697 = DIRECTION('',(1.144237745222E-17,1.,0.));
#5698 = ORIENTED_EDGE('',*,*,#3132,.T.);
#5699 = ORIENTED_EDGE('',*,*,#5679,.F.);
#5700 = ORIENTED_EDGE('',*,*,#3224,.F.);
#5701 = PLANE('',#5702);
#5702 = AXIS2_PLACEMENT_3D('',#5703,#5704,#5705);
#5703 = CARTESIAN_POINT('',(-2.682376446323,1.495,0.232635182233));
#5704 = DIRECTION('',(0.988433898356,-1.131003375156E-17,-0.151652327974
    ));
#5705 = DIRECTION('',(0.151652327974,-1.735263178185E-18,0.988433898356)
  );
#5706 = ADVANCED_FACE('',(#5707),#5718,.F.);
#5707 = FACE_BOUND('',#5708,.F.);
#5708 = EDGE_LOOP('',(#5709,#5715,#5716,#5717));
#5709 = ORIENTED_EDGE('',*,*,#5710,.T.);
#5710 = EDGE_CURVE('',#3208,#3116,#5711,.T.);
#5711 = LINE('',#5712,#5713);
#5712 = CARTESIAN_POINT('',(-2.780857221624,1.495,0.15));
#5713 = VECTOR('',#5714,1.);
#5714 = DIRECTION('',(1.144237745222E-17,1.,0.));
#5715 = ORIENTED_EDGE('',*,*,#3123,.T.);
#5716 = ORIENTED_EDGE('',*,*,#5693,.F.);
#5717 = ORIENTED_EDGE('',*,*,#3215,.F.);
#5718 = CYLINDRICAL_SURFACE('',#5719,0.1);
#5719 = AXIS2_PLACEMENT_3D('',#5720,#5721,#5722);
#5720 = CARTESIAN_POINT('',(-2.780857221624,1.495,0.25));
#5721 = DIRECTION('',(-1.144237745222E-17,-1.,0.));
#5722 = DIRECTION('',(-0.,0.,-1.));
#5723 = ADVANCED_FACE('',(#5724),#5735,.F.);
#5724 = FACE_BOUND('',#5725,.F.);
#5725 = EDGE_LOOP('',(#5726,#5732,#5733,#5734));
#5726 = ORIENTED_EDGE('',*,*,#5727,.T.);
#5727 = EDGE_CURVE('',#3200,#3108,#5728,.T.);
#5728 = LINE('',#5729,#5730);
#5729 = CARTESIAN_POINT('',(-3.2,1.495,0.15));
#5730 = VECTOR('',#5731,1.);
#5731 = DIRECTION('',(1.144237745222E-17,1.,0.));
#5732 = ORIENTED_EDGE('',*,*,#3115,.T.);
#5733 = ORIENTED_EDGE('',*,*,#5710,.F.);
#5734 = ORIENTED_EDGE('',*,*,#3207,.F.);
#5735 = PLANE('',#5736);
#5736 = AXIS2_PLACEMENT_3D('',#5737,#5738,#5739);
#5737 = CARTESIAN_POINT('',(-3.2,1.495,0.15));
#5738 = DIRECTION('',(0.,0.,-1.));
#5739 = DIRECTION('',(1.,-1.144237745222E-17,0.));
#5740 = ADVANCED_FACE('',(#5741),#5752,.F.);
#5741 = FACE_BOUND('',#5742,.F.);
#5742 = EDGE_LOOP('',(#5743,#5749,#5750,#5751));
#5743 = ORIENTED_EDGE('',*,*,#5744,.T.);
#5744 = EDGE_CURVE('',#3192,#3100,#5745,.T.);
#5745 = LINE('',#5746,#5747);
#5746 = CARTESIAN_POINT('',(-3.2,1.495,-1.665334536938E-16));
#5747 = VECTOR('',#5748,1.);
#5748 = DIRECTION('',(1.144237745222E-17,1.,0.));
#5749 = ORIENTED_EDGE('',*,*,#3107,.T.);
#5750 = ORIENTED_EDGE('',*,*,#5727,.F.);
#5751 = ORIENTED_EDGE('',*,*,#3199,.F.);
#5752 = PLANE('',#5753);
#5753 = AXIS2_PLACEMENT_3D('',#5754,#5755,#5756);
#5754 = CARTESIAN_POINT('',(-3.2,1.495,-1.665334536938E-16));
#5755 = DIRECTION('',(1.,-1.144237745222E-17,0.));
#5756 = DIRECTION('',(0.,0.,1.));
#5757 = ADVANCED_FACE('',(#5758),#5769,.F.);
#5758 = FACE_BOUND('',#5759,.F.);
#5759 = EDGE_LOOP('',(#5760,#5766,#5767,#5768));
#5760 = ORIENTED_EDGE('',*,*,#5761,.T.);
#5761 = EDGE_CURVE('',#3183,#3091,#5762,.T.);
#5762 = LINE('',#5763,#5764);
#5763 = CARTESIAN_POINT('',(-2.780857221624,1.495,-1.665334536938E-16));
#5764 = VECTOR('',#5765,1.);
#5765 = DIRECTION('',(1.144237745222E-17,1.,0.));
#5766 = ORIENTED_EDGE('',*,*,#3099,.T.);
#5767 = ORIENTED_EDGE('',*,*,#5744,.F.);
#5768 = ORIENTED_EDGE('',*,*,#3191,.F.);
#5769 = PLANE('',#5770);
#5770 = AXIS2_PLACEMENT_3D('',#5771,#5772,#5773);
#5771 = CARTESIAN_POINT('',(-2.780857221624,1.495,-1.665334536938E-16));
#5772 = DIRECTION('',(0.,0.,1.));
#5773 = DIRECTION('',(-1.,1.144237745222E-17,0.));
#5774 = ADVANCED_FACE('',(#5775),#5786,.T.);
#5775 = FACE_BOUND('',#5776,.T.);
#5776 = EDGE_LOOP('',(#5777,#5778,#5779,#5780));
#5777 = ORIENTED_EDGE('',*,*,#3182,.T.);
#5778 = ORIENTED_EDGE('',*,*,#5761,.T.);
#5779 = ORIENTED_EDGE('',*,*,#3090,.F.);
#5780 = ORIENTED_EDGE('',*,*,#5781,.F.);
#5781 = EDGE_CURVE('',#3175,#3083,#5782,.T.);
#5782 = LINE('',#5783,#5784);
#5783 = CARTESIAN_POINT('',(-2.534655283371,1.495,0.206587955583));
#5784 = VECTOR('',#5785,1.);
#5785 = DIRECTION('',(1.144237745222E-17,1.,0.));
#5786 = CYLINDRICAL_SURFACE('',#5787,0.25);
#5787 = AXIS2_PLACEMENT_3D('',#5788,#5789,#5790);
#5788 = CARTESIAN_POINT('',(-2.780857221624,1.495,0.25));
#5789 = DIRECTION('',(-1.144237745222E-17,-1.,0.));
#5790 = DIRECTION('',(0.984807753012,-1.126854202784E-17,-0.173648177667
    ));
#5791 = ADVANCED_FACE('',(#5792),#5798,.F.);
#5792 = FACE_BOUND('',#5793,.F.);
#5793 = EDGE_LOOP('',(#5794,#5795,#5796,#5797));
#5794 = ORIENTED_EDGE('',*,*,#3257,.T.);
#5795 = ORIENTED_EDGE('',*,*,#3082,.T.);
#5796 = ORIENTED_EDGE('',*,*,#5781,.F.);
#5797 = ORIENTED_EDGE('',*,*,#3174,.F.);
#5798 = PLANE('',#5799);
#5799 = AXIS2_PLACEMENT_3D('',#5800,#5801,#5802);
#5800 = CARTESIAN_POINT('',(-2.498480775301,1.495,0.442364817767));
#5801 = DIRECTION('',(-0.988433898356,1.131003375156E-17,0.151652327974)
  );
#5802 = DIRECTION('',(-0.151652327974,1.735263178185E-18,-0.988433898356
    ));
#5803 = ADVANCED_FACE('',(#5804),#5817,.F.);
#5804 = FACE_BOUND('',#5805,.F.);
#5805 = EDGE_LOOP('',(#5806,#5807,#5813,#5814,#5815,#5816));
#5806 = ORIENTED_EDGE('',*,*,#3473,.F.);
#5807 = ORIENTED_EDGE('',*,*,#5808,.T.);
#5808 = EDGE_CURVE('',#3465,#3373,#5809,.T.);
#5809 = LINE('',#5810,#5811);
#5810 = CARTESIAN_POINT('',(-2.4,0.845,0.675));
#5811 = VECTOR('',#5812,1.);
#5812 = DIRECTION('',(1.144237745222E-17,1.,0.));
#5813 = ORIENTED_EDGE('',*,*,#3381,.T.);
#5814 = ORIENTED_EDGE('',*,*,#3281,.T.);
#5815 = ORIENTED_EDGE('',*,*,#5443,.T.);
#5816 = ORIENTED_EDGE('',*,*,#3504,.F.);
#5817 = PLANE('',#5818);
#5818 = AXIS2_PLACEMENT_3D('',#5819,#5820,#5821);
#5819 = CARTESIAN_POINT('',(-2.4,0.845,0.675));
#5820 = DIRECTION('',(0.,0.,-1.));
#5821 = DIRECTION('',(1.,-1.144237745222E-17,0.));
#5822 = ADVANCED_FACE('',(#5823),#5834,.T.);
#5823 = FACE_BOUND('',#5824,.T.);
#5824 = EDGE_LOOP('',(#5825,#5826,#5827,#5828));
#5825 = ORIENTED_EDGE('',*,*,#3464,.T.);
#5826 = ORIENTED_EDGE('',*,*,#5808,.T.);
#5827 = ORIENTED_EDGE('',*,*,#3372,.F.);
#5828 = ORIENTED_EDGE('',*,*,#5829,.F.);
#5829 = EDGE_CURVE('',#3457,#3365,#5830,.T.);
#5830 = LINE('',#5831,#5832);
#5831 = CARTESIAN_POINT('',(-2.646201938253,0.845,0.468412044417));
#5832 = VECTOR('',#5833,1.);
#5833 = DIRECTION('',(1.144237745222E-17,1.,0.));
#5834 = CYLINDRICAL_SURFACE('',#5835,0.25);
#5835 = AXIS2_PLACEMENT_3D('',#5836,#5837,#5838);
#5836 = CARTESIAN_POINT('',(-2.4,0.845,0.425));
#5837 = DIRECTION('',(-1.144237745222E-17,-1.,0.));
#5838 = DIRECTION('',(-0.984807753012,1.126854202784E-17,0.173648177667)
  );
#5839 = ADVANCED_FACE('',(#5840),#5851,.F.);
#5840 = FACE_BOUND('',#5841,.F.);
#5841 = EDGE_LOOP('',(#5842,#5848,#5849,#5850));
#5842 = ORIENTED_EDGE('',*,*,#5843,.T.);
#5843 = EDGE_CURVE('',#3448,#3356,#5844,.T.);
#5844 = LINE('',#5845,#5846);
#5845 = CARTESIAN_POINT('',(-2.682376446323,0.845,0.232635182233));
#5846 = VECTOR('',#5847,1.);
#5847 = DIRECTION('',(1.144237745222E-17,1.,0.));
#5848 = ORIENTED_EDGE('',*,*,#3364,.T.);
#5849 = ORIENTED_EDGE('',*,*,#5829,.F.);
#5850 = ORIENTED_EDGE('',*,*,#3456,.F.);
#5851 = PLANE('',#5852);
#5852 = AXIS2_PLACEMENT_3D('',#5853,#5854,#5855);
#5853 = CARTESIAN_POINT('',(-2.682376446323,0.845,0.232635182233));
#5854 = DIRECTION('',(0.988433898356,-1.131003375156E-17,-0.151652327974
    ));
#5855 = DIRECTION('',(0.151652327974,-1.735263178185E-18,0.988433898356)
  );
#5856 = ADVANCED_FACE('',(#5857),#5868,.F.);
#5857 = FACE_BOUND('',#5858,.F.);
#5858 = EDGE_LOOP('',(#5859,#5865,#5866,#5867));
#5859 = ORIENTED_EDGE('',*,*,#5860,.T.);
#5860 = EDGE_CURVE('',#3440,#3348,#5861,.T.);
#5861 = LINE('',#5862,#5863);
#5862 = CARTESIAN_POINT('',(-2.780857221624,0.845,0.15));
#5863 = VECTOR('',#5864,1.);
#5864 = DIRECTION('',(1.144237745222E-17,1.,0.));
#5865 = ORIENTED_EDGE('',*,*,#3355,.T.);
#5866 = ORIENTED_EDGE('',*,*,#5843,.F.);
#5867 = ORIENTED_EDGE('',*,*,#3447,.F.);
#5868 = CYLINDRICAL_SURFACE('',#5869,0.1);
#5869 = AXIS2_PLACEMENT_3D('',#5870,#5871,#5872);
#5870 = CARTESIAN_POINT('',(-2.780857221624,0.845,0.25));
#5871 = DIRECTION('',(-1.144237745222E-17,-1.,0.));
#5872 = DIRECTION('',(-0.,0.,-1.));
#5873 = ADVANCED_FACE('',(#5874),#5885,.F.);
#5874 = FACE_BOUND('',#5875,.F.);
#5875 = EDGE_LOOP('',(#5876,#5882,#5883,#5884));
#5876 = ORIENTED_EDGE('',*,*,#5877,.T.);
#5877 = EDGE_CURVE('',#3432,#3340,#5878,.T.);
#5878 = LINE('',#5879,#5880);
#5879 = CARTESIAN_POINT('',(-3.2,0.845,0.15));
#5880 = VECTOR('',#5881,1.);
#5881 = DIRECTION('',(1.144237745222E-17,1.,0.));
#5882 = ORIENTED_EDGE('',*,*,#3347,.T.);
#5883 = ORIENTED_EDGE('',*,*,#5860,.F.);
#5884 = ORIENTED_EDGE('',*,*,#3439,.F.);
#5885 = PLANE('',#5886);
#5886 = AXIS2_PLACEMENT_3D('',#5887,#5888,#5889);
#5887 = CARTESIAN_POINT('',(-3.2,0.845,0.15));
#5888 = DIRECTION('',(0.,0.,-1.));
#5889 = DIRECTION('',(1.,-1.144237745222E-17,0.));
#5890 = ADVANCED_FACE('',(#5891),#5902,.F.);
#5891 = FACE_BOUND('',#5892,.F.);
#5892 = EDGE_LOOP('',(#5893,#5899,#5900,#5901));
#5893 = ORIENTED_EDGE('',*,*,#5894,.T.);
#5894 = EDGE_CURVE('',#3424,#3332,#5895,.T.);
#5895 = LINE('',#5896,#5897);
#5896 = CARTESIAN_POINT('',(-3.2,0.845,-1.665334536938E-16));
#5897 = VECTOR('',#5898,1.);
#5898 = DIRECTION('',(1.144237745222E-17,1.,0.));
#5899 = ORIENTED_EDGE('',*,*,#3339,.T.);
#5900 = ORIENTED_EDGE('',*,*,#5877,.F.);
#5901 = ORIENTED_EDGE('',*,*,#3431,.F.);
#5902 = PLANE('',#5903);
#5903 = AXIS2_PLACEMENT_3D('',#5904,#5905,#5906);
#5904 = CARTESIAN_POINT('',(-3.2,0.845,-1.665334536938E-16));
#5905 = DIRECTION('',(1.,-1.144237745222E-17,0.));
#5906 = DIRECTION('',(0.,0.,1.));
#5907 = ADVANCED_FACE('',(#5908),#5919,.F.);
#5908 = FACE_BOUND('',#5909,.F.);
#5909 = EDGE_LOOP('',(#5910,#5916,#5917,#5918));
#5910 = ORIENTED_EDGE('',*,*,#5911,.T.);
#5911 = EDGE_CURVE('',#3415,#3323,#5912,.T.);
#5912 = LINE('',#5913,#5914);
#5913 = CARTESIAN_POINT('',(-2.780857221624,0.845,-1.665334536938E-16));
#5914 = VECTOR('',#5915,1.);
#5915 = DIRECTION('',(1.144237745222E-17,1.,0.));
#5916 = ORIENTED_EDGE('',*,*,#3331,.T.);
#5917 = ORIENTED_EDGE('',*,*,#5894,.F.);
#5918 = ORIENTED_EDGE('',*,*,#3423,.F.);
#5919 = PLANE('',#5920);
#5920 = AXIS2_PLACEMENT_3D('',#5921,#5922,#5923);
#5921 = CARTESIAN_POINT('',(-2.780857221624,0.845,-1.665334536938E-16));
#5922 = DIRECTION('',(0.,0.,1.));
#5923 = DIRECTION('',(-1.,1.144237745222E-17,0.));
#5924 = ADVANCED_FACE('',(#5925),#5936,.T.);
#5925 = FACE_BOUND('',#5926,.T.);
#5926 = EDGE_LOOP('',(#5927,#5928,#5929,#5930));
#5927 = ORIENTED_EDGE('',*,*,#3414,.T.);
#5928 = ORIENTED_EDGE('',*,*,#5911,.T.);
#5929 = ORIENTED_EDGE('',*,*,#3322,.F.);
#5930 = ORIENTED_EDGE('',*,*,#5931,.F.);
#5931 = EDGE_CURVE('',#3407,#3315,#5932,.T.);
#5932 = LINE('',#5933,#5934);
#5933 = CARTESIAN_POINT('',(-2.534655283371,0.845,0.206587955583));
#5934 = VECTOR('',#5935,1.);
#5935 = DIRECTION('',(1.144237745222E-17,1.,0.));
#5936 = CYLINDRICAL_SURFACE('',#5937,0.25);
#5937 = AXIS2_PLACEMENT_3D('',#5938,#5939,#5940);
#5938 = CARTESIAN_POINT('',(-2.780857221624,0.845,0.25));
#5939 = DIRECTION('',(-1.144237745222E-17,-1.,0.));
#5940 = DIRECTION('',(0.984807753012,-1.126854202784E-17,-0.173648177667
    ));
#5941 = ADVANCED_FACE('',(#5942),#5948,.F.);
#5942 = FACE_BOUND('',#5943,.F.);
#5943 = EDGE_LOOP('',(#5944,#5945,#5946,#5947));
#5944 = ORIENTED_EDGE('',*,*,#3489,.T.);
#5945 = ORIENTED_EDGE('',*,*,#3314,.T.);
#5946 = ORIENTED_EDGE('',*,*,#5931,.F.);
#5947 = ORIENTED_EDGE('',*,*,#3406,.F.);
#5948 = PLANE('',#5949);
#5949 = AXIS2_PLACEMENT_3D('',#5950,#5951,#5952);
#5950 = CARTESIAN_POINT('',(-2.498480775301,0.845,0.442364817767));
#5951 = DIRECTION('',(-0.988433898356,1.131003375156E-17,0.151652327974)
  );
#5952 = DIRECTION('',(-0.151652327974,1.735263178185E-18,-0.988433898356
    ));
#5953 = ADVANCED_FACE('',(#5954),#5967,.F.);
#5954 = FACE_BOUND('',#5955,.F.);
#5955 = EDGE_LOOP('',(#5956,#5957,#5963,#5964,#5965,#5966));
#5956 = ORIENTED_EDGE('',*,*,#3705,.F.);
#5957 = ORIENTED_EDGE('',*,*,#5958,.T.);
#5958 = EDGE_CURVE('',#3697,#3605,#5959,.T.);
#5959 = LINE('',#5960,#5961);
#5960 = CARTESIAN_POINT('',(-2.4,0.195,0.675));
#5961 = VECTOR('',#5962,1.);
#5962 = DIRECTION('',(1.144237745222E-17,1.,0.));
#5963 = ORIENTED_EDGE('',*,*,#3613,.T.);
#5964 = ORIENTED_EDGE('',*,*,#3513,.T.);
#5965 = ORIENTED_EDGE('',*,*,#5450,.T.);
#5966 = ORIENTED_EDGE('',*,*,#3736,.F.);
#5967 = PLANE('',#5968);
#5968 = AXIS2_PLACEMENT_3D('',#5969,#5970,#5971);
#5969 = CARTESIAN_POINT('',(-2.4,0.195,0.675));
#5970 = DIRECTION('',(0.,0.,-1.));
#5971 = DIRECTION('',(1.,-1.144237745222E-17,0.));
#5972 = ADVANCED_FACE('',(#5973),#5984,.T.);
#5973 = FACE_BOUND('',#5974,.T.);
#5974 = EDGE_LOOP('',(#5975,#5976,#5977,#5978));
#5975 = ORIENTED_EDGE('',*,*,#3696,.T.);
#5976 = ORIENTED_EDGE('',*,*,#5958,.T.);
#5977 = ORIENTED_EDGE('',*,*,#3604,.F.);
#5978 = ORIENTED_EDGE('',*,*,#5979,.F.);
#5979 = EDGE_CURVE('',#3689,#3597,#5980,.T.);
#5980 = LINE('',#5981,#5982);
#5981 = CARTESIAN_POINT('',(-2.646201938253,0.195,0.468412044417));
#5982 = VECTOR('',#5983,1.);
#5983 = DIRECTION('',(1.144237745222E-17,1.,0.));
#5984 = CYLINDRICAL_SURFACE('',#5985,0.25);
#5985 = AXIS2_PLACEMENT_3D('',#5986,#5987,#5988);
#5986 = CARTESIAN_POINT('',(-2.4,0.195,0.425));
#5987 = DIRECTION('',(-1.144237745222E-17,-1.,0.));
#5988 = DIRECTION('',(-0.984807753012,1.126854202784E-17,0.173648177667)
  );
#5989 = ADVANCED_FACE('',(#5990),#6001,.F.);
#5990 = FACE_BOUND('',#5991,.F.);
#5991 = EDGE_LOOP('',(#5992,#5998,#5999,#6000));
#5992 = ORIENTED_EDGE('',*,*,#5993,.T.);
#5993 = EDGE_CURVE('',#3680,#3588,#5994,.T.);
#5994 = LINE('',#5995,#5996);
#5995 = CARTESIAN_POINT('',(-2.682376446323,0.195,0.232635182233));
#5996 = VECTOR('',#5997,1.);
#5997 = DIRECTION('',(1.144237745222E-17,1.,0.));
#5998 = ORIENTED_EDGE('',*,*,#3596,.T.);
#5999 = ORIENTED_EDGE('',*,*,#5979,.F.);
#6000 = ORIENTED_EDGE('',*,*,#3688,.F.);
#6001 = PLANE('',#6002);
#6002 = AXIS2_PLACEMENT_3D('',#6003,#6004,#6005);
#6003 = CARTESIAN_POINT('',(-2.682376446323,0.195,0.232635182233));
#6004 = DIRECTION('',(0.988433898356,-1.131003375156E-17,-0.151652327974
    ));
#6005 = DIRECTION('',(0.151652327974,-1.735263178185E-18,0.988433898356)
  );
#6006 = ADVANCED_FACE('',(#6007),#6018,.F.);
#6007 = FACE_BOUND('',#6008,.F.);
#6008 = EDGE_LOOP('',(#6009,#6015,#6016,#6017));
#6009 = ORIENTED_EDGE('',*,*,#6010,.T.);
#6010 = EDGE_CURVE('',#3672,#3580,#6011,.T.);
#6011 = LINE('',#6012,#6013);
#6012 = CARTESIAN_POINT('',(-2.780857221624,0.195,0.15));
#6013 = VECTOR('',#6014,1.);
#6014 = DIRECTION('',(1.144237745222E-17,1.,0.));
#6015 = ORIENTED_EDGE('',*,*,#3587,.T.);
#6016 = ORIENTED_EDGE('',*,*,#5993,.F.);
#6017 = ORIENTED_EDGE('',*,*,#3679,.F.);
#6018 = CYLINDRICAL_SURFACE('',#6019,0.1);
#6019 = AXIS2_PLACEMENT_3D('',#6020,#6021,#6022);
#6020 = CARTESIAN_POINT('',(-2.780857221624,0.195,0.25));
#6021 = DIRECTION('',(-1.144237745222E-17,-1.,0.));
#6022 = DIRECTION('',(-0.,0.,-1.));
#6023 = ADVANCED_FACE('',(#6024),#6035,.F.);
#6024 = FACE_BOUND('',#6025,.F.);
#6025 = EDGE_LOOP('',(#6026,#6032,#6033,#6034));
#6026 = ORIENTED_EDGE('',*,*,#6027,.T.);
#6027 = EDGE_CURVE('',#3664,#3572,#6028,.T.);
#6028 = LINE('',#6029,#6030);
#6029 = CARTESIAN_POINT('',(-3.2,0.195,0.15));
#6030 = VECTOR('',#6031,1.);
#6031 = DIRECTION('',(1.144237745222E-17,1.,0.));
#6032 = ORIENTED_EDGE('',*,*,#3579,.T.);
#6033 = ORIENTED_EDGE('',*,*,#6010,.F.);
#6034 = ORIENTED_EDGE('',*,*,#3671,.F.);
#6035 = PLANE('',#6036);
#6036 = AXIS2_PLACEMENT_3D('',#6037,#6038,#6039);
#6037 = CARTESIAN_POINT('',(-3.2,0.195,0.15));
#6038 = DIRECTION('',(0.,0.,-1.));
#6039 = DIRECTION('',(1.,-1.144237745222E-17,0.));
#6040 = ADVANCED_FACE('',(#6041),#6052,.F.);
#6041 = FACE_BOUND('',#6042,.F.);
#6042 = EDGE_LOOP('',(#6043,#6049,#6050,#6051));
#6043 = ORIENTED_EDGE('',*,*,#6044,.T.);
#6044 = EDGE_CURVE('',#3656,#3564,#6045,.T.);
#6045 = LINE('',#6046,#6047);
#6046 = CARTESIAN_POINT('',(-3.2,0.195,-1.665334536938E-16));
#6047 = VECTOR('',#6048,1.);
#6048 = DIRECTION('',(1.144237745222E-17,1.,0.));
#6049 = ORIENTED_EDGE('',*,*,#3571,.T.);
#6050 = ORIENTED_EDGE('',*,*,#6027,.F.);
#6051 = ORIENTED_EDGE('',*,*,#3663,.F.);
#6052 = PLANE('',#6053);
#6053 = AXIS2_PLACEMENT_3D('',#6054,#6055,#6056);
#6054 = CARTESIAN_POINT('',(-3.2,0.195,-1.665334536938E-16));
#6055 = DIRECTION('',(1.,-1.144237745222E-17,0.));
#6056 = DIRECTION('',(0.,0.,1.));
#6057 = ADVANCED_FACE('',(#6058),#6069,.F.);
#6058 = FACE_BOUND('',#6059,.F.);
#6059 = EDGE_LOOP('',(#6060,#6066,#6067,#6068));
#6060 = ORIENTED_EDGE('',*,*,#6061,.T.);
#6061 = EDGE_CURVE('',#3647,#3555,#6062,.T.);
#6062 = LINE('',#6063,#6064);
#6063 = CARTESIAN_POINT('',(-2.780857221624,0.195,-1.665334536938E-16));
#6064 = VECTOR('',#6065,1.);
#6065 = DIRECTION('',(1.144237745222E-17,1.,0.));
#6066 = ORIENTED_EDGE('',*,*,#3563,.T.);
#6067 = ORIENTED_EDGE('',*,*,#6044,.F.);
#6068 = ORIENTED_EDGE('',*,*,#3655,.F.);
#6069 = PLANE('',#6070);
#6070 = AXIS2_PLACEMENT_3D('',#6071,#6072,#6073);
#6071 = CARTESIAN_POINT('',(-2.780857221624,0.195,-1.665334536938E-16));
#6072 = DIRECTION('',(0.,0.,1.));
#6073 = DIRECTION('',(-1.,1.144237745222E-17,0.));
#6074 = ADVANCED_FACE('',(#6075),#6086,.T.);
#6075 = FACE_BOUND('',#6076,.T.);
#6076 = EDGE_LOOP('',(#6077,#6078,#6079,#6080));
#6077 = ORIENTED_EDGE('',*,*,#3646,.T.);
#6078 = ORIENTED_EDGE('',*,*,#6061,.T.);
#6079 = ORIENTED_EDGE('',*,*,#3554,.F.);
#6080 = ORIENTED_EDGE('',*,*,#6081,.F.);
#6081 = EDGE_CURVE('',#3639,#3547,#6082,.T.);
#6082 = LINE('',#6083,#6084);
#6083 = CARTESIAN_POINT('',(-2.534655283371,0.195,0.206587955583));
#6084 = VECTOR('',#6085,1.);
#6085 = DIRECTION('',(1.144237745222E-17,1.,0.));
#6086 = CYLINDRICAL_SURFACE('',#6087,0.25);
#6087 = AXIS2_PLACEMENT_3D('',#6088,#6089,#6090);
#6088 = CARTESIAN_POINT('',(-2.780857221624,0.195,0.25));
#6089 = DIRECTION('',(-1.144237745222E-17,-1.,0.));
#6090 = DIRECTION('',(0.984807753012,-1.126854202784E-17,-0.173648177667
    ));
#6091 = ADVANCED_FACE('',(#6092),#6098,.F.);
#6092 = FACE_BOUND('',#6093,.F.);
#6093 = EDGE_LOOP('',(#6094,#6095,#6096,#6097));
#6094 = ORIENTED_EDGE('',*,*,#3721,.T.);
#6095 = ORIENTED_EDGE('',*,*,#3546,.T.);
#6096 = ORIENTED_EDGE('',*,*,#6081,.F.);
#6097 = ORIENTED_EDGE('',*,*,#3638,.F.);
#6098 = PLANE('',#6099);
#6099 = AXIS2_PLACEMENT_3D('',#6100,#6101,#6102);
#6100 = CARTESIAN_POINT('',(-2.498480775301,0.195,0.442364817767));
#6101 = DIRECTION('',(-0.988433898356,1.131003375156E-17,0.151652327974)
  );
#6102 = DIRECTION('',(-0.151652327974,1.735263178185E-18,-0.988433898356
    ));
#6103 = ADVANCED_FACE('',(#6104),#6117,.F.);
#6104 = FACE_BOUND('',#6105,.F.);
#6105 = EDGE_LOOP('',(#6106,#6107,#6113,#6114,#6115,#6116));
#6106 = ORIENTED_EDGE('',*,*,#3937,.F.);
#6107 = ORIENTED_EDGE('',*,*,#6108,.T.);
#6108 = EDGE_CURVE('',#3929,#3837,#6109,.T.);
#6109 = LINE('',#6110,#6111);
#6110 = CARTESIAN_POINT('',(-2.4,-0.455,0.675));
#6111 = VECTOR('',#6112,1.);
#6112 = DIRECTION('',(1.144237745222E-17,1.,0.));
#6113 = ORIENTED_EDGE('',*,*,#3845,.T.);
#6114 = ORIENTED_EDGE('',*,*,#3745,.T.);
#6115 = ORIENTED_EDGE('',*,*,#5457,.T.);
#6116 = ORIENTED_EDGE('',*,*,#3968,.F.);
#6117 = PLANE('',#6118);
#6118 = AXIS2_PLACEMENT_3D('',#6119,#6120,#6121);
#6119 = CARTESIAN_POINT('',(-2.4,-0.455,0.675));
#6120 = DIRECTION('',(0.,0.,-1.));
#6121 = DIRECTION('',(1.,-1.144237745222E-17,0.));
#6122 = ADVANCED_FACE('',(#6123),#6134,.T.);
#6123 = FACE_BOUND('',#6124,.T.);
#6124 = EDGE_LOOP('',(#6125,#6126,#6127,#6128));
#6125 = ORIENTED_EDGE('',*,*,#3928,.T.);
#6126 = ORIENTED_EDGE('',*,*,#6108,.T.);
#6127 = ORIENTED_EDGE('',*,*,#3836,.F.);
#6128 = ORIENTED_EDGE('',*,*,#6129,.F.);
#6129 = EDGE_CURVE('',#3921,#3829,#6130,.T.);
#6130 = LINE('',#6131,#6132);
#6131 = CARTESIAN_POINT('',(-2.646201938253,-0.455,0.468412044417));
#6132 = VECTOR('',#6133,1.);
#6133 = DIRECTION('',(1.144237745222E-17,1.,0.));
#6134 = CYLINDRICAL_SURFACE('',#6135,0.25);
#6135 = AXIS2_PLACEMENT_3D('',#6136,#6137,#6138);
#6136 = CARTESIAN_POINT('',(-2.4,-0.455,0.425));
#6137 = DIRECTION('',(-1.144237745222E-17,-1.,0.));
#6138 = DIRECTION('',(-0.984807753012,1.126854202784E-17,0.173648177667)
  );
#6139 = ADVANCED_FACE('',(#6140),#6151,.F.);
#6140 = FACE_BOUND('',#6141,.F.);
#6141 = EDGE_LOOP('',(#6142,#6148,#6149,#6150));
#6142 = ORIENTED_EDGE('',*,*,#6143,.T.);
#6143 = EDGE_CURVE('',#3912,#3820,#6144,.T.);
#6144 = LINE('',#6145,#6146);
#6145 = CARTESIAN_POINT('',(-2.682376446323,-0.455,0.232635182233));
#6146 = VECTOR('',#6147,1.);
#6147 = DIRECTION('',(1.144237745222E-17,1.,0.));
#6148 = ORIENTED_EDGE('',*,*,#3828,.T.);
#6149 = ORIENTED_EDGE('',*,*,#6129,.F.);
#6150 = ORIENTED_EDGE('',*,*,#3920,.F.);
#6151 = PLANE('',#6152);
#6152 = AXIS2_PLACEMENT_3D('',#6153,#6154,#6155);
#6153 = CARTESIAN_POINT('',(-2.682376446323,-0.455,0.232635182233));
#6154 = DIRECTION('',(0.988433898356,-1.131003375156E-17,-0.151652327974
    ));
#6155 = DIRECTION('',(0.151652327974,-1.735263178185E-18,0.988433898356)
  );
#6156 = ADVANCED_FACE('',(#6157),#6168,.F.);
#6157 = FACE_BOUND('',#6158,.F.);
#6158 = EDGE_LOOP('',(#6159,#6165,#6166,#6167));
#6159 = ORIENTED_EDGE('',*,*,#6160,.T.);
#6160 = EDGE_CURVE('',#3904,#3812,#6161,.T.);
#6161 = LINE('',#6162,#6163);
#6162 = CARTESIAN_POINT('',(-2.780857221624,-0.455,0.15));
#6163 = VECTOR('',#6164,1.);
#6164 = DIRECTION('',(1.144237745222E-17,1.,0.));
#6165 = ORIENTED_EDGE('',*,*,#3819,.T.);
#6166 = ORIENTED_EDGE('',*,*,#6143,.F.);
#6167 = ORIENTED_EDGE('',*,*,#3911,.F.);
#6168 = CYLINDRICAL_SURFACE('',#6169,0.1);
#6169 = AXIS2_PLACEMENT_3D('',#6170,#6171,#6172);
#6170 = CARTESIAN_POINT('',(-2.780857221624,-0.455,0.25));
#6171 = DIRECTION('',(-1.144237745222E-17,-1.,0.));
#6172 = DIRECTION('',(-0.,0.,-1.));
#6173 = ADVANCED_FACE('',(#6174),#6185,.F.);
#6174 = FACE_BOUND('',#6175,.F.);
#6175 = EDGE_LOOP('',(#6176,#6182,#6183,#6184));
#6176 = ORIENTED_EDGE('',*,*,#6177,.T.);
#6177 = EDGE_CURVE('',#3896,#3804,#6178,.T.);
#6178 = LINE('',#6179,#6180);
#6179 = CARTESIAN_POINT('',(-3.2,-0.455,0.15));
#6180 = VECTOR('',#6181,1.);
#6181 = DIRECTION('',(1.144237745222E-17,1.,0.));
#6182 = ORIENTED_EDGE('',*,*,#3811,.T.);
#6183 = ORIENTED_EDGE('',*,*,#6160,.F.);
#6184 = ORIENTED_EDGE('',*,*,#3903,.F.);
#6185 = PLANE('',#6186);
#6186 = AXIS2_PLACEMENT_3D('',#6187,#6188,#6189);
#6187 = CARTESIAN_POINT('',(-3.2,-0.455,0.15));
#6188 = DIRECTION('',(0.,0.,-1.));
#6189 = DIRECTION('',(1.,-1.144237745222E-17,0.));
#6190 = ADVANCED_FACE('',(#6191),#6202,.F.);
#6191 = FACE_BOUND('',#6192,.F.);
#6192 = EDGE_LOOP('',(#6193,#6199,#6200,#6201));
#6193 = ORIENTED_EDGE('',*,*,#6194,.T.);
#6194 = EDGE_CURVE('',#3888,#3796,#6195,.T.);
#6195 = LINE('',#6196,#6197);
#6196 = CARTESIAN_POINT('',(-3.2,-0.455,-1.665334536938E-16));
#6197 = VECTOR('',#6198,1.);
#6198 = DIRECTION('',(1.144237745222E-17,1.,0.));
#6199 = ORIENTED_EDGE('',*,*,#3803,.T.);
#6200 = ORIENTED_EDGE('',*,*,#6177,.F.);
#6201 = ORIENTED_EDGE('',*,*,#3895,.F.);
#6202 = PLANE('',#6203);
#6203 = AXIS2_PLACEMENT_3D('',#6204,#6205,#6206);
#6204 = CARTESIAN_POINT('',(-3.2,-0.455,-1.665334536938E-16));
#6205 = DIRECTION('',(1.,-1.144237745222E-17,0.));
#6206 = DIRECTION('',(0.,0.,1.));
#6207 = ADVANCED_FACE('',(#6208),#6219,.F.);
#6208 = FACE_BOUND('',#6209,.F.);
#6209 = EDGE_LOOP('',(#6210,#6216,#6217,#6218));
#6210 = ORIENTED_EDGE('',*,*,#6211,.T.);
#6211 = EDGE_CURVE('',#3879,#3787,#6212,.T.);
#6212 = LINE('',#6213,#6214);
#6213 = CARTESIAN_POINT('',(-2.780857221624,-0.455,-1.665334536938E-16)
  );
#6214 = VECTOR('',#6215,1.);
#6215 = DIRECTION('',(1.144237745222E-17,1.,0.));
#6216 = ORIENTED_EDGE('',*,*,#3795,.T.);
#6217 = ORIENTED_EDGE('',*,*,#6194,.F.);
#6218 = ORIENTED_EDGE('',*,*,#3887,.F.);
#6219 = PLANE('',#6220);
#6220 = AXIS2_PLACEMENT_3D('',#6221,#6222,#6223);
#6221 = CARTESIAN_POINT('',(-2.780857221624,-0.455,-1.665334536938E-16)
  );
#6222 = DIRECTION('',(0.,0.,1.));
#6223 = DIRECTION('',(-1.,1.144237745222E-17,0.));
#6224 = ADVANCED_FACE('',(#6225),#6236,.T.);
#6225 = FACE_BOUND('',#6226,.T.);
#6226 = EDGE_LOOP('',(#6227,#6228,#6229,#6230));
#6227 = ORIENTED_EDGE('',*,*,#3878,.T.);
#6228 = ORIENTED_EDGE('',*,*,#6211,.T.);
#6229 = ORIENTED_EDGE('',*,*,#3786,.F.);
#6230 = ORIENTED_EDGE('',*,*,#6231,.F.);
#6231 = EDGE_CURVE('',#3871,#3779,#6232,.T.);
#6232 = LINE('',#6233,#6234);
#6233 = CARTESIAN_POINT('',(-2.534655283371,-0.455,0.206587955583));
#6234 = VECTOR('',#6235,1.);
#6235 = DIRECTION('',(1.144237745222E-17,1.,0.));
#6236 = CYLINDRICAL_SURFACE('',#6237,0.25);
#6237 = AXIS2_PLACEMENT_3D('',#6238,#6239,#6240);
#6238 = CARTESIAN_POINT('',(-2.780857221624,-0.455,0.25));
#6239 = DIRECTION('',(-1.144237745222E-17,-1.,0.));
#6240 = DIRECTION('',(0.984807753012,-1.126854202784E-17,-0.173648177667
    ));
#6241 = ADVANCED_FACE('',(#6242),#6248,.F.);
#6242 = FACE_BOUND('',#6243,.F.);
#6243 = EDGE_LOOP('',(#6244,#6245,#6246,#6247));
#6244 = ORIENTED_EDGE('',*,*,#3953,.T.);
#6245 = ORIENTED_EDGE('',*,*,#3778,.T.);
#6246 = ORIENTED_EDGE('',*,*,#6231,.F.);
#6247 = ORIENTED_EDGE('',*,*,#3870,.F.);
#6248 = PLANE('',#6249);
#6249 = AXIS2_PLACEMENT_3D('',#6250,#6251,#6252);
#6250 = CARTESIAN_POINT('',(-2.498480775301,-0.455,0.442364817767));
#6251 = DIRECTION('',(-0.988433898356,1.131003375156E-17,0.151652327974)
  );
#6252 = DIRECTION('',(-0.151652327974,1.735263178185E-18,-0.988433898356
    ));
#6253 = ADVANCED_FACE('',(#6254),#6267,.F.);
#6254 = FACE_BOUND('',#6255,.F.);
#6255 = EDGE_LOOP('',(#6256,#6257,#6263,#6264,#6265,#6266));
#6256 = ORIENTED_EDGE('',*,*,#4169,.F.);
#6257 = ORIENTED_EDGE('',*,*,#6258,.T.);
#6258 = EDGE_CURVE('',#4161,#4069,#6259,.T.);
#6259 = LINE('',#6260,#6261);
#6260 = CARTESIAN_POINT('',(-2.4,-1.105,0.675));
#6261 = VECTOR('',#6262,1.);
#6262 = DIRECTION('',(1.144237745222E-17,1.,0.));
#6263 = ORIENTED_EDGE('',*,*,#4077,.T.);
#6264 = ORIENTED_EDGE('',*,*,#3977,.T.);
#6265 = ORIENTED_EDGE('',*,*,#5464,.T.);
#6266 = ORIENTED_EDGE('',*,*,#4200,.F.);
#6267 = PLANE('',#6268);
#6268 = AXIS2_PLACEMENT_3D('',#6269,#6270,#6271);
#6269 = CARTESIAN_POINT('',(-2.4,-1.105,0.675));
#6270 = DIRECTION('',(0.,0.,-1.));
#6271 = DIRECTION('',(1.,-1.144237745222E-17,0.));
#6272 = ADVANCED_FACE('',(#6273),#6284,.T.);
#6273 = FACE_BOUND('',#6274,.T.);
#6274 = EDGE_LOOP('',(#6275,#6276,#6277,#6278));
#6275 = ORIENTED_EDGE('',*,*,#4160,.T.);
#6276 = ORIENTED_EDGE('',*,*,#6258,.T.);
#6277 = ORIENTED_EDGE('',*,*,#4068,.F.);
#6278 = ORIENTED_EDGE('',*,*,#6279,.F.);
#6279 = EDGE_CURVE('',#4153,#4061,#6280,.T.);
#6280 = LINE('',#6281,#6282);
#6281 = CARTESIAN_POINT('',(-2.646201938253,-1.105,0.468412044417));
#6282 = VECTOR('',#6283,1.);
#6283 = DIRECTION('',(1.144237745222E-17,1.,0.));
#6284 = CYLINDRICAL_SURFACE('',#6285,0.25);
#6285 = AXIS2_PLACEMENT_3D('',#6286,#6287,#6288);
#6286 = CARTESIAN_POINT('',(-2.4,-1.105,0.425));
#6287 = DIRECTION('',(-1.144237745222E-17,-1.,0.));
#6288 = DIRECTION('',(-0.984807753012,1.126854202784E-17,0.173648177667)
  );
#6289 = ADVANCED_FACE('',(#6290),#6301,.F.);
#6290 = FACE_BOUND('',#6291,.F.);
#6291 = EDGE_LOOP('',(#6292,#6298,#6299,#6300));
#6292 = ORIENTED_EDGE('',*,*,#6293,.T.);
#6293 = EDGE_CURVE('',#4144,#4052,#6294,.T.);
#6294 = LINE('',#6295,#6296);
#6295 = CARTESIAN_POINT('',(-2.682376446323,-1.105,0.232635182233));
#6296 = VECTOR('',#6297,1.);
#6297 = DIRECTION('',(1.144237745222E-17,1.,0.));
#6298 = ORIENTED_EDGE('',*,*,#4060,.T.);
#6299 = ORIENTED_EDGE('',*,*,#6279,.F.);
#6300 = ORIENTED_EDGE('',*,*,#4152,.F.);
#6301 = PLANE('',#6302);
#6302 = AXIS2_PLACEMENT_3D('',#6303,#6304,#6305);
#6303 = CARTESIAN_POINT('',(-2.682376446323,-1.105,0.232635182233));
#6304 = DIRECTION('',(0.988433898356,-1.131003375156E-17,-0.151652327974
    ));
#6305 = DIRECTION('',(0.151652327974,-1.735263178185E-18,0.988433898356)
  );
#6306 = ADVANCED_FACE('',(#6307),#6318,.F.);
#6307 = FACE_BOUND('',#6308,.F.);
#6308 = EDGE_LOOP('',(#6309,#6315,#6316,#6317));
#6309 = ORIENTED_EDGE('',*,*,#6310,.T.);
#6310 = EDGE_CURVE('',#4136,#4044,#6311,.T.);
#6311 = LINE('',#6312,#6313);
#6312 = CARTESIAN_POINT('',(-2.780857221624,-1.105,0.15));
#6313 = VECTOR('',#6314,1.);
#6314 = DIRECTION('',(1.144237745222E-17,1.,0.));
#6315 = ORIENTED_EDGE('',*,*,#4051,.T.);
#6316 = ORIENTED_EDGE('',*,*,#6293,.F.);
#6317 = ORIENTED_EDGE('',*,*,#4143,.F.);
#6318 = CYLINDRICAL_SURFACE('',#6319,0.1);
#6319 = AXIS2_PLACEMENT_3D('',#6320,#6321,#6322);
#6320 = CARTESIAN_POINT('',(-2.780857221624,-1.105,0.25));
#6321 = DIRECTION('',(-1.144237745222E-17,-1.,0.));
#6322 = DIRECTION('',(-0.,0.,-1.));
#6323 = ADVANCED_FACE('',(#6324),#6335,.F.);
#6324 = FACE_BOUND('',#6325,.F.);
#6325 = EDGE_LOOP('',(#6326,#6332,#6333,#6334));
#6326 = ORIENTED_EDGE('',*,*,#6327,.T.);
#6327 = EDGE_CURVE('',#4128,#4036,#6328,.T.);
#6328 = LINE('',#6329,#6330);
#6329 = CARTESIAN_POINT('',(-3.2,-1.105,0.15));
#6330 = VECTOR('',#6331,1.);
#6331 = DIRECTION('',(1.144237745222E-17,1.,0.));
#6332 = ORIENTED_EDGE('',*,*,#4043,.T.);
#6333 = ORIENTED_EDGE('',*,*,#6310,.F.);
#6334 = ORIENTED_EDGE('',*,*,#4135,.F.);
#6335 = PLANE('',#6336);
#6336 = AXIS2_PLACEMENT_3D('',#6337,#6338,#6339);
#6337 = CARTESIAN_POINT('',(-3.2,-1.105,0.15));
#6338 = DIRECTION('',(0.,0.,-1.));
#6339 = DIRECTION('',(1.,-1.144237745222E-17,0.));
#6340 = ADVANCED_FACE('',(#6341),#6352,.F.);
#6341 = FACE_BOUND('',#6342,.F.);
#6342 = EDGE_LOOP('',(#6343,#6349,#6350,#6351));
#6343 = ORIENTED_EDGE('',*,*,#6344,.T.);
#6344 = EDGE_CURVE('',#4120,#4028,#6345,.T.);
#6345 = LINE('',#6346,#6347);
#6346 = CARTESIAN_POINT('',(-3.2,-1.105,-1.665334536938E-16));
#6347 = VECTOR('',#6348,1.);
#6348 = DIRECTION('',(1.144237745222E-17,1.,0.));
#6349 = ORIENTED_EDGE('',*,*,#4035,.T.);
#6350 = ORIENTED_EDGE('',*,*,#6327,.F.);
#6351 = ORIENTED_EDGE('',*,*,#4127,.F.);
#6352 = PLANE('',#6353);
#6353 = AXIS2_PLACEMENT_3D('',#6354,#6355,#6356);
#6354 = CARTESIAN_POINT('',(-3.2,-1.105,-1.665334536938E-16));
#6355 = DIRECTION('',(1.,-1.144237745222E-17,0.));
#6356 = DIRECTION('',(0.,0.,1.));
#6357 = ADVANCED_FACE('',(#6358),#6369,.F.);
#6358 = FACE_BOUND('',#6359,.F.);
#6359 = EDGE_LOOP('',(#6360,#6366,#6367,#6368));
#6360 = ORIENTED_EDGE('',*,*,#6361,.T.);
#6361 = EDGE_CURVE('',#4111,#4019,#6362,.T.);
#6362 = LINE('',#6363,#6364);
#6363 = CARTESIAN_POINT('',(-2.780857221624,-1.105,-1.665334536938E-16)
  );
#6364 = VECTOR('',#6365,1.);
#6365 = DIRECTION('',(1.144237745222E-17,1.,0.));
#6366 = ORIENTED_EDGE('',*,*,#4027,.T.);
#6367 = ORIENTED_EDGE('',*,*,#6344,.F.);
#6368 = ORIENTED_EDGE('',*,*,#4119,.F.);
#6369 = PLANE('',#6370);
#6370 = AXIS2_PLACEMENT_3D('',#6371,#6372,#6373);
#6371 = CARTESIAN_POINT('',(-2.780857221624,-1.105,-1.665334536938E-16)
  );
#6372 = DIRECTION('',(0.,0.,1.));
#6373 = DIRECTION('',(-1.,1.144237745222E-17,0.));
#6374 = ADVANCED_FACE('',(#6375),#6386,.T.);
#6375 = FACE_BOUND('',#6376,.T.);
#6376 = EDGE_LOOP('',(#6377,#6378,#6379,#6380));
#6377 = ORIENTED_EDGE('',*,*,#4110,.T.);
#6378 = ORIENTED_EDGE('',*,*,#6361,.T.);
#6379 = ORIENTED_EDGE('',*,*,#4018,.F.);
#6380 = ORIENTED_EDGE('',*,*,#6381,.F.);
#6381 = EDGE_CURVE('',#4103,#4011,#6382,.T.);
#6382 = LINE('',#6383,#6384);
#6383 = CARTESIAN_POINT('',(-2.534655283371,-1.105,0.206587955583));
#6384 = VECTOR('',#6385,1.);
#6385 = DIRECTION('',(1.144237745222E-17,1.,0.));
#6386 = CYLINDRICAL_SURFACE('',#6387,0.25);
#6387 = AXIS2_PLACEMENT_3D('',#6388,#6389,#6390);
#6388 = CARTESIAN_POINT('',(-2.780857221624,-1.105,0.25));
#6389 = DIRECTION('',(-1.144237745222E-17,-1.,0.));
#6390 = DIRECTION('',(0.984807753012,-1.126854202784E-17,-0.173648177667
    ));
#6391 = ADVANCED_FACE('',(#6392),#6398,.F.);
#6392 = FACE_BOUND('',#6393,.F.);
#6393 = EDGE_LOOP('',(#6394,#6395,#6396,#6397));
#6394 = ORIENTED_EDGE('',*,*,#4185,.T.);
#6395 = ORIENTED_EDGE('',*,*,#4010,.T.);
#6396 = ORIENTED_EDGE('',*,*,#6381,.F.);
#6397 = ORIENTED_EDGE('',*,*,#4102,.F.);
#6398 = PLANE('',#6399);
#6399 = AXIS2_PLACEMENT_3D('',#6400,#6401,#6402);
#6400 = CARTESIAN_POINT('',(-2.498480775301,-1.105,0.442364817767));
#6401 = DIRECTION('',(-0.988433898356,1.131003375156E-17,0.151652327974)
  );
#6402 = DIRECTION('',(-0.151652327974,1.735263178185E-18,-0.988433898356
    ));
#6403 = ADVANCED_FACE('',(#6404),#6417,.F.);
#6404 = FACE_BOUND('',#6405,.F.);
#6405 = EDGE_LOOP('',(#6406,#6407,#6413,#6414,#6415,#6416));
#6406 = ORIENTED_EDGE('',*,*,#4401,.F.);
#6407 = ORIENTED_EDGE('',*,*,#6408,.T.);
#6408 = EDGE_CURVE('',#4393,#4301,#6409,.T.);
#6409 = LINE('',#6410,#6411);
#6410 = CARTESIAN_POINT('',(-2.4,-1.755,0.675));
#6411 = VECTOR('',#6412,1.);
#6412 = DIRECTION('',(1.144237745222E-17,1.,0.));
#6413 = ORIENTED_EDGE('',*,*,#4309,.T.);
#6414 = ORIENTED_EDGE('',*,*,#4209,.T.);
#6415 = ORIENTED_EDGE('',*,*,#5471,.T.);
#6416 = ORIENTED_EDGE('',*,*,#4432,.F.);
#6417 = PLANE('',#6418);
#6418 = AXIS2_PLACEMENT_3D('',#6419,#6420,#6421);
#6419 = CARTESIAN_POINT('',(-2.4,-1.755,0.675));
#6420 = DIRECTION('',(0.,0.,-1.));
#6421 = DIRECTION('',(1.,-1.144237745222E-17,0.));
#6422 = ADVANCED_FACE('',(#6423),#6434,.T.);
#6423 = FACE_BOUND('',#6424,.T.);
#6424 = EDGE_LOOP('',(#6425,#6426,#6427,#6428));
#6425 = ORIENTED_EDGE('',*,*,#4392,.T.);
#6426 = ORIENTED_EDGE('',*,*,#6408,.T.);
#6427 = ORIENTED_EDGE('',*,*,#4300,.F.);
#6428 = ORIENTED_EDGE('',*,*,#6429,.F.);
#6429 = EDGE_CURVE('',#4385,#4293,#6430,.T.);
#6430 = LINE('',#6431,#6432);
#6431 = CARTESIAN_POINT('',(-2.646201938253,-1.755,0.468412044417));
#6432 = VECTOR('',#6433,1.);
#6433 = DIRECTION('',(1.144237745222E-17,1.,0.));
#6434 = CYLINDRICAL_SURFACE('',#6435,0.25);
#6435 = AXIS2_PLACEMENT_3D('',#6436,#6437,#6438);
#6436 = CARTESIAN_POINT('',(-2.4,-1.755,0.425));
#6437 = DIRECTION('',(-1.144237745222E-17,-1.,0.));
#6438 = DIRECTION('',(-0.984807753012,1.126854202784E-17,0.173648177667)
  );
#6439 = ADVANCED_FACE('',(#6440),#6451,.F.);
#6440 = FACE_BOUND('',#6441,.F.);
#6441 = EDGE_LOOP('',(#6442,#6448,#6449,#6450));
#6442 = ORIENTED_EDGE('',*,*,#6443,.T.);
#6443 = EDGE_CURVE('',#4376,#4284,#6444,.T.);
#6444 = LINE('',#6445,#6446);
#6445 = CARTESIAN_POINT('',(-2.682376446323,-1.755,0.232635182233));
#6446 = VECTOR('',#6447,1.);
#6447 = DIRECTION('',(1.144237745222E-17,1.,0.));
#6448 = ORIENTED_EDGE('',*,*,#4292,.T.);
#6449 = ORIENTED_EDGE('',*,*,#6429,.F.);
#6450 = ORIENTED_EDGE('',*,*,#4384,.F.);
#6451 = PLANE('',#6452);
#6452 = AXIS2_PLACEMENT_3D('',#6453,#6454,#6455);
#6453 = CARTESIAN_POINT('',(-2.682376446323,-1.755,0.232635182233));
#6454 = DIRECTION('',(0.988433898356,-1.131003375156E-17,-0.151652327974
    ));
#6455 = DIRECTION('',(0.151652327974,-1.735263178185E-18,0.988433898356)
  );
#6456 = ADVANCED_FACE('',(#6457),#6468,.F.);
#6457 = FACE_BOUND('',#6458,.F.);
#6458 = EDGE_LOOP('',(#6459,#6465,#6466,#6467));
#6459 = ORIENTED_EDGE('',*,*,#6460,.T.);
#6460 = EDGE_CURVE('',#4368,#4276,#6461,.T.);
#6461 = LINE('',#6462,#6463);
#6462 = CARTESIAN_POINT('',(-2.780857221624,-1.755,0.15));
#6463 = VECTOR('',#6464,1.);
#6464 = DIRECTION('',(1.144237745222E-17,1.,0.));
#6465 = ORIENTED_EDGE('',*,*,#4283,.T.);
#6466 = ORIENTED_EDGE('',*,*,#6443,.F.);
#6467 = ORIENTED_EDGE('',*,*,#4375,.F.);
#6468 = CYLINDRICAL_SURFACE('',#6469,0.1);
#6469 = AXIS2_PLACEMENT_3D('',#6470,#6471,#6472);
#6470 = CARTESIAN_POINT('',(-2.780857221624,-1.755,0.25));
#6471 = DIRECTION('',(-1.144237745222E-17,-1.,0.));
#6472 = DIRECTION('',(-0.,0.,-1.));
#6473 = ADVANCED_FACE('',(#6474),#6485,.F.);
#6474 = FACE_BOUND('',#6475,.F.);
#6475 = EDGE_LOOP('',(#6476,#6482,#6483,#6484));
#6476 = ORIENTED_EDGE('',*,*,#6477,.T.);
#6477 = EDGE_CURVE('',#4360,#4268,#6478,.T.);
#6478 = LINE('',#6479,#6480);
#6479 = CARTESIAN_POINT('',(-3.2,-1.755,0.15));
#6480 = VECTOR('',#6481,1.);
#6481 = DIRECTION('',(1.144237745222E-17,1.,0.));
#6482 = ORIENTED_EDGE('',*,*,#4275,.T.);
#6483 = ORIENTED_EDGE('',*,*,#6460,.F.);
#6484 = ORIENTED_EDGE('',*,*,#4367,.F.);
#6485 = PLANE('',#6486);
#6486 = AXIS2_PLACEMENT_3D('',#6487,#6488,#6489);
#6487 = CARTESIAN_POINT('',(-3.2,-1.755,0.15));
#6488 = DIRECTION('',(0.,0.,-1.));
#6489 = DIRECTION('',(1.,-1.144237745222E-17,0.));
#6490 = ADVANCED_FACE('',(#6491),#6502,.F.);
#6491 = FACE_BOUND('',#6492,.F.);
#6492 = EDGE_LOOP('',(#6493,#6499,#6500,#6501));
#6493 = ORIENTED_EDGE('',*,*,#6494,.T.);
#6494 = EDGE_CURVE('',#4352,#4260,#6495,.T.);
#6495 = LINE('',#6496,#6497);
#6496 = CARTESIAN_POINT('',(-3.2,-1.755,-1.665334536938E-16));
#6497 = VECTOR('',#6498,1.);
#6498 = DIRECTION('',(1.144237745222E-17,1.,0.));
#6499 = ORIENTED_EDGE('',*,*,#4267,.T.);
#6500 = ORIENTED_EDGE('',*,*,#6477,.F.);
#6501 = ORIENTED_EDGE('',*,*,#4359,.F.);
#6502 = PLANE('',#6503);
#6503 = AXIS2_PLACEMENT_3D('',#6504,#6505,#6506);
#6504 = CARTESIAN_POINT('',(-3.2,-1.755,-1.665334536938E-16));
#6505 = DIRECTION('',(1.,-1.144237745222E-17,0.));
#6506 = DIRECTION('',(0.,0.,1.));
#6507 = ADVANCED_FACE('',(#6508),#6519,.F.);
#6508 = FACE_BOUND('',#6509,.F.);
#6509 = EDGE_LOOP('',(#6510,#6516,#6517,#6518));
#6510 = ORIENTED_EDGE('',*,*,#6511,.T.);
#6511 = EDGE_CURVE('',#4343,#4251,#6512,.T.);
#6512 = LINE('',#6513,#6514);
#6513 = CARTESIAN_POINT('',(-2.780857221624,-1.755,-1.665334536938E-16)
  );
#6514 = VECTOR('',#6515,1.);
#6515 = DIRECTION('',(1.144237745222E-17,1.,0.));
#6516 = ORIENTED_EDGE('',*,*,#4259,.T.);
#6517 = ORIENTED_EDGE('',*,*,#6494,.F.);
#6518 = ORIENTED_EDGE('',*,*,#4351,.F.);
#6519 = PLANE('',#6520);
#6520 = AXIS2_PLACEMENT_3D('',#6521,#6522,#6523);
#6521 = CARTESIAN_POINT('',(-2.780857221624,-1.755,-1.665334536938E-16)
  );
#6522 = DIRECTION('',(0.,0.,1.));
#6523 = DIRECTION('',(-1.,1.144237745222E-17,0.));
#6524 = ADVANCED_FACE('',(#6525),#6536,.T.);
#6525 = FACE_BOUND('',#6526,.T.);
#6526 = EDGE_LOOP('',(#6527,#6528,#6529,#6530));
#6527 = ORIENTED_EDGE('',*,*,#4342,.T.);
#6528 = ORIENTED_EDGE('',*,*,#6511,.T.);
#6529 = ORIENTED_EDGE('',*,*,#4250,.F.);
#6530 = ORIENTED_EDGE('',*,*,#6531,.F.);
#6531 = EDGE_CURVE('',#4335,#4243,#6532,.T.);
#6532 = LINE('',#6533,#6534);
#6533 = CARTESIAN_POINT('',(-2.534655283371,-1.755,0.206587955583));
#6534 = VECTOR('',#6535,1.);
#6535 = DIRECTION('',(1.144237745222E-17,1.,0.));
#6536 = CYLINDRICAL_SURFACE('',#6537,0.25);
#6537 = AXIS2_PLACEMENT_3D('',#6538,#6539,#6540);
#6538 = CARTESIAN_POINT('',(-2.780857221624,-1.755,0.25));
#6539 = DIRECTION('',(-1.144237745222E-17,-1.,0.));
#6540 = DIRECTION('',(0.984807753012,-1.126854202784E-17,-0.173648177667
    ));
#6541 = ADVANCED_FACE('',(#6542),#6548,.F.);
#6542 = FACE_BOUND('',#6543,.F.);
#6543 = EDGE_LOOP('',(#6544,#6545,#6546,#6547));
#6544 = ORIENTED_EDGE('',*,*,#4417,.T.);
#6545 = ORIENTED_EDGE('',*,*,#4242,.T.);
#6546 = ORIENTED_EDGE('',*,*,#6531,.F.);
#6547 = ORIENTED_EDGE('',*,*,#4334,.F.);
#6548 = PLANE('',#6549);
#6549 = AXIS2_PLACEMENT_3D('',#6550,#6551,#6552);
#6550 = CARTESIAN_POINT('',(-2.498480775301,-1.755,0.442364817767));
#6551 = DIRECTION('',(-0.988433898356,1.131003375156E-17,0.151652327974)
  );
#6552 = DIRECTION('',(-0.151652327974,1.735263178185E-18,-0.988433898356
    ));
#6553 = ADVANCED_FACE('',(#6554),#6567,.F.);
#6554 = FACE_BOUND('',#6555,.F.);
#6555 = EDGE_LOOP('',(#6556,#6557,#6563,#6564,#6565,#6566));
#6556 = ORIENTED_EDGE('',*,*,#4633,.F.);
#6557 = ORIENTED_EDGE('',*,*,#6558,.T.);
#6558 = EDGE_CURVE('',#4625,#4533,#6559,.T.);
#6559 = LINE('',#6560,#6561);
#6560 = CARTESIAN_POINT('',(-2.4,-2.405,0.675));
#6561 = VECTOR('',#6562,1.);
#6562 = DIRECTION('',(1.144237745222E-17,1.,0.));
#6563 = ORIENTED_EDGE('',*,*,#4541,.T.);
#6564 = ORIENTED_EDGE('',*,*,#4441,.T.);
#6565 = ORIENTED_EDGE('',*,*,#5478,.T.);
#6566 = ORIENTED_EDGE('',*,*,#4664,.F.);
#6567 = PLANE('',#6568);
#6568 = AXIS2_PLACEMENT_3D('',#6569,#6570,#6571);
#6569 = CARTESIAN_POINT('',(-2.4,-2.405,0.675));
#6570 = DIRECTION('',(0.,0.,-1.));
#6571 = DIRECTION('',(1.,-1.144237745222E-17,0.));
#6572 = ADVANCED_FACE('',(#6573),#6584,.T.);
#6573 = FACE_BOUND('',#6574,.T.);
#6574 = EDGE_LOOP('',(#6575,#6576,#6577,#6578));
#6575 = ORIENTED_EDGE('',*,*,#4624,.T.);
#6576 = ORIENTED_EDGE('',*,*,#6558,.T.);
#6577 = ORIENTED_EDGE('',*,*,#4532,.F.);
#6578 = ORIENTED_EDGE('',*,*,#6579,.F.);
#6579 = EDGE_CURVE('',#4617,#4525,#6580,.T.);
#6580 = LINE('',#6581,#6582);
#6581 = CARTESIAN_POINT('',(-2.646201938253,-2.405,0.468412044417));
#6582 = VECTOR('',#6583,1.);
#6583 = DIRECTION('',(1.144237745222E-17,1.,0.));
#6584 = CYLINDRICAL_SURFACE('',#6585,0.25);
#6585 = AXIS2_PLACEMENT_3D('',#6586,#6587,#6588);
#6586 = CARTESIAN_POINT('',(-2.4,-2.405,0.425));
#6587 = DIRECTION('',(-1.144237745222E-17,-1.,0.));
#6588 = DIRECTION('',(-0.984807753012,1.126854202784E-17,0.173648177667)
  );
#6589 = ADVANCED_FACE('',(#6590),#6601,.F.);
#6590 = FACE_BOUND('',#6591,.F.);
#6591 = EDGE_LOOP('',(#6592,#6598,#6599,#6600));
#6592 = ORIENTED_EDGE('',*,*,#6593,.T.);
#6593 = EDGE_CURVE('',#4608,#4516,#6594,.T.);
#6594 = LINE('',#6595,#6596);
#6595 = CARTESIAN_POINT('',(-2.682376446323,-2.405,0.232635182233));
#6596 = VECTOR('',#6597,1.);
#6597 = DIRECTION('',(1.144237745222E-17,1.,0.));
#6598 = ORIENTED_EDGE('',*,*,#4524,.T.);
#6599 = ORIENTED_EDGE('',*,*,#6579,.F.);
#6600 = ORIENTED_EDGE('',*,*,#4616,.F.);
#6601 = PLANE('',#6602);
#6602 = AXIS2_PLACEMENT_3D('',#6603,#6604,#6605);
#6603 = CARTESIAN_POINT('',(-2.682376446323,-2.405,0.232635182233));
#6604 = DIRECTION('',(0.988433898356,-1.131003375156E-17,-0.151652327974
    ));
#6605 = DIRECTION('',(0.151652327974,-1.735263178185E-18,0.988433898356)
  );
#6606 = ADVANCED_FACE('',(#6607),#6618,.F.);
#6607 = FACE_BOUND('',#6608,.F.);
#6608 = EDGE_LOOP('',(#6609,#6615,#6616,#6617));
#6609 = ORIENTED_EDGE('',*,*,#6610,.T.);
#6610 = EDGE_CURVE('',#4600,#4508,#6611,.T.);
#6611 = LINE('',#6612,#6613);
#6612 = CARTESIAN_POINT('',(-2.780857221624,-2.405,0.15));
#6613 = VECTOR('',#6614,1.);
#6614 = DIRECTION('',(1.144237745222E-17,1.,0.));
#6615 = ORIENTED_EDGE('',*,*,#4515,.T.);
#6616 = ORIENTED_EDGE('',*,*,#6593,.F.);
#6617 = ORIENTED_EDGE('',*,*,#4607,.F.);
#6618 = CYLINDRICAL_SURFACE('',#6619,0.1);
#6619 = AXIS2_PLACEMENT_3D('',#6620,#6621,#6622);
#6620 = CARTESIAN_POINT('',(-2.780857221624,-2.405,0.25));
#6621 = DIRECTION('',(-1.144237745222E-17,-1.,0.));
#6622 = DIRECTION('',(-0.,0.,-1.));
#6623 = ADVANCED_FACE('',(#6624),#6635,.F.);
#6624 = FACE_BOUND('',#6625,.F.);
#6625 = EDGE_LOOP('',(#6626,#6632,#6633,#6634));
#6626 = ORIENTED_EDGE('',*,*,#6627,.T.);
#6627 = EDGE_CURVE('',#4592,#4500,#6628,.T.);
#6628 = LINE('',#6629,#6630);
#6629 = CARTESIAN_POINT('',(-3.2,-2.405,0.15));
#6630 = VECTOR('',#6631,1.);
#6631 = DIRECTION('',(1.144237745222E-17,1.,0.));
#6632 = ORIENTED_EDGE('',*,*,#4507,.T.);
#6633 = ORIENTED_EDGE('',*,*,#6610,.F.);
#6634 = ORIENTED_EDGE('',*,*,#4599,.F.);
#6635 = PLANE('',#6636);
#6636 = AXIS2_PLACEMENT_3D('',#6637,#6638,#6639);
#6637 = CARTESIAN_POINT('',(-3.2,-2.405,0.15));
#6638 = DIRECTION('',(0.,0.,-1.));
#6639 = DIRECTION('',(1.,-1.144237745222E-17,0.));
#6640 = ADVANCED_FACE('',(#6641),#6652,.F.);
#6641 = FACE_BOUND('',#6642,.F.);
#6642 = EDGE_LOOP('',(#6643,#6649,#6650,#6651));
#6643 = ORIENTED_EDGE('',*,*,#6644,.T.);
#6644 = EDGE_CURVE('',#4584,#4492,#6645,.T.);
#6645 = LINE('',#6646,#6647);
#6646 = CARTESIAN_POINT('',(-3.2,-2.405,-1.665334536938E-16));
#6647 = VECTOR('',#6648,1.);
#6648 = DIRECTION('',(1.144237745222E-17,1.,0.));
#6649 = ORIENTED_EDGE('',*,*,#4499,.T.);
#6650 = ORIENTED_EDGE('',*,*,#6627,.F.);
#6651 = ORIENTED_EDGE('',*,*,#4591,.F.);
#6652 = PLANE('',#6653);
#6653 = AXIS2_PLACEMENT_3D('',#6654,#6655,#6656);
#6654 = CARTESIAN_POINT('',(-3.2,-2.405,-1.665334536938E-16));
#6655 = DIRECTION('',(1.,-1.144237745222E-17,0.));
#6656 = DIRECTION('',(0.,0.,1.));
#6657 = ADVANCED_FACE('',(#6658),#6669,.F.);
#6658 = FACE_BOUND('',#6659,.F.);
#6659 = EDGE_LOOP('',(#6660,#6666,#6667,#6668));
#6660 = ORIENTED_EDGE('',*,*,#6661,.T.);
#6661 = EDGE_CURVE('',#4575,#4483,#6662,.T.);
#6662 = LINE('',#6663,#6664);
#6663 = CARTESIAN_POINT('',(-2.780857221624,-2.405,-1.665334536938E-16)
  );
#6664 = VECTOR('',#6665,1.);
#6665 = DIRECTION('',(1.144237745222E-17,1.,0.));
#6666 = ORIENTED_EDGE('',*,*,#4491,.T.);
#6667 = ORIENTED_EDGE('',*,*,#6644,.F.);
#6668 = ORIENTED_EDGE('',*,*,#4583,.F.);
#6669 = PLANE('',#6670);
#6670 = AXIS2_PLACEMENT_3D('',#6671,#6672,#6673);
#6671 = CARTESIAN_POINT('',(-2.780857221624,-2.405,-1.665334536938E-16)
  );
#6672 = DIRECTION('',(0.,0.,1.));
#6673 = DIRECTION('',(-1.,1.144237745222E-17,0.));
#6674 = ADVANCED_FACE('',(#6675),#6686,.T.);
#6675 = FACE_BOUND('',#6676,.T.);
#6676 = EDGE_LOOP('',(#6677,#6678,#6679,#6680));
#6677 = ORIENTED_EDGE('',*,*,#4574,.T.);
#6678 = ORIENTED_EDGE('',*,*,#6661,.T.);
#6679 = ORIENTED_EDGE('',*,*,#4482,.F.);
#6680 = ORIENTED_EDGE('',*,*,#6681,.F.);
#6681 = EDGE_CURVE('',#4567,#4475,#6682,.T.);
#6682 = LINE('',#6683,#6684);
#6683 = CARTESIAN_POINT('',(-2.534655283371,-2.405,0.206587955583));
#6684 = VECTOR('',#6685,1.);
#6685 = DIRECTION('',(1.144237745222E-17,1.,0.));
#6686 = CYLINDRICAL_SURFACE('',#6687,0.25);
#6687 = AXIS2_PLACEMENT_3D('',#6688,#6689,#6690);
#6688 = CARTESIAN_POINT('',(-2.780857221624,-2.405,0.25));
#6689 = DIRECTION('',(-1.144237745222E-17,-1.,0.));
#6690 = DIRECTION('',(0.984807753012,-1.126854202784E-17,-0.173648177667
    ));
#6691 = ADVANCED_FACE('',(#6692),#6698,.F.);
#6692 = FACE_BOUND('',#6693,.F.);
#6693 = EDGE_LOOP('',(#6694,#6695,#6696,#6697));
#6694 = ORIENTED_EDGE('',*,*,#4649,.T.);
#6695 = ORIENTED_EDGE('',*,*,#4474,.T.);
#6696 = ORIENTED_EDGE('',*,*,#6681,.F.);
#6697 = ORIENTED_EDGE('',*,*,#4566,.F.);
#6698 = PLANE('',#6699);
#6699 = AXIS2_PLACEMENT_3D('',#6700,#6701,#6702);
#6700 = CARTESIAN_POINT('',(-2.498480775301,-2.405,0.442364817767));
#6701 = DIRECTION('',(-0.988433898356,1.131003375156E-17,0.151652327974)
  );
#6702 = DIRECTION('',(-0.151652327974,1.735263178185E-18,-0.988433898356
    ));
#6703 = ADVANCED_FACE('',(#6704),#6715,.T.);
#6704 = FACE_BOUND('',#6705,.T.);
#6705 = EDGE_LOOP('',(#6706,#6707,#6708,#6714));
#6706 = ORIENTED_EDGE('',*,*,#4698,.T.);
#6707 = ORIENTED_EDGE('',*,*,#5392,.T.);
#6708 = ORIENTED_EDGE('',*,*,#6709,.F.);
#6709 = EDGE_CURVE('',#5486,#5385,#6710,.T.);
#6710 = LINE('',#6711,#6712);
#6711 = CARTESIAN_POINT('',(-2.075061033199,-2.375061033199,1.1));
#6712 = VECTOR('',#6713,1.);
#6713 = DIRECTION('',(1.,1.110223024625E-16,0.));
#6714 = ORIENTED_EDGE('',*,*,#5485,.F.);
#6715 = B_SPLINE_SURFACE_WITH_KNOTS('',1,1,(
    (#6716,#6717)
    ,(#6718,#6719
    )),.UNSPECIFIED.,.F.,.F.,.F.,(2,2),(2,2),(0.,4.3),(0.,1.),
  .PIECEWISE_BEZIER_KNOTS.);
#6716 = CARTESIAN_POINT('',(-2.15,-2.45,0.675));
#6717 = CARTESIAN_POINT('',(-2.075061033199,-2.375061033199,1.1));
#6718 = CARTESIAN_POINT('',(2.15,-2.45,0.675));
#6719 = CARTESIAN_POINT('',(2.075061033199,-2.375061033199,1.1));
#6720 = ADVANCED_FACE('',(#6721),#6753,.F.);
#6721 = FACE_BOUND('',#6722,.F.);
#6722 = EDGE_LOOP('',(#6723,#6731,#6739,#6745,#6746,#6747));
#6723 = ORIENTED_EDGE('',*,*,#6724,.F.);
#6724 = EDGE_CURVE('',#6725,#4769,#6727,.T.);
#6725 = VERTEX_POINT('',#6726);
#6726 = CARTESIAN_POINT('',(2.4,-2.145,0.675));
#6727 = LINE('',#6728,#6729);
#6728 = CARTESIAN_POINT('',(2.4,-2.145,0.675));
#6729 = VECTOR('',#6730,1.);
#6730 = DIRECTION('',(-1.,-1.110223024625E-16,0.));
#6731 = ORIENTED_EDGE('',*,*,#6732,.T.);
#6732 = EDGE_CURVE('',#6725,#6733,#6735,.T.);
#6733 = VERTEX_POINT('',#6734);
#6734 = CARTESIAN_POINT('',(2.4,-2.405,0.675));
#6735 = LINE('',#6736,#6737);
#6736 = CARTESIAN_POINT('',(2.4,-2.145,0.675));
#6737 = VECTOR('',#6738,1.);
#6738 = DIRECTION('',(1.110223024625E-16,-1.,0.));
#6739 = ORIENTED_EDGE('',*,*,#6740,.T.);
#6740 = EDGE_CURVE('',#6733,#4675,#6741,.T.);
#6741 = LINE('',#6742,#6743);
#6742 = CARTESIAN_POINT('',(2.4,-2.405,0.675));
#6743 = VECTOR('',#6744,1.);
#6744 = DIRECTION('',(-1.,-1.110223024625E-16,0.));
#6745 = ORIENTED_EDGE('',*,*,#4682,.T.);
#6746 = ORIENTED_EDGE('',*,*,#5265,.T.);
#6747 = ORIENTED_EDGE('',*,*,#6748,.F.);
#6748 = EDGE_CURVE('',#4769,#5266,#6749,.T.);
#6749 = LINE('',#6750,#6751);
#6750 = CARTESIAN_POINT('',(2.4,-2.145,0.675));
#6751 = VECTOR('',#6752,1.);
#6752 = DIRECTION('',(-1.,-1.110223024625E-16,0.));
#6753 = PLANE('',#6754);
#6754 = AXIS2_PLACEMENT_3D('',#6755,#6756,#6757);
#6755 = CARTESIAN_POINT('',(2.4,-2.145,0.675));
#6756 = DIRECTION('',(0.,0.,-1.));
#6757 = DIRECTION('',(-1.,-1.110223024625E-16,-0.));
#6758 = ADVANCED_FACE('',(#6759),#6838,.T.);
#6759 = FACE_BOUND('',#6760,.T.);
#6760 = EDGE_LOOP('',(#6761,#6762,#6763,#6772,#6780,#6789,#6797,#6805,
    #6813,#6822,#6830,#6837));
#6761 = ORIENTED_EDGE('',*,*,#4722,.T.);
#6762 = ORIENTED_EDGE('',*,*,#4746,.T.);
#6763 = ORIENTED_EDGE('',*,*,#6764,.T.);
#6764 = EDGE_CURVE('',#4747,#6765,#6767,.T.);
#6765 = VERTEX_POINT('',#6766);
#6766 = CARTESIAN_POINT('',(2.498480775301,-2.405,0.442364817767));
#6767 = CIRCLE('',#6768,0.1);
#6768 = AXIS2_PLACEMENT_3D('',#6769,#6770,#6771);
#6769 = CARTESIAN_POINT('',(2.4,-2.405,0.425));
#6770 = DIRECTION('',(-1.110223024625E-16,1.,0.));
#6771 = DIRECTION('',(4.440892098501E-15,4.930380657631E-31,1.));
#6772 = ORIENTED_EDGE('',*,*,#6773,.T.);
#6773 = EDGE_CURVE('',#6765,#6774,#6776,.T.);
#6774 = VERTEX_POINT('',#6775);
#6775 = CARTESIAN_POINT('',(2.534655283371,-2.405,0.206587955583));
#6776 = LINE('',#6777,#6778);
#6777 = CARTESIAN_POINT('',(2.498480775301,-2.405,0.442364817767));
#6778 = VECTOR('',#6779,1.);
#6779 = DIRECTION('',(0.151652327974,1.683679062546E-17,-0.988433898356)
  );
#6780 = ORIENTED_EDGE('',*,*,#6781,.T.);
#6781 = EDGE_CURVE('',#6774,#6782,#6784,.T.);
#6782 = VERTEX_POINT('',#6783);
#6783 = CARTESIAN_POINT('',(2.780857221624,-2.405,-1.665334536938E-16));
#6784 = CIRCLE('',#6785,0.25);
#6785 = AXIS2_PLACEMENT_3D('',#6786,#6787,#6788);
#6786 = CARTESIAN_POINT('',(2.780857221624,-2.405,0.25));
#6787 = DIRECTION('',(1.110223024625E-16,-1.,0.));
#6788 = DIRECTION('',(-0.984807753012,-1.093356242223E-16,
    -0.173648177667));
#6789 = ORIENTED_EDGE('',*,*,#6790,.T.);
#6790 = EDGE_CURVE('',#6782,#6791,#6793,.T.);
#6791 = VERTEX_POINT('',#6792);
#6792 = CARTESIAN_POINT('',(3.2,-2.405,-1.665334536938E-16));
#6793 = LINE('',#6794,#6795);
#6794 = CARTESIAN_POINT('',(2.780857221624,-2.405,-1.665334536938E-16));
#6795 = VECTOR('',#6796,1.);
#6796 = DIRECTION('',(1.,1.110223024625E-16,0.));
#6797 = ORIENTED_EDGE('',*,*,#6798,.T.);
#6798 = EDGE_CURVE('',#6791,#6799,#6801,.T.);
#6799 = VERTEX_POINT('',#6800);
#6800 = CARTESIAN_POINT('',(3.2,-2.405,0.15));
#6801 = LINE('',#6802,#6803);
#6802 = CARTESIAN_POINT('',(3.2,-2.405,-1.665334536938E-16));
#6803 = VECTOR('',#6804,1.);
#6804 = DIRECTION('',(0.,0.,1.));
#6805 = ORIENTED_EDGE('',*,*,#6806,.T.);
#6806 = EDGE_CURVE('',#6799,#6807,#6809,.T.);
#6807 = VERTEX_POINT('',#6808);
#6808 = CARTESIAN_POINT('',(2.780857221624,-2.405,0.15));
#6809 = LINE('',#6810,#6811);
#6810 = CARTESIAN_POINT('',(3.2,-2.405,0.15));
#6811 = VECTOR('',#6812,1.);
#6812 = DIRECTION('',(-1.,-1.110223024625E-16,0.));
#6813 = ORIENTED_EDGE('',*,*,#6814,.T.);
#6814 = EDGE_CURVE('',#6807,#6815,#6817,.T.);
#6815 = VERTEX_POINT('',#6816);
#6816 = CARTESIAN_POINT('',(2.682376446323,-2.405,0.232635182233));
#6817 = CIRCLE('',#6818,0.1);
#6818 = AXIS2_PLACEMENT_3D('',#6819,#6820,#6821);
#6819 = CARTESIAN_POINT('',(2.780857221624,-2.405,0.25));
#6820 = DIRECTION('',(-1.110223024625E-16,1.,0.));
#6821 = DIRECTION('',(0.,0.,-1.));
#6822 = ORIENTED_EDGE('',*,*,#6823,.T.);
#6823 = EDGE_CURVE('',#6815,#6824,#6826,.T.);
#6824 = VERTEX_POINT('',#6825);
#6825 = CARTESIAN_POINT('',(2.646201938253,-2.405,0.468412044417));
#6826 = LINE('',#6827,#6828);
#6827 = CARTESIAN_POINT('',(2.682376446323,-2.405,0.232635182233));
#6828 = VECTOR('',#6829,1.);
#6829 = DIRECTION('',(-0.151652327974,-1.683679062546E-17,0.988433898356
    ));
#6830 = ORIENTED_EDGE('',*,*,#6831,.T.);
#6831 = EDGE_CURVE('',#6824,#6733,#6832,.T.);
#6832 = CIRCLE('',#6833,0.25);
#6833 = AXIS2_PLACEMENT_3D('',#6834,#6835,#6836);
#6834 = CARTESIAN_POINT('',(2.4,-2.405,0.425));
#6835 = DIRECTION('',(1.110223024625E-16,-1.,0.));
#6836 = DIRECTION('',(0.984807753012,1.093356242223E-16,0.173648177667)
  );
#6837 = ORIENTED_EDGE('',*,*,#6740,.T.);
#6838 = PLANE('',#6839);
#6839 = AXIS2_PLACEMENT_3D('',#6840,#6841,#6842);
#6840 = CARTESIAN_POINT('',(2.637203454365,-2.405,0.317854565708));
#6841 = DIRECTION('',(1.110223024625E-16,-1.,0.));
#6842 = DIRECTION('',(0.,0.,1.));
#6843 = ADVANCED_FACE('',(#6844),#6923,.F.);
#6844 = FACE_BOUND('',#6845,.F.);
#6845 = EDGE_LOOP('',(#6846,#6847,#6848,#6857,#6865,#6874,#6882,#6890,
    #6898,#6907,#6915,#6922));
#6846 = ORIENTED_EDGE('',*,*,#4768,.T.);
#6847 = ORIENTED_EDGE('',*,*,#4737,.T.);
#6848 = ORIENTED_EDGE('',*,*,#6849,.T.);
#6849 = EDGE_CURVE('',#4738,#6850,#6852,.T.);
#6850 = VERTEX_POINT('',#6851);
#6851 = CARTESIAN_POINT('',(2.498480775301,-2.145,0.442364817767));
#6852 = CIRCLE('',#6853,0.1);
#6853 = AXIS2_PLACEMENT_3D('',#6854,#6855,#6856);
#6854 = CARTESIAN_POINT('',(2.4,-2.145,0.425));
#6855 = DIRECTION('',(-1.110223024625E-16,1.,0.));
#6856 = DIRECTION('',(4.440892098501E-15,4.930380657631E-31,1.));
#6857 = ORIENTED_EDGE('',*,*,#6858,.T.);
#6858 = EDGE_CURVE('',#6850,#6859,#6861,.T.);
#6859 = VERTEX_POINT('',#6860);
#6860 = CARTESIAN_POINT('',(2.534655283371,-2.145,0.206587955583));
#6861 = LINE('',#6862,#6863);
#6862 = CARTESIAN_POINT('',(2.498480775301,-2.145,0.442364817767));
#6863 = VECTOR('',#6864,1.);
#6864 = DIRECTION('',(0.151652327974,1.683679062546E-17,-0.988433898356)
  );
#6865 = ORIENTED_EDGE('',*,*,#6866,.T.);
#6866 = EDGE_CURVE('',#6859,#6867,#6869,.T.);
#6867 = VERTEX_POINT('',#6868);
#6868 = CARTESIAN_POINT('',(2.780857221624,-2.145,-1.665334536938E-16));
#6869 = CIRCLE('',#6870,0.25);
#6870 = AXIS2_PLACEMENT_3D('',#6871,#6872,#6873);
#6871 = CARTESIAN_POINT('',(2.780857221624,-2.145,0.25));
#6872 = DIRECTION('',(1.110223024625E-16,-1.,0.));
#6873 = DIRECTION('',(-0.984807753012,-1.093356242223E-16,
    -0.173648177667));
#6874 = ORIENTED_EDGE('',*,*,#6875,.T.);
#6875 = EDGE_CURVE('',#6867,#6876,#6878,.T.);
#6876 = VERTEX_POINT('',#6877);
#6877 = CARTESIAN_POINT('',(3.2,-2.145,-1.665334536938E-16));
#6878 = LINE('',#6879,#6880);
#6879 = CARTESIAN_POINT('',(2.780857221624,-2.145,-1.665334536938E-16));
#6880 = VECTOR('',#6881,1.);
#6881 = DIRECTION('',(1.,1.110223024625E-16,0.));
#6882 = ORIENTED_EDGE('',*,*,#6883,.T.);
#6883 = EDGE_CURVE('',#6876,#6884,#6886,.T.);
#6884 = VERTEX_POINT('',#6885);
#6885 = CARTESIAN_POINT('',(3.2,-2.145,0.15));
#6886 = LINE('',#6887,#6888);
#6887 = CARTESIAN_POINT('',(3.2,-2.145,-1.665334536938E-16));
#6888 = VECTOR('',#6889,1.);
#6889 = DIRECTION('',(0.,0.,1.));
#6890 = ORIENTED_EDGE('',*,*,#6891,.T.);
#6891 = EDGE_CURVE('',#6884,#6892,#6894,.T.);
#6892 = VERTEX_POINT('',#6893);
#6893 = CARTESIAN_POINT('',(2.780857221624,-2.145,0.15));
#6894 = LINE('',#6895,#6896);
#6895 = CARTESIAN_POINT('',(3.2,-2.145,0.15));
#6896 = VECTOR('',#6897,1.);
#6897 = DIRECTION('',(-1.,-1.110223024625E-16,0.));
#6898 = ORIENTED_EDGE('',*,*,#6899,.T.);
#6899 = EDGE_CURVE('',#6892,#6900,#6902,.T.);
#6900 = VERTEX_POINT('',#6901);
#6901 = CARTESIAN_POINT('',(2.682376446323,-2.145,0.232635182233));
#6902 = CIRCLE('',#6903,0.1);
#6903 = AXIS2_PLACEMENT_3D('',#6904,#6905,#6906);
#6904 = CARTESIAN_POINT('',(2.780857221624,-2.145,0.25));
#6905 = DIRECTION('',(-1.110223024625E-16,1.,0.));
#6906 = DIRECTION('',(0.,0.,-1.));
#6907 = ORIENTED_EDGE('',*,*,#6908,.T.);
#6908 = EDGE_CURVE('',#6900,#6909,#6911,.T.);
#6909 = VERTEX_POINT('',#6910);
#6910 = CARTESIAN_POINT('',(2.646201938253,-2.145,0.468412044417));
#6911 = LINE('',#6912,#6913);
#6912 = CARTESIAN_POINT('',(2.682376446323,-2.145,0.232635182233));
#6913 = VECTOR('',#6914,1.);
#6914 = DIRECTION('',(-0.151652327974,-1.683679062546E-17,0.988433898356
    ));
#6915 = ORIENTED_EDGE('',*,*,#6916,.T.);
#6916 = EDGE_CURVE('',#6909,#6725,#6917,.T.);
#6917 = CIRCLE('',#6918,0.25);
#6918 = AXIS2_PLACEMENT_3D('',#6919,#6920,#6921);
#6919 = CARTESIAN_POINT('',(2.4,-2.145,0.425));
#6920 = DIRECTION('',(1.110223024625E-16,-1.,0.));
#6921 = DIRECTION('',(0.984807753012,1.093356242223E-16,0.173648177667)
  );
#6922 = ORIENTED_EDGE('',*,*,#6724,.T.);
#6923 = PLANE('',#6924);
#6924 = AXIS2_PLACEMENT_3D('',#6925,#6926,#6927);
#6925 = CARTESIAN_POINT('',(2.637203454365,-2.145,0.317854565708));
#6926 = DIRECTION('',(1.110223024625E-16,-1.,0.));
#6927 = DIRECTION('',(0.,0.,1.));
#6928 = ADVANCED_FACE('',(#6929),#6940,.F.);
#6929 = FACE_BOUND('',#6930,.F.);
#6930 = EDGE_LOOP('',(#6931,#6932,#6933,#6939));
#6931 = ORIENTED_EDGE('',*,*,#4754,.T.);
#6932 = ORIENTED_EDGE('',*,*,#6764,.T.);
#6933 = ORIENTED_EDGE('',*,*,#6934,.F.);
#6934 = EDGE_CURVE('',#6850,#6765,#6935,.T.);
#6935 = LINE('',#6936,#6937);
#6936 = CARTESIAN_POINT('',(2.498480775301,-2.145,0.442364817767));
#6937 = VECTOR('',#6938,1.);
#6938 = DIRECTION('',(1.110223024625E-16,-1.,0.));
#6939 = ORIENTED_EDGE('',*,*,#6849,.F.);
#6940 = CYLINDRICAL_SURFACE('',#6941,0.1);
#6941 = AXIS2_PLACEMENT_3D('',#6942,#6943,#6944);
#6942 = CARTESIAN_POINT('',(2.4,-2.145,0.425));
#6943 = DIRECTION('',(-1.110223024625E-16,1.,0.));
#6944 = DIRECTION('',(4.440892098501E-15,4.930380657631E-31,1.));
#6945 = ADVANCED_FACE('',(#6946),#6957,.T.);
#6946 = FACE_BOUND('',#6947,.T.);
#6947 = EDGE_LOOP('',(#6948,#6949,#6955,#6956));
#6948 = ORIENTED_EDGE('',*,*,#4785,.T.);
#6949 = ORIENTED_EDGE('',*,*,#6950,.T.);
#6950 = EDGE_CURVE('',#4778,#5274,#6951,.T.);
#6951 = LINE('',#6952,#6953);
#6952 = CARTESIAN_POINT('',(2.4,-1.755,0.675));
#6953 = VECTOR('',#6954,1.);
#6954 = DIRECTION('',(-1.,-1.110223024625E-16,0.));
#6955 = ORIENTED_EDGE('',*,*,#5273,.F.);
#6956 = ORIENTED_EDGE('',*,*,#6748,.F.);
#6957 = PLANE('',#6958);
#6958 = AXIS2_PLACEMENT_3D('',#6959,#6960,#6961);
#6959 = CARTESIAN_POINT('',(-2.175,-2.561541428923E-16,0.675));
#6960 = DIRECTION('',(2.761013168274E-27,-5.587354617935E-32,1.));
#6961 = DIRECTION('',(1.108818684461E-16,-1.,-5.587354617966E-32));
#6962 = ADVANCED_FACE('',(#6963),#7049,.T.);
#6963 = FACE_BOUND('',#6964,.T.);
#6964 = EDGE_LOOP('',(#6965,#6966,#6967,#6976,#6984,#6993,#7001,#7009,
    #7017,#7026,#7034,#7043));
#6965 = ORIENTED_EDGE('',*,*,#4777,.T.);
#6966 = ORIENTED_EDGE('',*,*,#4808,.T.);
#6967 = ORIENTED_EDGE('',*,*,#6968,.T.);
#6968 = EDGE_CURVE('',#4809,#6969,#6971,.T.);
#6969 = VERTEX_POINT('',#6970);
#6970 = CARTESIAN_POINT('',(2.498480775301,-1.755,0.442364817767));
#6971 = CIRCLE('',#6972,0.1);
#6972 = AXIS2_PLACEMENT_3D('',#6973,#6974,#6975);
#6973 = CARTESIAN_POINT('',(2.4,-1.755,0.425));
#6974 = DIRECTION('',(-1.110223024625E-16,1.,0.));
#6975 = DIRECTION('',(4.440892098501E-15,4.930380657631E-31,1.));
#6976 = ORIENTED_EDGE('',*,*,#6977,.T.);
#6977 = EDGE_CURVE('',#6969,#6978,#6980,.T.);
#6978 = VERTEX_POINT('',#6979);
#6979 = CARTESIAN_POINT('',(2.534655283371,-1.755,0.206587955583));
#6980 = LINE('',#6981,#6982);
#6981 = CARTESIAN_POINT('',(2.498480775301,-1.755,0.442364817767));
#6982 = VECTOR('',#6983,1.);
#6983 = DIRECTION('',(0.151652327974,1.683679062546E-17,-0.988433898356)
  );
#6984 = ORIENTED_EDGE('',*,*,#6985,.T.);
#6985 = EDGE_CURVE('',#6978,#6986,#6988,.T.);
#6986 = VERTEX_POINT('',#6987);
#6987 = CARTESIAN_POINT('',(2.780857221624,-1.755,-1.665334536938E-16));
#6988 = CIRCLE('',#6989,0.25);
#6989 = AXIS2_PLACEMENT_3D('',#6990,#6991,#6992);
#6990 = CARTESIAN_POINT('',(2.780857221624,-1.755,0.25));
#6991 = DIRECTION('',(1.110223024625E-16,-1.,0.));
#6992 = DIRECTION('',(-0.984807753012,-1.093356242223E-16,
    -0.173648177667));
#6993 = ORIENTED_EDGE('',*,*,#6994,.T.);
#6994 = EDGE_CURVE('',#6986,#6995,#6997,.T.);
#6995 = VERTEX_POINT('',#6996);
#6996 = CARTESIAN_POINT('',(3.2,-1.755,-1.665334536938E-16));
#6997 = LINE('',#6998,#6999);
#6998 = CARTESIAN_POINT('',(2.780857221624,-1.755,-1.665334536938E-16));
#6999 = VECTOR('',#7000,1.);
#7000 = DIRECTION('',(1.,1.110223024625E-16,0.));
#7001 = ORIENTED_EDGE('',*,*,#7002,.T.);
#7002 = EDGE_CURVE('',#6995,#7003,#7005,.T.);
#7003 = VERTEX_POINT('',#7004);
#7004 = CARTESIAN_POINT('',(3.2,-1.755,0.15));
#7005 = LINE('',#7006,#7007);
#7006 = CARTESIAN_POINT('',(3.2,-1.755,-1.665334536938E-16));
#7007 = VECTOR('',#7008,1.);
#7008 = DIRECTION('',(0.,0.,1.));
#7009 = ORIENTED_EDGE('',*,*,#7010,.T.);
#7010 = EDGE_CURVE('',#7003,#7011,#7013,.T.);
#7011 = VERTEX_POINT('',#7012);
#7012 = CARTESIAN_POINT('',(2.780857221624,-1.755,0.15));
#7013 = LINE('',#7014,#7015);
#7014 = CARTESIAN_POINT('',(3.2,-1.755,0.15));
#7015 = VECTOR('',#7016,1.);
#7016 = DIRECTION('',(-1.,-1.110223024625E-16,0.));
#7017 = ORIENTED_EDGE('',*,*,#7018,.T.);
#7018 = EDGE_CURVE('',#7011,#7019,#7021,.T.);
#7019 = VERTEX_POINT('',#7020);
#7020 = CARTESIAN_POINT('',(2.682376446323,-1.755,0.232635182233));
#7021 = CIRCLE('',#7022,0.1);
#7022 = AXIS2_PLACEMENT_3D('',#7023,#7024,#7025);
#7023 = CARTESIAN_POINT('',(2.780857221624,-1.755,0.25));
#7024 = DIRECTION('',(-1.110223024625E-16,1.,0.));
#7025 = DIRECTION('',(0.,0.,-1.));
#7026 = ORIENTED_EDGE('',*,*,#7027,.T.);
#7027 = EDGE_CURVE('',#7019,#7028,#7030,.T.);
#7028 = VERTEX_POINT('',#7029);
#7029 = CARTESIAN_POINT('',(2.646201938253,-1.755,0.468412044417));
#7030 = LINE('',#7031,#7032);
#7031 = CARTESIAN_POINT('',(2.682376446323,-1.755,0.232635182233));
#7032 = VECTOR('',#7033,1.);
#7033 = DIRECTION('',(-0.151652327974,-1.683679062546E-17,0.988433898356
    ));
#7034 = ORIENTED_EDGE('',*,*,#7035,.T.);
#7035 = EDGE_CURVE('',#7028,#7036,#7038,.T.);
#7036 = VERTEX_POINT('',#7037);
#7037 = CARTESIAN_POINT('',(2.4,-1.755,0.675));
#7038 = CIRCLE('',#7039,0.25);
#7039 = AXIS2_PLACEMENT_3D('',#7040,#7041,#7042);
#7040 = CARTESIAN_POINT('',(2.4,-1.755,0.425));
#7041 = DIRECTION('',(1.110223024625E-16,-1.,0.));
#7042 = DIRECTION('',(0.984807753012,1.093356242223E-16,0.173648177667)
  );
#7043 = ORIENTED_EDGE('',*,*,#7044,.T.);
#7044 = EDGE_CURVE('',#7036,#4778,#7045,.T.);
#7045 = LINE('',#7046,#7047);
#7046 = CARTESIAN_POINT('',(2.4,-1.755,0.675));
#7047 = VECTOR('',#7048,1.);
#7048 = DIRECTION('',(-1.,-1.110223024625E-16,0.));
#7049 = PLANE('',#7050);
#7050 = AXIS2_PLACEMENT_3D('',#7051,#7052,#7053);
#7051 = CARTESIAN_POINT('',(2.637203454365,-1.755,0.317854565708));
#7052 = DIRECTION('',(1.110223024625E-16,-1.,0.));
#7053 = DIRECTION('',(0.,0.,1.));
#7054 = ADVANCED_FACE('',(#7055),#7141,.F.);
#7055 = FACE_BOUND('',#7056,.F.);
#7056 = EDGE_LOOP('',(#7057,#7058,#7059,#7068,#7076,#7085,#7093,#7101,
    #7109,#7118,#7126,#7135));
#7057 = ORIENTED_EDGE('',*,*,#4830,.T.);
#7058 = ORIENTED_EDGE('',*,*,#4799,.T.);
#7059 = ORIENTED_EDGE('',*,*,#7060,.T.);
#7060 = EDGE_CURVE('',#4800,#7061,#7063,.T.);
#7061 = VERTEX_POINT('',#7062);
#7062 = CARTESIAN_POINT('',(2.498480775301,-1.495,0.442364817767));
#7063 = CIRCLE('',#7064,0.1);
#7064 = AXIS2_PLACEMENT_3D('',#7065,#7066,#7067);
#7065 = CARTESIAN_POINT('',(2.4,-1.495,0.425));
#7066 = DIRECTION('',(-1.110223024625E-16,1.,0.));
#7067 = DIRECTION('',(4.440892098501E-15,4.930380657631E-31,1.));
#7068 = ORIENTED_EDGE('',*,*,#7069,.T.);
#7069 = EDGE_CURVE('',#7061,#7070,#7072,.T.);
#7070 = VERTEX_POINT('',#7071);
#7071 = CARTESIAN_POINT('',(2.534655283371,-1.495,0.206587955583));
#7072 = LINE('',#7073,#7074);
#7073 = CARTESIAN_POINT('',(2.498480775301,-1.495,0.442364817767));
#7074 = VECTOR('',#7075,1.);
#7075 = DIRECTION('',(0.151652327974,1.683679062546E-17,-0.988433898356)
  );
#7076 = ORIENTED_EDGE('',*,*,#7077,.T.);
#7077 = EDGE_CURVE('',#7070,#7078,#7080,.T.);
#7078 = VERTEX_POINT('',#7079);
#7079 = CARTESIAN_POINT('',(2.780857221624,-1.495,-1.665334536938E-16));
#7080 = CIRCLE('',#7081,0.25);
#7081 = AXIS2_PLACEMENT_3D('',#7082,#7083,#7084);
#7082 = CARTESIAN_POINT('',(2.780857221624,-1.495,0.25));
#7083 = DIRECTION('',(1.110223024625E-16,-1.,0.));
#7084 = DIRECTION('',(-0.984807753012,-1.093356242223E-16,
    -0.173648177667));
#7085 = ORIENTED_EDGE('',*,*,#7086,.T.);
#7086 = EDGE_CURVE('',#7078,#7087,#7089,.T.);
#7087 = VERTEX_POINT('',#7088);
#7088 = CARTESIAN_POINT('',(3.2,-1.495,-1.665334536938E-16));
#7089 = LINE('',#7090,#7091);
#7090 = CARTESIAN_POINT('',(2.780857221624,-1.495,-1.665334536938E-16));
#7091 = VECTOR('',#7092,1.);
#7092 = DIRECTION('',(1.,1.110223024625E-16,0.));
#7093 = ORIENTED_EDGE('',*,*,#7094,.T.);
#7094 = EDGE_CURVE('',#7087,#7095,#7097,.T.);
#7095 = VERTEX_POINT('',#7096);
#7096 = CARTESIAN_POINT('',(3.2,-1.495,0.15));
#7097 = LINE('',#7098,#7099);
#7098 = CARTESIAN_POINT('',(3.2,-1.495,-1.665334536938E-16));
#7099 = VECTOR('',#7100,1.);
#7100 = DIRECTION('',(0.,0.,1.));
#7101 = ORIENTED_EDGE('',*,*,#7102,.T.);
#7102 = EDGE_CURVE('',#7095,#7103,#7105,.T.);
#7103 = VERTEX_POINT('',#7104);
#7104 = CARTESIAN_POINT('',(2.780857221624,-1.495,0.15));
#7105 = LINE('',#7106,#7107);
#7106 = CARTESIAN_POINT('',(3.2,-1.495,0.15));
#7107 = VECTOR('',#7108,1.);
#7108 = DIRECTION('',(-1.,-1.110223024625E-16,0.));
#7109 = ORIENTED_EDGE('',*,*,#7110,.T.);
#7110 = EDGE_CURVE('',#7103,#7111,#7113,.T.);
#7111 = VERTEX_POINT('',#7112);
#7112 = CARTESIAN_POINT('',(2.682376446323,-1.495,0.232635182233));
#7113 = CIRCLE('',#7114,0.1);
#7114 = AXIS2_PLACEMENT_3D('',#7115,#7116,#7117);
#7115 = CARTESIAN_POINT('',(2.780857221624,-1.495,0.25));
#7116 = DIRECTION('',(-1.110223024625E-16,1.,0.));
#7117 = DIRECTION('',(0.,0.,-1.));
#7118 = ORIENTED_EDGE('',*,*,#7119,.T.);
#7119 = EDGE_CURVE('',#7111,#7120,#7122,.T.);
#7120 = VERTEX_POINT('',#7121);
#7121 = CARTESIAN_POINT('',(2.646201938253,-1.495,0.468412044417));
#7122 = LINE('',#7123,#7124);
#7123 = CARTESIAN_POINT('',(2.682376446323,-1.495,0.232635182233));
#7124 = VECTOR('',#7125,1.);
#7125 = DIRECTION('',(-0.151652327974,-1.683679062546E-17,0.988433898356
    ));
#7126 = ORIENTED_EDGE('',*,*,#7127,.T.);
#7127 = EDGE_CURVE('',#7120,#7128,#7130,.T.);
#7128 = VERTEX_POINT('',#7129);
#7129 = CARTESIAN_POINT('',(2.4,-1.495,0.675));
#7130 = CIRCLE('',#7131,0.25);
#7131 = AXIS2_PLACEMENT_3D('',#7132,#7133,#7134);
#7132 = CARTESIAN_POINT('',(2.4,-1.495,0.425));
#7133 = DIRECTION('',(1.110223024625E-16,-1.,0.));
#7134 = DIRECTION('',(0.984807753012,1.093356242223E-16,0.173648177667)
  );
#7135 = ORIENTED_EDGE('',*,*,#7136,.T.);
#7136 = EDGE_CURVE('',#7128,#4831,#7137,.T.);
#7137 = LINE('',#7138,#7139);
#7138 = CARTESIAN_POINT('',(2.4,-1.495,0.675));
#7139 = VECTOR('',#7140,1.);
#7140 = DIRECTION('',(-1.,-1.110223024625E-16,0.));
#7141 = PLANE('',#7142);
#7142 = AXIS2_PLACEMENT_3D('',#7143,#7144,#7145);
#7143 = CARTESIAN_POINT('',(2.637203454365,-1.495,0.317854565708));
#7144 = DIRECTION('',(1.110223024625E-16,-1.,0.));
#7145 = DIRECTION('',(0.,0.,1.));
#7146 = ADVANCED_FACE('',(#7147),#7158,.F.);
#7147 = FACE_BOUND('',#7148,.F.);
#7148 = EDGE_LOOP('',(#7149,#7150,#7151,#7157));
#7149 = ORIENTED_EDGE('',*,*,#4816,.T.);
#7150 = ORIENTED_EDGE('',*,*,#6968,.T.);
#7151 = ORIENTED_EDGE('',*,*,#7152,.F.);
#7152 = EDGE_CURVE('',#7061,#6969,#7153,.T.);
#7153 = LINE('',#7154,#7155);
#7154 = CARTESIAN_POINT('',(2.498480775301,-1.495,0.442364817767));
#7155 = VECTOR('',#7156,1.);
#7156 = DIRECTION('',(1.110223024625E-16,-1.,0.));
#7157 = ORIENTED_EDGE('',*,*,#7060,.F.);
#7158 = CYLINDRICAL_SURFACE('',#7159,0.1);
#7159 = AXIS2_PLACEMENT_3D('',#7160,#7161,#7162);
#7160 = CARTESIAN_POINT('',(2.4,-1.495,0.425));
#7161 = DIRECTION('',(-1.110223024625E-16,1.,0.));
#7162 = DIRECTION('',(4.440892098501E-15,4.930380657631E-31,1.));
#7163 = ADVANCED_FACE('',(#7164),#7180,.T.);
#7164 = FACE_BOUND('',#7165,.T.);
#7165 = EDGE_LOOP('',(#7166,#7167,#7173,#7174));
#7166 = ORIENTED_EDGE('',*,*,#4847,.T.);
#7167 = ORIENTED_EDGE('',*,*,#7168,.T.);
#7168 = EDGE_CURVE('',#4840,#5290,#7169,.T.);
#7169 = LINE('',#7170,#7171);
#7170 = CARTESIAN_POINT('',(2.4,-1.105,0.675));
#7171 = VECTOR('',#7172,1.);
#7172 = DIRECTION('',(-1.,-1.110223024625E-16,0.));
#7173 = ORIENTED_EDGE('',*,*,#5289,.F.);
#7174 = ORIENTED_EDGE('',*,*,#7175,.F.);
#7175 = EDGE_CURVE('',#4831,#5282,#7176,.T.);
#7176 = LINE('',#7177,#7178);
#7177 = CARTESIAN_POINT('',(2.4,-1.495,0.675));
#7178 = VECTOR('',#7179,1.);
#7179 = DIRECTION('',(-1.,-1.110223024625E-16,0.));
#7180 = PLANE('',#7181);
#7181 = AXIS2_PLACEMENT_3D('',#7182,#7183,#7184);
#7182 = CARTESIAN_POINT('',(-2.175,-2.561541428923E-16,0.675));
#7183 = DIRECTION('',(2.761013168274E-27,-5.587354617935E-32,1.));
#7184 = DIRECTION('',(1.108818684461E-16,-1.,-5.587354617966E-32));
#7185 = ADVANCED_FACE('',(#7186),#7272,.T.);
#7186 = FACE_BOUND('',#7187,.T.);
#7187 = EDGE_LOOP('',(#7188,#7189,#7190,#7199,#7207,#7216,#7224,#7232,
    #7240,#7249,#7257,#7266));
#7188 = ORIENTED_EDGE('',*,*,#4839,.T.);
#7189 = ORIENTED_EDGE('',*,*,#4870,.T.);
#7190 = ORIENTED_EDGE('',*,*,#7191,.T.);
#7191 = EDGE_CURVE('',#4871,#7192,#7194,.T.);
#7192 = VERTEX_POINT('',#7193);
#7193 = CARTESIAN_POINT('',(2.498480775301,-1.105,0.442364817767));
#7194 = CIRCLE('',#7195,0.1);
#7195 = AXIS2_PLACEMENT_3D('',#7196,#7197,#7198);
#7196 = CARTESIAN_POINT('',(2.4,-1.105,0.425));
#7197 = DIRECTION('',(-1.110223024625E-16,1.,0.));
#7198 = DIRECTION('',(4.440892098501E-15,4.930380657631E-31,1.));
#7199 = ORIENTED_EDGE('',*,*,#7200,.T.);
#7200 = EDGE_CURVE('',#7192,#7201,#7203,.T.);
#7201 = VERTEX_POINT('',#7202);
#7202 = CARTESIAN_POINT('',(2.534655283371,-1.105,0.206587955583));
#7203 = LINE('',#7204,#7205);
#7204 = CARTESIAN_POINT('',(2.498480775301,-1.105,0.442364817767));
#7205 = VECTOR('',#7206,1.);
#7206 = DIRECTION('',(0.151652327974,1.683679062546E-17,-0.988433898356)
  );
#7207 = ORIENTED_EDGE('',*,*,#7208,.T.);
#7208 = EDGE_CURVE('',#7201,#7209,#7211,.T.);
#7209 = VERTEX_POINT('',#7210);
#7210 = CARTESIAN_POINT('',(2.780857221624,-1.105,-1.665334536938E-16));
#7211 = CIRCLE('',#7212,0.25);
#7212 = AXIS2_PLACEMENT_3D('',#7213,#7214,#7215);
#7213 = CARTESIAN_POINT('',(2.780857221624,-1.105,0.25));
#7214 = DIRECTION('',(1.110223024625E-16,-1.,0.));
#7215 = DIRECTION('',(-0.984807753012,-1.093356242223E-16,
    -0.173648177667));
#7216 = ORIENTED_EDGE('',*,*,#7217,.T.);
#7217 = EDGE_CURVE('',#7209,#7218,#7220,.T.);
#7218 = VERTEX_POINT('',#7219);
#7219 = CARTESIAN_POINT('',(3.2,-1.105,-1.665334536938E-16));
#7220 = LINE('',#7221,#7222);
#7221 = CARTESIAN_POINT('',(2.780857221624,-1.105,-1.665334536938E-16));
#7222 = VECTOR('',#7223,1.);
#7223 = DIRECTION('',(1.,1.110223024625E-16,0.));
#7224 = ORIENTED_EDGE('',*,*,#7225,.T.);
#7225 = EDGE_CURVE('',#7218,#7226,#7228,.T.);
#7226 = VERTEX_POINT('',#7227);
#7227 = CARTESIAN_POINT('',(3.2,-1.105,0.15));
#7228 = LINE('',#7229,#7230);
#7229 = CARTESIAN_POINT('',(3.2,-1.105,-1.665334536938E-16));
#7230 = VECTOR('',#7231,1.);
#7231 = DIRECTION('',(0.,0.,1.));
#7232 = ORIENTED_EDGE('',*,*,#7233,.T.);
#7233 = EDGE_CURVE('',#7226,#7234,#7236,.T.);
#7234 = VERTEX_POINT('',#7235);
#7235 = CARTESIAN_POINT('',(2.780857221624,-1.105,0.15));
#7236 = LINE('',#7237,#7238);
#7237 = CARTESIAN_POINT('',(3.2,-1.105,0.15));
#7238 = VECTOR('',#7239,1.);
#7239 = DIRECTION('',(-1.,-1.110223024625E-16,0.));
#7240 = ORIENTED_EDGE('',*,*,#7241,.T.);
#7241 = EDGE_CURVE('',#7234,#7242,#7244,.T.);
#7242 = VERTEX_POINT('',#7243);
#7243 = CARTESIAN_POINT('',(2.682376446323,-1.105,0.232635182233));
#7244 = CIRCLE('',#7245,0.1);
#7245 = AXIS2_PLACEMENT_3D('',#7246,#7247,#7248);
#7246 = CARTESIAN_POINT('',(2.780857221624,-1.105,0.25));
#7247 = DIRECTION('',(-1.110223024625E-16,1.,0.));
#7248 = DIRECTION('',(0.,0.,-1.));
#7249 = ORIENTED_EDGE('',*,*,#7250,.T.);
#7250 = EDGE_CURVE('',#7242,#7251,#7253,.T.);
#7251 = VERTEX_POINT('',#7252);
#7252 = CARTESIAN_POINT('',(2.646201938253,-1.105,0.468412044417));
#7253 = LINE('',#7254,#7255);
#7254 = CARTESIAN_POINT('',(2.682376446323,-1.105,0.232635182233));
#7255 = VECTOR('',#7256,1.);
#7256 = DIRECTION('',(-0.151652327974,-1.683679062546E-17,0.988433898356
    ));
#7257 = ORIENTED_EDGE('',*,*,#7258,.T.);
#7258 = EDGE_CURVE('',#7251,#7259,#7261,.T.);
#7259 = VERTEX_POINT('',#7260);
#7260 = CARTESIAN_POINT('',(2.4,-1.105,0.675));
#7261 = CIRCLE('',#7262,0.25);
#7262 = AXIS2_PLACEMENT_3D('',#7263,#7264,#7265);
#7263 = CARTESIAN_POINT('',(2.4,-1.105,0.425));
#7264 = DIRECTION('',(1.110223024625E-16,-1.,0.));
#7265 = DIRECTION('',(0.984807753012,1.093356242223E-16,0.173648177667)
  );
#7266 = ORIENTED_EDGE('',*,*,#7267,.T.);
#7267 = EDGE_CURVE('',#7259,#4840,#7268,.T.);
#7268 = LINE('',#7269,#7270);
#7269 = CARTESIAN_POINT('',(2.4,-1.105,0.675));
#7270 = VECTOR('',#7271,1.);
#7271 = DIRECTION('',(-1.,-1.110223024625E-16,0.));
#7272 = PLANE('',#7273);
#7273 = AXIS2_PLACEMENT_3D('',#7274,#7275,#7276);
#7274 = CARTESIAN_POINT('',(2.637203454365,-1.105,0.317854565708));
#7275 = DIRECTION('',(1.110223024625E-16,-1.,0.));
#7276 = DIRECTION('',(0.,0.,1.));
#7277 = ADVANCED_FACE('',(#7278),#7364,.F.);
#7278 = FACE_BOUND('',#7279,.F.);
#7279 = EDGE_LOOP('',(#7280,#7281,#7282,#7291,#7299,#7308,#7316,#7324,
    #7332,#7341,#7349,#7358));
#7280 = ORIENTED_EDGE('',*,*,#4892,.T.);
#7281 = ORIENTED_EDGE('',*,*,#4861,.T.);
#7282 = ORIENTED_EDGE('',*,*,#7283,.T.);
#7283 = EDGE_CURVE('',#4862,#7284,#7286,.T.);
#7284 = VERTEX_POINT('',#7285);
#7285 = CARTESIAN_POINT('',(2.498480775301,-0.845,0.442364817767));
#7286 = CIRCLE('',#7287,0.1);
#7287 = AXIS2_PLACEMENT_3D('',#7288,#7289,#7290);
#7288 = CARTESIAN_POINT('',(2.4,-0.845,0.425));
#7289 = DIRECTION('',(-1.110223024625E-16,1.,0.));
#7290 = DIRECTION('',(4.440892098501E-15,4.930380657631E-31,1.));
#7291 = ORIENTED_EDGE('',*,*,#7292,.T.);
#7292 = EDGE_CURVE('',#7284,#7293,#7295,.T.);
#7293 = VERTEX_POINT('',#7294);
#7294 = CARTESIAN_POINT('',(2.534655283371,-0.845,0.206587955583));
#7295 = LINE('',#7296,#7297);
#7296 = CARTESIAN_POINT('',(2.498480775301,-0.845,0.442364817767));
#7297 = VECTOR('',#7298,1.);
#7298 = DIRECTION('',(0.151652327974,1.683679062546E-17,-0.988433898356)
  );
#7299 = ORIENTED_EDGE('',*,*,#7300,.T.);
#7300 = EDGE_CURVE('',#7293,#7301,#7303,.T.);
#7301 = VERTEX_POINT('',#7302);
#7302 = CARTESIAN_POINT('',(2.780857221624,-0.845,-1.665334536938E-16));
#7303 = CIRCLE('',#7304,0.25);
#7304 = AXIS2_PLACEMENT_3D('',#7305,#7306,#7307);
#7305 = CARTESIAN_POINT('',(2.780857221624,-0.845,0.25));
#7306 = DIRECTION('',(1.110223024625E-16,-1.,0.));
#7307 = DIRECTION('',(-0.984807753012,-1.093356242223E-16,
    -0.173648177667));
#7308 = ORIENTED_EDGE('',*,*,#7309,.T.);
#7309 = EDGE_CURVE('',#7301,#7310,#7312,.T.);
#7310 = VERTEX_POINT('',#7311);
#7311 = CARTESIAN_POINT('',(3.2,-0.845,-1.665334536938E-16));
#7312 = LINE('',#7313,#7314);
#7313 = CARTESIAN_POINT('',(2.780857221624,-0.845,-1.665334536938E-16));
#7314 = VECTOR('',#7315,1.);
#7315 = DIRECTION('',(1.,1.110223024625E-16,0.));
#7316 = ORIENTED_EDGE('',*,*,#7317,.T.);
#7317 = EDGE_CURVE('',#7310,#7318,#7320,.T.);
#7318 = VERTEX_POINT('',#7319);
#7319 = CARTESIAN_POINT('',(3.2,-0.845,0.15));
#7320 = LINE('',#7321,#7322);
#7321 = CARTESIAN_POINT('',(3.2,-0.845,-1.665334536938E-16));
#7322 = VECTOR('',#7323,1.);
#7323 = DIRECTION('',(0.,0.,1.));
#7324 = ORIENTED_EDGE('',*,*,#7325,.T.);
#7325 = EDGE_CURVE('',#7318,#7326,#7328,.T.);
#7326 = VERTEX_POINT('',#7327);
#7327 = CARTESIAN_POINT('',(2.780857221624,-0.845,0.15));
#7328 = LINE('',#7329,#7330);
#7329 = CARTESIAN_POINT('',(3.2,-0.845,0.15));
#7330 = VECTOR('',#7331,1.);
#7331 = DIRECTION('',(-1.,-1.110223024625E-16,0.));
#7332 = ORIENTED_EDGE('',*,*,#7333,.T.);
#7333 = EDGE_CURVE('',#7326,#7334,#7336,.T.);
#7334 = VERTEX_POINT('',#7335);
#7335 = CARTESIAN_POINT('',(2.682376446323,-0.845,0.232635182233));
#7336 = CIRCLE('',#7337,0.1);
#7337 = AXIS2_PLACEMENT_3D('',#7338,#7339,#7340);
#7338 = CARTESIAN_POINT('',(2.780857221624,-0.845,0.25));
#7339 = DIRECTION('',(-1.110223024625E-16,1.,0.));
#7340 = DIRECTION('',(0.,0.,-1.));
#7341 = ORIENTED_EDGE('',*,*,#7342,.T.);
#7342 = EDGE_CURVE('',#7334,#7343,#7345,.T.);
#7343 = VERTEX_POINT('',#7344);
#7344 = CARTESIAN_POINT('',(2.646201938253,-0.845,0.468412044417));
#7345 = LINE('',#7346,#7347);
#7346 = CARTESIAN_POINT('',(2.682376446323,-0.845,0.232635182233));
#7347 = VECTOR('',#7348,1.);
#7348 = DIRECTION('',(-0.151652327974,-1.683679062546E-17,0.988433898356
    ));
#7349 = ORIENTED_EDGE('',*,*,#7350,.T.);
#7350 = EDGE_CURVE('',#7343,#7351,#7353,.T.);
#7351 = VERTEX_POINT('',#7352);
#7352 = CARTESIAN_POINT('',(2.4,-0.845,0.675));
#7353 = CIRCLE('',#7354,0.25);
#7354 = AXIS2_PLACEMENT_3D('',#7355,#7356,#7357);
#7355 = CARTESIAN_POINT('',(2.4,-0.845,0.425));
#7356 = DIRECTION('',(1.110223024625E-16,-1.,0.));
#7357 = DIRECTION('',(0.984807753012,1.093356242223E-16,0.173648177667)
  );
#7358 = ORIENTED_EDGE('',*,*,#7359,.T.);
#7359 = EDGE_CURVE('',#7351,#4893,#7360,.T.);
#7360 = LINE('',#7361,#7362);
#7361 = CARTESIAN_POINT('',(2.4,-0.845,0.675));
#7362 = VECTOR('',#7363,1.);
#7363 = DIRECTION('',(-1.,-1.110223024625E-16,0.));
#7364 = PLANE('',#7365);
#7365 = AXIS2_PLACEMENT_3D('',#7366,#7367,#7368);
#7366 = CARTESIAN_POINT('',(2.637203454365,-0.845,0.317854565708));
#7367 = DIRECTION('',(1.110223024625E-16,-1.,0.));
#7368 = DIRECTION('',(0.,0.,1.));
#7369 = ADVANCED_FACE('',(#7370),#7381,.F.);
#7370 = FACE_BOUND('',#7371,.F.);
#7371 = EDGE_LOOP('',(#7372,#7373,#7374,#7380));
#7372 = ORIENTED_EDGE('',*,*,#4878,.T.);
#7373 = ORIENTED_EDGE('',*,*,#7191,.T.);
#7374 = ORIENTED_EDGE('',*,*,#7375,.F.);
#7375 = EDGE_CURVE('',#7284,#7192,#7376,.T.);
#7376 = LINE('',#7377,#7378);
#7377 = CARTESIAN_POINT('',(2.498480775301,-0.845,0.442364817767));
#7378 = VECTOR('',#7379,1.);
#7379 = DIRECTION('',(1.110223024625E-16,-1.,0.));
#7380 = ORIENTED_EDGE('',*,*,#7283,.F.);
#7381 = CYLINDRICAL_SURFACE('',#7382,0.1);
#7382 = AXIS2_PLACEMENT_3D('',#7383,#7384,#7385);
#7383 = CARTESIAN_POINT('',(2.4,-0.845,0.425));
#7384 = DIRECTION('',(-1.110223024625E-16,1.,0.));
#7385 = DIRECTION('',(4.440892098501E-15,4.930380657631E-31,1.));
#7386 = ADVANCED_FACE('',(#7387),#7403,.T.);
#7387 = FACE_BOUND('',#7388,.T.);
#7388 = EDGE_LOOP('',(#7389,#7390,#7396,#7397));
#7389 = ORIENTED_EDGE('',*,*,#4909,.T.);
#7390 = ORIENTED_EDGE('',*,*,#7391,.T.);
#7391 = EDGE_CURVE('',#4902,#5306,#7392,.T.);
#7392 = LINE('',#7393,#7394);
#7393 = CARTESIAN_POINT('',(2.4,-0.455,0.675));
#7394 = VECTOR('',#7395,1.);
#7395 = DIRECTION('',(-1.,-1.110223024625E-16,0.));
#7396 = ORIENTED_EDGE('',*,*,#5305,.F.);
#7397 = ORIENTED_EDGE('',*,*,#7398,.F.);
#7398 = EDGE_CURVE('',#4893,#5298,#7399,.T.);
#7399 = LINE('',#7400,#7401);
#7400 = CARTESIAN_POINT('',(2.4,-0.845,0.675));
#7401 = VECTOR('',#7402,1.);
#7402 = DIRECTION('',(-1.,-1.110223024625E-16,0.));
#7403 = PLANE('',#7404);
#7404 = AXIS2_PLACEMENT_3D('',#7405,#7406,#7407);
#7405 = CARTESIAN_POINT('',(-2.175,-2.561541428923E-16,0.675));
#7406 = DIRECTION('',(2.761013168274E-27,-5.587354617935E-32,1.));
#7407 = DIRECTION('',(1.108818684461E-16,-1.,-5.587354617966E-32));
#7408 = ADVANCED_FACE('',(#7409),#7495,.T.);
#7409 = FACE_BOUND('',#7410,.T.);
#7410 = EDGE_LOOP('',(#7411,#7412,#7413,#7422,#7430,#7439,#7447,#7455,
    #7463,#7472,#7480,#7489));
#7411 = ORIENTED_EDGE('',*,*,#4901,.T.);
#7412 = ORIENTED_EDGE('',*,*,#4932,.T.);
#7413 = ORIENTED_EDGE('',*,*,#7414,.T.);
#7414 = EDGE_CURVE('',#4933,#7415,#7417,.T.);
#7415 = VERTEX_POINT('',#7416);
#7416 = CARTESIAN_POINT('',(2.498480775301,-0.455,0.442364817767));
#7417 = CIRCLE('',#7418,0.1);
#7418 = AXIS2_PLACEMENT_3D('',#7419,#7420,#7421);
#7419 = CARTESIAN_POINT('',(2.4,-0.455,0.425));
#7420 = DIRECTION('',(-1.110223024625E-16,1.,0.));
#7421 = DIRECTION('',(4.440892098501E-15,4.930380657631E-31,1.));
#7422 = ORIENTED_EDGE('',*,*,#7423,.T.);
#7423 = EDGE_CURVE('',#7415,#7424,#7426,.T.);
#7424 = VERTEX_POINT('',#7425);
#7425 = CARTESIAN_POINT('',(2.534655283371,-0.455,0.206587955583));
#7426 = LINE('',#7427,#7428);
#7427 = CARTESIAN_POINT('',(2.498480775301,-0.455,0.442364817767));
#7428 = VECTOR('',#7429,1.);
#7429 = DIRECTION('',(0.151652327974,1.683679062546E-17,-0.988433898356)
  );
#7430 = ORIENTED_EDGE('',*,*,#7431,.T.);
#7431 = EDGE_CURVE('',#7424,#7432,#7434,.T.);
#7432 = VERTEX_POINT('',#7433);
#7433 = CARTESIAN_POINT('',(2.780857221624,-0.455,-1.665334536938E-16));
#7434 = CIRCLE('',#7435,0.25);
#7435 = AXIS2_PLACEMENT_3D('',#7436,#7437,#7438);
#7436 = CARTESIAN_POINT('',(2.780857221624,-0.455,0.25));
#7437 = DIRECTION('',(1.110223024625E-16,-1.,0.));
#7438 = DIRECTION('',(-0.984807753012,-1.093356242223E-16,
    -0.173648177667));
#7439 = ORIENTED_EDGE('',*,*,#7440,.T.);
#7440 = EDGE_CURVE('',#7432,#7441,#7443,.T.);
#7441 = VERTEX_POINT('',#7442);
#7442 = CARTESIAN_POINT('',(3.2,-0.455,-1.665334536938E-16));
#7443 = LINE('',#7444,#7445);
#7444 = CARTESIAN_POINT('',(2.780857221624,-0.455,-1.665334536938E-16));
#7445 = VECTOR('',#7446,1.);
#7446 = DIRECTION('',(1.,1.110223024625E-16,0.));
#7447 = ORIENTED_EDGE('',*,*,#7448,.T.);
#7448 = EDGE_CURVE('',#7441,#7449,#7451,.T.);
#7449 = VERTEX_POINT('',#7450);
#7450 = CARTESIAN_POINT('',(3.2,-0.455,0.15));
#7451 = LINE('',#7452,#7453);
#7452 = CARTESIAN_POINT('',(3.2,-0.455,-1.665334536938E-16));
#7453 = VECTOR('',#7454,1.);
#7454 = DIRECTION('',(0.,0.,1.));
#7455 = ORIENTED_EDGE('',*,*,#7456,.T.);
#7456 = EDGE_CURVE('',#7449,#7457,#7459,.T.);
#7457 = VERTEX_POINT('',#7458);
#7458 = CARTESIAN_POINT('',(2.780857221624,-0.455,0.15));
#7459 = LINE('',#7460,#7461);
#7460 = CARTESIAN_POINT('',(3.2,-0.455,0.15));
#7461 = VECTOR('',#7462,1.);
#7462 = DIRECTION('',(-1.,-1.110223024625E-16,0.));
#7463 = ORIENTED_EDGE('',*,*,#7464,.T.);
#7464 = EDGE_CURVE('',#7457,#7465,#7467,.T.);
#7465 = VERTEX_POINT('',#7466);
#7466 = CARTESIAN_POINT('',(2.682376446323,-0.455,0.232635182233));
#7467 = CIRCLE('',#7468,0.1);
#7468 = AXIS2_PLACEMENT_3D('',#7469,#7470,#7471);
#7469 = CARTESIAN_POINT('',(2.780857221624,-0.455,0.25));
#7470 = DIRECTION('',(-1.110223024625E-16,1.,0.));
#7471 = DIRECTION('',(0.,0.,-1.));
#7472 = ORIENTED_EDGE('',*,*,#7473,.T.);
#7473 = EDGE_CURVE('',#7465,#7474,#7476,.T.);
#7474 = VERTEX_POINT('',#7475);
#7475 = CARTESIAN_POINT('',(2.646201938253,-0.455,0.468412044417));
#7476 = LINE('',#7477,#7478);
#7477 = CARTESIAN_POINT('',(2.682376446323,-0.455,0.232635182233));
#7478 = VECTOR('',#7479,1.);
#7479 = DIRECTION('',(-0.151652327974,-1.683679062546E-17,0.988433898356
    ));
#7480 = ORIENTED_EDGE('',*,*,#7481,.T.);
#7481 = EDGE_CURVE('',#7474,#7482,#7484,.T.);
#7482 = VERTEX_POINT('',#7483);
#7483 = CARTESIAN_POINT('',(2.4,-0.455,0.675));
#7484 = CIRCLE('',#7485,0.25);
#7485 = AXIS2_PLACEMENT_3D('',#7486,#7487,#7488);
#7486 = CARTESIAN_POINT('',(2.4,-0.455,0.425));
#7487 = DIRECTION('',(1.110223024625E-16,-1.,0.));
#7488 = DIRECTION('',(0.984807753012,1.093356242223E-16,0.173648177667)
  );
#7489 = ORIENTED_EDGE('',*,*,#7490,.T.);
#7490 = EDGE_CURVE('',#7482,#4902,#7491,.T.);
#7491 = LINE('',#7492,#7493);
#7492 = CARTESIAN_POINT('',(2.4,-0.455,0.675));
#7493 = VECTOR('',#7494,1.);
#7494 = DIRECTION('',(-1.,-1.110223024625E-16,0.));
#7495 = PLANE('',#7496);
#7496 = AXIS2_PLACEMENT_3D('',#7497,#7498,#7499);
#7497 = CARTESIAN_POINT('',(2.637203454365,-0.455,0.317854565708));
#7498 = DIRECTION('',(1.110223024625E-16,-1.,0.));
#7499 = DIRECTION('',(0.,0.,1.));
#7500 = ADVANCED_FACE('',(#7501),#7587,.F.);
#7501 = FACE_BOUND('',#7502,.F.);
#7502 = EDGE_LOOP('',(#7503,#7504,#7505,#7514,#7522,#7531,#7539,#7547,
    #7555,#7564,#7572,#7581));
#7503 = ORIENTED_EDGE('',*,*,#4954,.T.);
#7504 = ORIENTED_EDGE('',*,*,#4923,.T.);
#7505 = ORIENTED_EDGE('',*,*,#7506,.T.);
#7506 = EDGE_CURVE('',#4924,#7507,#7509,.T.);
#7507 = VERTEX_POINT('',#7508);
#7508 = CARTESIAN_POINT('',(2.498480775301,-0.195,0.442364817767));
#7509 = CIRCLE('',#7510,0.1);
#7510 = AXIS2_PLACEMENT_3D('',#7511,#7512,#7513);
#7511 = CARTESIAN_POINT('',(2.4,-0.195,0.425));
#7512 = DIRECTION('',(-1.110223024625E-16,1.,0.));
#7513 = DIRECTION('',(4.440892098501E-15,4.930380657631E-31,1.));
#7514 = ORIENTED_EDGE('',*,*,#7515,.T.);
#7515 = EDGE_CURVE('',#7507,#7516,#7518,.T.);
#7516 = VERTEX_POINT('',#7517);
#7517 = CARTESIAN_POINT('',(2.534655283371,-0.195,0.206587955583));
#7518 = LINE('',#7519,#7520);
#7519 = CARTESIAN_POINT('',(2.498480775301,-0.195,0.442364817767));
#7520 = VECTOR('',#7521,1.);
#7521 = DIRECTION('',(0.151652327974,1.683679062546E-17,-0.988433898356)
  );
#7522 = ORIENTED_EDGE('',*,*,#7523,.T.);
#7523 = EDGE_CURVE('',#7516,#7524,#7526,.T.);
#7524 = VERTEX_POINT('',#7525);
#7525 = CARTESIAN_POINT('',(2.780857221624,-0.195,-1.665334536938E-16));
#7526 = CIRCLE('',#7527,0.25);
#7527 = AXIS2_PLACEMENT_3D('',#7528,#7529,#7530);
#7528 = CARTESIAN_POINT('',(2.780857221624,-0.195,0.25));
#7529 = DIRECTION('',(1.110223024625E-16,-1.,0.));
#7530 = DIRECTION('',(-0.984807753012,-1.093356242223E-16,
    -0.173648177667));
#7531 = ORIENTED_EDGE('',*,*,#7532,.T.);
#7532 = EDGE_CURVE('',#7524,#7533,#7535,.T.);
#7533 = VERTEX_POINT('',#7534);
#7534 = CARTESIAN_POINT('',(3.2,-0.195,-1.665334536938E-16));
#7535 = LINE('',#7536,#7537);
#7536 = CARTESIAN_POINT('',(2.780857221624,-0.195,-1.665334536938E-16));
#7537 = VECTOR('',#7538,1.);
#7538 = DIRECTION('',(1.,1.110223024625E-16,0.));
#7539 = ORIENTED_EDGE('',*,*,#7540,.T.);
#7540 = EDGE_CURVE('',#7533,#7541,#7543,.T.);
#7541 = VERTEX_POINT('',#7542);
#7542 = CARTESIAN_POINT('',(3.2,-0.195,0.15));
#7543 = LINE('',#7544,#7545);
#7544 = CARTESIAN_POINT('',(3.2,-0.195,-1.665334536938E-16));
#7545 = VECTOR('',#7546,1.);
#7546 = DIRECTION('',(0.,0.,1.));
#7547 = ORIENTED_EDGE('',*,*,#7548,.T.);
#7548 = EDGE_CURVE('',#7541,#7549,#7551,.T.);
#7549 = VERTEX_POINT('',#7550);
#7550 = CARTESIAN_POINT('',(2.780857221624,-0.195,0.15));
#7551 = LINE('',#7552,#7553);
#7552 = CARTESIAN_POINT('',(3.2,-0.195,0.15));
#7553 = VECTOR('',#7554,1.);
#7554 = DIRECTION('',(-1.,-1.110223024625E-16,0.));
#7555 = ORIENTED_EDGE('',*,*,#7556,.T.);
#7556 = EDGE_CURVE('',#7549,#7557,#7559,.T.);
#7557 = VERTEX_POINT('',#7558);
#7558 = CARTESIAN_POINT('',(2.682376446323,-0.195,0.232635182233));
#7559 = CIRCLE('',#7560,0.1);
#7560 = AXIS2_PLACEMENT_3D('',#7561,#7562,#7563);
#7561 = CARTESIAN_POINT('',(2.780857221624,-0.195,0.25));
#7562 = DIRECTION('',(-1.110223024625E-16,1.,0.));
#7563 = DIRECTION('',(0.,0.,-1.));
#7564 = ORIENTED_EDGE('',*,*,#7565,.T.);
#7565 = EDGE_CURVE('',#7557,#7566,#7568,.T.);
#7566 = VERTEX_POINT('',#7567);
#7567 = CARTESIAN_POINT('',(2.646201938253,-0.195,0.468412044417));
#7568 = LINE('',#7569,#7570);
#7569 = CARTESIAN_POINT('',(2.682376446323,-0.195,0.232635182233));
#7570 = VECTOR('',#7571,1.);
#7571 = DIRECTION('',(-0.151652327974,-1.683679062546E-17,0.988433898356
    ));
#7572 = ORIENTED_EDGE('',*,*,#7573,.T.);
#7573 = EDGE_CURVE('',#7566,#7574,#7576,.T.);
#7574 = VERTEX_POINT('',#7575);
#7575 = CARTESIAN_POINT('',(2.4,-0.195,0.675));
#7576 = CIRCLE('',#7577,0.25);
#7577 = AXIS2_PLACEMENT_3D('',#7578,#7579,#7580);
#7578 = CARTESIAN_POINT('',(2.4,-0.195,0.425));
#7579 = DIRECTION('',(1.110223024625E-16,-1.,0.));
#7580 = DIRECTION('',(0.984807753012,1.093356242223E-16,0.173648177667)
  );
#7581 = ORIENTED_EDGE('',*,*,#7582,.T.);
#7582 = EDGE_CURVE('',#7574,#4955,#7583,.T.);
#7583 = LINE('',#7584,#7585);
#7584 = CARTESIAN_POINT('',(2.4,-0.195,0.675));
#7585 = VECTOR('',#7586,1.);
#7586 = DIRECTION('',(-1.,-1.110223024625E-16,0.));
#7587 = PLANE('',#7588);
#7588 = AXIS2_PLACEMENT_3D('',#7589,#7590,#7591);
#7589 = CARTESIAN_POINT('',(2.637203454365,-0.195,0.317854565708));
#7590 = DIRECTION('',(1.110223024625E-16,-1.,0.));
#7591 = DIRECTION('',(0.,0.,1.));
#7592 = ADVANCED_FACE('',(#7593),#7604,.F.);
#7593 = FACE_BOUND('',#7594,.F.);
#7594 = EDGE_LOOP('',(#7595,#7596,#7597,#7603));
#7595 = ORIENTED_EDGE('',*,*,#4940,.T.);
#7596 = ORIENTED_EDGE('',*,*,#7414,.T.);
#7597 = ORIENTED_EDGE('',*,*,#7598,.F.);
#7598 = EDGE_CURVE('',#7507,#7415,#7599,.T.);
#7599 = LINE('',#7600,#7601);
#7600 = CARTESIAN_POINT('',(2.498480775301,-0.195,0.442364817767));
#7601 = VECTOR('',#7602,1.);
#7602 = DIRECTION('',(1.110223024625E-16,-1.,0.));
#7603 = ORIENTED_EDGE('',*,*,#7506,.F.);
#7604 = CYLINDRICAL_SURFACE('',#7605,0.1);
#7605 = AXIS2_PLACEMENT_3D('',#7606,#7607,#7608);
#7606 = CARTESIAN_POINT('',(2.4,-0.195,0.425));
#7607 = DIRECTION('',(-1.110223024625E-16,1.,0.));
#7608 = DIRECTION('',(4.440892098501E-15,4.930380657631E-31,1.));
#7609 = ADVANCED_FACE('',(#7610),#7626,.T.);
#7610 = FACE_BOUND('',#7611,.T.);
#7611 = EDGE_LOOP('',(#7612,#7613,#7619,#7620));
#7612 = ORIENTED_EDGE('',*,*,#4971,.T.);
#7613 = ORIENTED_EDGE('',*,*,#7614,.T.);
#7614 = EDGE_CURVE('',#4964,#5322,#7615,.T.);
#7615 = LINE('',#7616,#7617);
#7616 = CARTESIAN_POINT('',(2.4,0.195,0.675));
#7617 = VECTOR('',#7618,1.);
#7618 = DIRECTION('',(-1.,-1.110223024625E-16,0.));
#7619 = ORIENTED_EDGE('',*,*,#5321,.F.);
#7620 = ORIENTED_EDGE('',*,*,#7621,.F.);
#7621 = EDGE_CURVE('',#4955,#5314,#7622,.T.);
#7622 = LINE('',#7623,#7624);
#7623 = CARTESIAN_POINT('',(2.4,-0.195,0.675));
#7624 = VECTOR('',#7625,1.);
#7625 = DIRECTION('',(-1.,-1.110223024625E-16,0.));
#7626 = PLANE('',#7627);
#7627 = AXIS2_PLACEMENT_3D('',#7628,#7629,#7630);
#7628 = CARTESIAN_POINT('',(-2.175,-2.561541428923E-16,0.675));
#7629 = DIRECTION('',(2.761013168274E-27,-5.587354617935E-32,1.));
#7630 = DIRECTION('',(1.108818684461E-16,-1.,-5.587354617966E-32));
#7631 = ADVANCED_FACE('',(#7632),#7718,.T.);
#7632 = FACE_BOUND('',#7633,.T.);
#7633 = EDGE_LOOP('',(#7634,#7635,#7636,#7645,#7653,#7662,#7670,#7678,
    #7686,#7695,#7703,#7712));
#7634 = ORIENTED_EDGE('',*,*,#4963,.T.);
#7635 = ORIENTED_EDGE('',*,*,#4994,.T.);
#7636 = ORIENTED_EDGE('',*,*,#7637,.T.);
#7637 = EDGE_CURVE('',#4995,#7638,#7640,.T.);
#7638 = VERTEX_POINT('',#7639);
#7639 = CARTESIAN_POINT('',(2.498480775301,0.195,0.442364817767));
#7640 = CIRCLE('',#7641,0.1);
#7641 = AXIS2_PLACEMENT_3D('',#7642,#7643,#7644);
#7642 = CARTESIAN_POINT('',(2.4,0.195,0.425));
#7643 = DIRECTION('',(-1.110223024625E-16,1.,0.));
#7644 = DIRECTION('',(4.440892098501E-15,4.930380657631E-31,1.));
#7645 = ORIENTED_EDGE('',*,*,#7646,.T.);
#7646 = EDGE_CURVE('',#7638,#7647,#7649,.T.);
#7647 = VERTEX_POINT('',#7648);
#7648 = CARTESIAN_POINT('',(2.534655283371,0.195,0.206587955583));
#7649 = LINE('',#7650,#7651);
#7650 = CARTESIAN_POINT('',(2.498480775301,0.195,0.442364817767));
#7651 = VECTOR('',#7652,1.);
#7652 = DIRECTION('',(0.151652327974,1.683679062546E-17,-0.988433898356)
  );
#7653 = ORIENTED_EDGE('',*,*,#7654,.T.);
#7654 = EDGE_CURVE('',#7647,#7655,#7657,.T.);
#7655 = VERTEX_POINT('',#7656);
#7656 = CARTESIAN_POINT('',(2.780857221624,0.195,-1.665334536938E-16));
#7657 = CIRCLE('',#7658,0.25);
#7658 = AXIS2_PLACEMENT_3D('',#7659,#7660,#7661);
#7659 = CARTESIAN_POINT('',(2.780857221624,0.195,0.25));
#7660 = DIRECTION('',(1.110223024625E-16,-1.,0.));
#7661 = DIRECTION('',(-0.984807753012,-1.093356242223E-16,
    -0.173648177667));
#7662 = ORIENTED_EDGE('',*,*,#7663,.T.);
#7663 = EDGE_CURVE('',#7655,#7664,#7666,.T.);
#7664 = VERTEX_POINT('',#7665);
#7665 = CARTESIAN_POINT('',(3.2,0.195,-1.665334536938E-16));
#7666 = LINE('',#7667,#7668);
#7667 = CARTESIAN_POINT('',(2.780857221624,0.195,-1.665334536938E-16));
#7668 = VECTOR('',#7669,1.);
#7669 = DIRECTION('',(1.,1.110223024625E-16,0.));
#7670 = ORIENTED_EDGE('',*,*,#7671,.T.);
#7671 = EDGE_CURVE('',#7664,#7672,#7674,.T.);
#7672 = VERTEX_POINT('',#7673);
#7673 = CARTESIAN_POINT('',(3.2,0.195,0.15));
#7674 = LINE('',#7675,#7676);
#7675 = CARTESIAN_POINT('',(3.2,0.195,-1.665334536938E-16));
#7676 = VECTOR('',#7677,1.);
#7677 = DIRECTION('',(0.,0.,1.));
#7678 = ORIENTED_EDGE('',*,*,#7679,.T.);
#7679 = EDGE_CURVE('',#7672,#7680,#7682,.T.);
#7680 = VERTEX_POINT('',#7681);
#7681 = CARTESIAN_POINT('',(2.780857221624,0.195,0.15));
#7682 = LINE('',#7683,#7684);
#7683 = CARTESIAN_POINT('',(3.2,0.195,0.15));
#7684 = VECTOR('',#7685,1.);
#7685 = DIRECTION('',(-1.,-1.110223024625E-16,0.));
#7686 = ORIENTED_EDGE('',*,*,#7687,.T.);
#7687 = EDGE_CURVE('',#7680,#7688,#7690,.T.);
#7688 = VERTEX_POINT('',#7689);
#7689 = CARTESIAN_POINT('',(2.682376446323,0.195,0.232635182233));
#7690 = CIRCLE('',#7691,0.1);
#7691 = AXIS2_PLACEMENT_3D('',#7692,#7693,#7694);
#7692 = CARTESIAN_POINT('',(2.780857221624,0.195,0.25));
#7693 = DIRECTION('',(-1.110223024625E-16,1.,0.));
#7694 = DIRECTION('',(0.,0.,-1.));
#7695 = ORIENTED_EDGE('',*,*,#7696,.T.);
#7696 = EDGE_CURVE('',#7688,#7697,#7699,.T.);
#7697 = VERTEX_POINT('',#7698);
#7698 = CARTESIAN_POINT('',(2.646201938253,0.195,0.468412044417));
#7699 = LINE('',#7700,#7701);
#7700 = CARTESIAN_POINT('',(2.682376446323,0.195,0.232635182233));
#7701 = VECTOR('',#7702,1.);
#7702 = DIRECTION('',(-0.151652327974,-1.683679062546E-17,0.988433898356
    ));
#7703 = ORIENTED_EDGE('',*,*,#7704,.T.);
#7704 = EDGE_CURVE('',#7697,#7705,#7707,.T.);
#7705 = VERTEX_POINT('',#7706);
#7706 = CARTESIAN_POINT('',(2.4,0.195,0.675));
#7707 = CIRCLE('',#7708,0.25);
#7708 = AXIS2_PLACEMENT_3D('',#7709,#7710,#7711);
#7709 = CARTESIAN_POINT('',(2.4,0.195,0.425));
#7710 = DIRECTION('',(1.110223024625E-16,-1.,0.));
#7711 = DIRECTION('',(0.984807753012,1.093356242223E-16,0.173648177667)
  );
#7712 = ORIENTED_EDGE('',*,*,#7713,.T.);
#7713 = EDGE_CURVE('',#7705,#4964,#7714,.T.);
#7714 = LINE('',#7715,#7716);
#7715 = CARTESIAN_POINT('',(2.4,0.195,0.675));
#7716 = VECTOR('',#7717,1.);
#7717 = DIRECTION('',(-1.,-1.110223024625E-16,0.));
#7718 = PLANE('',#7719);
#7719 = AXIS2_PLACEMENT_3D('',#7720,#7721,#7722);
#7720 = CARTESIAN_POINT('',(2.637203454365,0.195,0.317854565708));
#7721 = DIRECTION('',(1.110223024625E-16,-1.,0.));
#7722 = DIRECTION('',(0.,0.,1.));
#7723 = ADVANCED_FACE('',(#7724),#7810,.F.);
#7724 = FACE_BOUND('',#7725,.F.);
#7725 = EDGE_LOOP('',(#7726,#7727,#7728,#7737,#7745,#7754,#7762,#7770,
    #7778,#7787,#7795,#7804));
#7726 = ORIENTED_EDGE('',*,*,#5016,.T.);
#7727 = ORIENTED_EDGE('',*,*,#4985,.T.);
#7728 = ORIENTED_EDGE('',*,*,#7729,.T.);
#7729 = EDGE_CURVE('',#4986,#7730,#7732,.T.);
#7730 = VERTEX_POINT('',#7731);
#7731 = CARTESIAN_POINT('',(2.498480775301,0.455,0.442364817767));
#7732 = CIRCLE('',#7733,0.1);
#7733 = AXIS2_PLACEMENT_3D('',#7734,#7735,#7736);
#7734 = CARTESIAN_POINT('',(2.4,0.455,0.425));
#7735 = DIRECTION('',(-1.110223024625E-16,1.,0.));
#7736 = DIRECTION('',(4.440892098501E-15,4.930380657631E-31,1.));
#7737 = ORIENTED_EDGE('',*,*,#7738,.T.);
#7738 = EDGE_CURVE('',#7730,#7739,#7741,.T.);
#7739 = VERTEX_POINT('',#7740);
#7740 = CARTESIAN_POINT('',(2.534655283371,0.455,0.206587955583));
#7741 = LINE('',#7742,#7743);
#7742 = CARTESIAN_POINT('',(2.498480775301,0.455,0.442364817767));
#7743 = VECTOR('',#7744,1.);
#7744 = DIRECTION('',(0.151652327974,1.683679062546E-17,-0.988433898356)
  );
#7745 = ORIENTED_EDGE('',*,*,#7746,.T.);
#7746 = EDGE_CURVE('',#7739,#7747,#7749,.T.);
#7747 = VERTEX_POINT('',#7748);
#7748 = CARTESIAN_POINT('',(2.780857221624,0.455,-1.665334536938E-16));
#7749 = CIRCLE('',#7750,0.25);
#7750 = AXIS2_PLACEMENT_3D('',#7751,#7752,#7753);
#7751 = CARTESIAN_POINT('',(2.780857221624,0.455,0.25));
#7752 = DIRECTION('',(1.110223024625E-16,-1.,0.));
#7753 = DIRECTION('',(-0.984807753012,-1.093356242223E-16,
    -0.173648177667));
#7754 = ORIENTED_EDGE('',*,*,#7755,.T.);
#7755 = EDGE_CURVE('',#7747,#7756,#7758,.T.);
#7756 = VERTEX_POINT('',#7757);
#7757 = CARTESIAN_POINT('',(3.2,0.455,-1.665334536938E-16));
#7758 = LINE('',#7759,#7760);
#7759 = CARTESIAN_POINT('',(2.780857221624,0.455,-1.665334536938E-16));
#7760 = VECTOR('',#7761,1.);
#7761 = DIRECTION('',(1.,1.110223024625E-16,0.));
#7762 = ORIENTED_EDGE('',*,*,#7763,.T.);
#7763 = EDGE_CURVE('',#7756,#7764,#7766,.T.);
#7764 = VERTEX_POINT('',#7765);
#7765 = CARTESIAN_POINT('',(3.2,0.455,0.15));
#7766 = LINE('',#7767,#7768);
#7767 = CARTESIAN_POINT('',(3.2,0.455,-1.665334536938E-16));
#7768 = VECTOR('',#7769,1.);
#7769 = DIRECTION('',(0.,0.,1.));
#7770 = ORIENTED_EDGE('',*,*,#7771,.T.);
#7771 = EDGE_CURVE('',#7764,#7772,#7774,.T.);
#7772 = VERTEX_POINT('',#7773);
#7773 = CARTESIAN_POINT('',(2.780857221624,0.455,0.15));
#7774 = LINE('',#7775,#7776);
#7775 = CARTESIAN_POINT('',(3.2,0.455,0.15));
#7776 = VECTOR('',#7777,1.);
#7777 = DIRECTION('',(-1.,-1.110223024625E-16,0.));
#7778 = ORIENTED_EDGE('',*,*,#7779,.T.);
#7779 = EDGE_CURVE('',#7772,#7780,#7782,.T.);
#7780 = VERTEX_POINT('',#7781);
#7781 = CARTESIAN_POINT('',(2.682376446323,0.455,0.232635182233));
#7782 = CIRCLE('',#7783,0.1);
#7783 = AXIS2_PLACEMENT_3D('',#7784,#7785,#7786);
#7784 = CARTESIAN_POINT('',(2.780857221624,0.455,0.25));
#7785 = DIRECTION('',(-1.110223024625E-16,1.,0.));
#7786 = DIRECTION('',(0.,0.,-1.));
#7787 = ORIENTED_EDGE('',*,*,#7788,.T.);
#7788 = EDGE_CURVE('',#7780,#7789,#7791,.T.);
#7789 = VERTEX_POINT('',#7790);
#7790 = CARTESIAN_POINT('',(2.646201938253,0.455,0.468412044417));
#7791 = LINE('',#7792,#7793);
#7792 = CARTESIAN_POINT('',(2.682376446323,0.455,0.232635182233));
#7793 = VECTOR('',#7794,1.);
#7794 = DIRECTION('',(-0.151652327974,-1.683679062546E-17,0.988433898356
    ));
#7795 = ORIENTED_EDGE('',*,*,#7796,.T.);
#7796 = EDGE_CURVE('',#7789,#7797,#7799,.T.);
#7797 = VERTEX_POINT('',#7798);
#7798 = CARTESIAN_POINT('',(2.4,0.455,0.675));
#7799 = CIRCLE('',#7800,0.25);
#7800 = AXIS2_PLACEMENT_3D('',#7801,#7802,#7803);
#7801 = CARTESIAN_POINT('',(2.4,0.455,0.425));
#7802 = DIRECTION('',(1.110223024625E-16,-1.,0.));
#7803 = DIRECTION('',(0.984807753012,1.093356242223E-16,0.173648177667)
  );
#7804 = ORIENTED_EDGE('',*,*,#7805,.T.);
#7805 = EDGE_CURVE('',#7797,#5017,#7806,.T.);
#7806 = LINE('',#7807,#7808);
#7807 = CARTESIAN_POINT('',(2.4,0.455,0.675));
#7808 = VECTOR('',#7809,1.);
#7809 = DIRECTION('',(-1.,-1.110223024625E-16,0.));
#7810 = PLANE('',#7811);
#7811 = AXIS2_PLACEMENT_3D('',#7812,#7813,#7814);
#7812 = CARTESIAN_POINT('',(2.637203454365,0.455,0.317854565708));
#7813 = DIRECTION('',(1.110223024625E-16,-1.,0.));
#7814 = DIRECTION('',(0.,0.,1.));
#7815 = ADVANCED_FACE('',(#7816),#7827,.F.);
#7816 = FACE_BOUND('',#7817,.F.);
#7817 = EDGE_LOOP('',(#7818,#7819,#7820,#7826));
#7818 = ORIENTED_EDGE('',*,*,#5002,.T.);
#7819 = ORIENTED_EDGE('',*,*,#7637,.T.);
#7820 = ORIENTED_EDGE('',*,*,#7821,.F.);
#7821 = EDGE_CURVE('',#7730,#7638,#7822,.T.);
#7822 = LINE('',#7823,#7824);
#7823 = CARTESIAN_POINT('',(2.498480775301,0.455,0.442364817767));
#7824 = VECTOR('',#7825,1.);
#7825 = DIRECTION('',(1.110223024625E-16,-1.,0.));
#7826 = ORIENTED_EDGE('',*,*,#7729,.F.);
#7827 = CYLINDRICAL_SURFACE('',#7828,0.1);
#7828 = AXIS2_PLACEMENT_3D('',#7829,#7830,#7831);
#7829 = CARTESIAN_POINT('',(2.4,0.455,0.425));
#7830 = DIRECTION('',(-1.110223024625E-16,1.,0.));
#7831 = DIRECTION('',(4.440892098501E-15,4.930380657631E-31,1.));
#7832 = ADVANCED_FACE('',(#7833),#7849,.T.);
#7833 = FACE_BOUND('',#7834,.T.);
#7834 = EDGE_LOOP('',(#7835,#7836,#7842,#7843));
#7835 = ORIENTED_EDGE('',*,*,#5033,.T.);
#7836 = ORIENTED_EDGE('',*,*,#7837,.T.);
#7837 = EDGE_CURVE('',#5026,#5338,#7838,.T.);
#7838 = LINE('',#7839,#7840);
#7839 = CARTESIAN_POINT('',(2.4,0.845,0.675));
#7840 = VECTOR('',#7841,1.);
#7841 = DIRECTION('',(-1.,-1.110223024625E-16,0.));
#7842 = ORIENTED_EDGE('',*,*,#5337,.F.);
#7843 = ORIENTED_EDGE('',*,*,#7844,.F.);
#7844 = EDGE_CURVE('',#5017,#5330,#7845,.T.);
#7845 = LINE('',#7846,#7847);
#7846 = CARTESIAN_POINT('',(2.4,0.455,0.675));
#7847 = VECTOR('',#7848,1.);
#7848 = DIRECTION('',(-1.,-1.110223024625E-16,0.));
#7849 = PLANE('',#7850);
#7850 = AXIS2_PLACEMENT_3D('',#7851,#7852,#7853);
#7851 = CARTESIAN_POINT('',(-2.175,-2.561541428923E-16,0.675));
#7852 = DIRECTION('',(2.761013168274E-27,-5.587354617935E-32,1.));
#7853 = DIRECTION('',(1.108818684461E-16,-1.,-5.587354617966E-32));
#7854 = ADVANCED_FACE('',(#7855),#7941,.T.);
#7855 = FACE_BOUND('',#7856,.T.);
#7856 = EDGE_LOOP('',(#7857,#7858,#7859,#7868,#7876,#7885,#7893,#7901,
    #7909,#7918,#7926,#7935));
#7857 = ORIENTED_EDGE('',*,*,#5025,.T.);
#7858 = ORIENTED_EDGE('',*,*,#5056,.T.);
#7859 = ORIENTED_EDGE('',*,*,#7860,.T.);
#7860 = EDGE_CURVE('',#5057,#7861,#7863,.T.);
#7861 = VERTEX_POINT('',#7862);
#7862 = CARTESIAN_POINT('',(2.498480775301,0.845,0.442364817767));
#7863 = CIRCLE('',#7864,0.1);
#7864 = AXIS2_PLACEMENT_3D('',#7865,#7866,#7867);
#7865 = CARTESIAN_POINT('',(2.4,0.845,0.425));
#7866 = DIRECTION('',(-1.110223024625E-16,1.,0.));
#7867 = DIRECTION('',(4.440892098501E-15,4.930380657631E-31,1.));
#7868 = ORIENTED_EDGE('',*,*,#7869,.T.);
#7869 = EDGE_CURVE('',#7861,#7870,#7872,.T.);
#7870 = VERTEX_POINT('',#7871);
#7871 = CARTESIAN_POINT('',(2.534655283371,0.845,0.206587955583));
#7872 = LINE('',#7873,#7874);
#7873 = CARTESIAN_POINT('',(2.498480775301,0.845,0.442364817767));
#7874 = VECTOR('',#7875,1.);
#7875 = DIRECTION('',(0.151652327974,1.683679062546E-17,-0.988433898356)
  );
#7876 = ORIENTED_EDGE('',*,*,#7877,.T.);
#7877 = EDGE_CURVE('',#7870,#7878,#7880,.T.);
#7878 = VERTEX_POINT('',#7879);
#7879 = CARTESIAN_POINT('',(2.780857221624,0.845,-1.665334536938E-16));
#7880 = CIRCLE('',#7881,0.25);
#7881 = AXIS2_PLACEMENT_3D('',#7882,#7883,#7884);
#7882 = CARTESIAN_POINT('',(2.780857221624,0.845,0.25));
#7883 = DIRECTION('',(1.110223024625E-16,-1.,0.));
#7884 = DIRECTION('',(-0.984807753012,-1.093356242223E-16,
    -0.173648177667));
#7885 = ORIENTED_EDGE('',*,*,#7886,.T.);
#7886 = EDGE_CURVE('',#7878,#7887,#7889,.T.);
#7887 = VERTEX_POINT('',#7888);
#7888 = CARTESIAN_POINT('',(3.2,0.845,-1.665334536938E-16));
#7889 = LINE('',#7890,#7891);
#7890 = CARTESIAN_POINT('',(2.780857221624,0.845,-1.665334536938E-16));
#7891 = VECTOR('',#7892,1.);
#7892 = DIRECTION('',(1.,1.110223024625E-16,0.));
#7893 = ORIENTED_EDGE('',*,*,#7894,.T.);
#7894 = EDGE_CURVE('',#7887,#7895,#7897,.T.);
#7895 = VERTEX_POINT('',#7896);
#7896 = CARTESIAN_POINT('',(3.2,0.845,0.15));
#7897 = LINE('',#7898,#7899);
#7898 = CARTESIAN_POINT('',(3.2,0.845,-1.665334536938E-16));
#7899 = VECTOR('',#7900,1.);
#7900 = DIRECTION('',(0.,0.,1.));
#7901 = ORIENTED_EDGE('',*,*,#7902,.T.);
#7902 = EDGE_CURVE('',#7895,#7903,#7905,.T.);
#7903 = VERTEX_POINT('',#7904);
#7904 = CARTESIAN_POINT('',(2.780857221624,0.845,0.15));
#7905 = LINE('',#7906,#7907);
#7906 = CARTESIAN_POINT('',(3.2,0.845,0.15));
#7907 = VECTOR('',#7908,1.);
#7908 = DIRECTION('',(-1.,-1.110223024625E-16,0.));
#7909 = ORIENTED_EDGE('',*,*,#7910,.T.);
#7910 = EDGE_CURVE('',#7903,#7911,#7913,.T.);
#7911 = VERTEX_POINT('',#7912);
#7912 = CARTESIAN_POINT('',(2.682376446323,0.845,0.232635182233));
#7913 = CIRCLE('',#7914,0.1);
#7914 = AXIS2_PLACEMENT_3D('',#7915,#7916,#7917);
#7915 = CARTESIAN_POINT('',(2.780857221624,0.845,0.25));
#7916 = DIRECTION('',(-1.110223024625E-16,1.,0.));
#7917 = DIRECTION('',(0.,0.,-1.));
#7918 = ORIENTED_EDGE('',*,*,#7919,.T.);
#7919 = EDGE_CURVE('',#7911,#7920,#7922,.T.);
#7920 = VERTEX_POINT('',#7921);
#7921 = CARTESIAN_POINT('',(2.646201938253,0.845,0.468412044417));
#7922 = LINE('',#7923,#7924);
#7923 = CARTESIAN_POINT('',(2.682376446323,0.845,0.232635182233));
#7924 = VECTOR('',#7925,1.);
#7925 = DIRECTION('',(-0.151652327974,-1.683679062546E-17,0.988433898356
    ));
#7926 = ORIENTED_EDGE('',*,*,#7927,.T.);
#7927 = EDGE_CURVE('',#7920,#7928,#7930,.T.);
#7928 = VERTEX_POINT('',#7929);
#7929 = CARTESIAN_POINT('',(2.4,0.845,0.675));
#7930 = CIRCLE('',#7931,0.25);
#7931 = AXIS2_PLACEMENT_3D('',#7932,#7933,#7934);
#7932 = CARTESIAN_POINT('',(2.4,0.845,0.425));
#7933 = DIRECTION('',(1.110223024625E-16,-1.,0.));
#7934 = DIRECTION('',(0.984807753012,1.093356242223E-16,0.173648177667)
  );
#7935 = ORIENTED_EDGE('',*,*,#7936,.T.);
#7936 = EDGE_CURVE('',#7928,#5026,#7937,.T.);
#7937 = LINE('',#7938,#7939);
#7938 = CARTESIAN_POINT('',(2.4,0.845,0.675));
#7939 = VECTOR('',#7940,1.);
#7940 = DIRECTION('',(-1.,-1.110223024625E-16,0.));
#7941 = PLANE('',#7942);
#7942 = AXIS2_PLACEMENT_3D('',#7943,#7944,#7945);
#7943 = CARTESIAN_POINT('',(2.637203454365,0.845,0.317854565708));
#7944 = DIRECTION('',(1.110223024625E-16,-1.,0.));
#7945 = DIRECTION('',(0.,0.,1.));
#7946 = ADVANCED_FACE('',(#7947),#8033,.F.);
#7947 = FACE_BOUND('',#7948,.F.);
#7948 = EDGE_LOOP('',(#7949,#7950,#7951,#7960,#7968,#7977,#7985,#7993,
    #8001,#8010,#8018,#8027));
#7949 = ORIENTED_EDGE('',*,*,#5078,.T.);
#7950 = ORIENTED_EDGE('',*,*,#5047,.T.);
#7951 = ORIENTED_EDGE('',*,*,#7952,.T.);
#7952 = EDGE_CURVE('',#5048,#7953,#7955,.T.);
#7953 = VERTEX_POINT('',#7954);
#7954 = CARTESIAN_POINT('',(2.498480775301,1.105,0.442364817767));
#7955 = CIRCLE('',#7956,0.1);
#7956 = AXIS2_PLACEMENT_3D('',#7957,#7958,#7959);
#7957 = CARTESIAN_POINT('',(2.4,1.105,0.425));
#7958 = DIRECTION('',(-1.110223024625E-16,1.,0.));
#7959 = DIRECTION('',(4.440892098501E-15,4.930380657631E-31,1.));
#7960 = ORIENTED_EDGE('',*,*,#7961,.T.);
#7961 = EDGE_CURVE('',#7953,#7962,#7964,.T.);
#7962 = VERTEX_POINT('',#7963);
#7963 = CARTESIAN_POINT('',(2.534655283371,1.105,0.206587955583));
#7964 = LINE('',#7965,#7966);
#7965 = CARTESIAN_POINT('',(2.498480775301,1.105,0.442364817767));
#7966 = VECTOR('',#7967,1.);
#7967 = DIRECTION('',(0.151652327974,1.683679062546E-17,-0.988433898356)
  );
#7968 = ORIENTED_EDGE('',*,*,#7969,.T.);
#7969 = EDGE_CURVE('',#7962,#7970,#7972,.T.);
#7970 = VERTEX_POINT('',#7971);
#7971 = CARTESIAN_POINT('',(2.780857221624,1.105,-1.665334536938E-16));
#7972 = CIRCLE('',#7973,0.25);
#7973 = AXIS2_PLACEMENT_3D('',#7974,#7975,#7976);
#7974 = CARTESIAN_POINT('',(2.780857221624,1.105,0.25));
#7975 = DIRECTION('',(1.110223024625E-16,-1.,0.));
#7976 = DIRECTION('',(-0.984807753012,-1.093356242223E-16,
    -0.173648177667));
#7977 = ORIENTED_EDGE('',*,*,#7978,.T.);
#7978 = EDGE_CURVE('',#7970,#7979,#7981,.T.);
#7979 = VERTEX_POINT('',#7980);
#7980 = CARTESIAN_POINT('',(3.2,1.105,-1.665334536938E-16));
#7981 = LINE('',#7982,#7983);
#7982 = CARTESIAN_POINT('',(2.780857221624,1.105,-1.665334536938E-16));
#7983 = VECTOR('',#7984,1.);
#7984 = DIRECTION('',(1.,1.110223024625E-16,0.));
#7985 = ORIENTED_EDGE('',*,*,#7986,.T.);
#7986 = EDGE_CURVE('',#7979,#7987,#7989,.T.);
#7987 = VERTEX_POINT('',#7988);
#7988 = CARTESIAN_POINT('',(3.2,1.105,0.15));
#7989 = LINE('',#7990,#7991);
#7990 = CARTESIAN_POINT('',(3.2,1.105,-1.665334536938E-16));
#7991 = VECTOR('',#7992,1.);
#7992 = DIRECTION('',(0.,0.,1.));
#7993 = ORIENTED_EDGE('',*,*,#7994,.T.);
#7994 = EDGE_CURVE('',#7987,#7995,#7997,.T.);
#7995 = VERTEX_POINT('',#7996);
#7996 = CARTESIAN_POINT('',(2.780857221624,1.105,0.15));
#7997 = LINE('',#7998,#7999);
#7998 = CARTESIAN_POINT('',(3.2,1.105,0.15));
#7999 = VECTOR('',#8000,1.);
#8000 = DIRECTION('',(-1.,-1.110223024625E-16,0.));
#8001 = ORIENTED_EDGE('',*,*,#8002,.T.);
#8002 = EDGE_CURVE('',#7995,#8003,#8005,.T.);
#8003 = VERTEX_POINT('',#8004);
#8004 = CARTESIAN_POINT('',(2.682376446323,1.105,0.232635182233));
#8005 = CIRCLE('',#8006,0.1);
#8006 = AXIS2_PLACEMENT_3D('',#8007,#8008,#8009);
#8007 = CARTESIAN_POINT('',(2.780857221624,1.105,0.25));
#8008 = DIRECTION('',(-1.110223024625E-16,1.,0.));
#8009 = DIRECTION('',(0.,0.,-1.));
#8010 = ORIENTED_EDGE('',*,*,#8011,.T.);
#8011 = EDGE_CURVE('',#8003,#8012,#8014,.T.);
#8012 = VERTEX_POINT('',#8013);
#8013 = CARTESIAN_POINT('',(2.646201938253,1.105,0.468412044417));
#8014 = LINE('',#8015,#8016);
#8015 = CARTESIAN_POINT('',(2.682376446323,1.105,0.232635182233));
#8016 = VECTOR('',#8017,1.);
#8017 = DIRECTION('',(-0.151652327974,-1.683679062546E-17,0.988433898356
    ));
#8018 = ORIENTED_EDGE('',*,*,#8019,.T.);
#8019 = EDGE_CURVE('',#8012,#8020,#8022,.T.);
#8020 = VERTEX_POINT('',#8021);
#8021 = CARTESIAN_POINT('',(2.4,1.105,0.675));
#8022 = CIRCLE('',#8023,0.25);
#8023 = AXIS2_PLACEMENT_3D('',#8024,#8025,#8026);
#8024 = CARTESIAN_POINT('',(2.4,1.105,0.425));
#8025 = DIRECTION('',(1.110223024625E-16,-1.,0.));
#8026 = DIRECTION('',(0.984807753012,1.093356242223E-16,0.173648177667)
  );
#8027 = ORIENTED_EDGE('',*,*,#8028,.T.);
#8028 = EDGE_CURVE('',#8020,#5079,#8029,.T.);
#8029 = LINE('',#8030,#8031);
#8030 = CARTESIAN_POINT('',(2.4,1.105,0.675));
#8031 = VECTOR('',#8032,1.);
#8032 = DIRECTION('',(-1.,-1.110223024625E-16,0.));
#8033 = PLANE('',#8034);
#8034 = AXIS2_PLACEMENT_3D('',#8035,#8036,#8037);
#8035 = CARTESIAN_POINT('',(2.637203454365,1.105,0.317854565708));
#8036 = DIRECTION('',(1.110223024625E-16,-1.,0.));
#8037 = DIRECTION('',(0.,0.,1.));
#8038 = ADVANCED_FACE('',(#8039),#8050,.F.);
#8039 = FACE_BOUND('',#8040,.F.);
#8040 = EDGE_LOOP('',(#8041,#8042,#8043,#8049));
#8041 = ORIENTED_EDGE('',*,*,#5064,.T.);
#8042 = ORIENTED_EDGE('',*,*,#7860,.T.);
#8043 = ORIENTED_EDGE('',*,*,#8044,.F.);
#8044 = EDGE_CURVE('',#7953,#7861,#8045,.T.);
#8045 = LINE('',#8046,#8047);
#8046 = CARTESIAN_POINT('',(2.498480775301,1.105,0.442364817767));
#8047 = VECTOR('',#8048,1.);
#8048 = DIRECTION('',(1.110223024625E-16,-1.,0.));
#8049 = ORIENTED_EDGE('',*,*,#7952,.F.);
#8050 = CYLINDRICAL_SURFACE('',#8051,0.1);
#8051 = AXIS2_PLACEMENT_3D('',#8052,#8053,#8054);
#8052 = CARTESIAN_POINT('',(2.4,1.105,0.425));
#8053 = DIRECTION('',(-1.110223024625E-16,1.,0.));
#8054 = DIRECTION('',(4.440892098501E-15,4.930380657631E-31,1.));
#8055 = ADVANCED_FACE('',(#8056),#8072,.T.);
#8056 = FACE_BOUND('',#8057,.T.);
#8057 = EDGE_LOOP('',(#8058,#8059,#8065,#8066));
#8058 = ORIENTED_EDGE('',*,*,#5095,.T.);
#8059 = ORIENTED_EDGE('',*,*,#8060,.T.);
#8060 = EDGE_CURVE('',#5088,#5354,#8061,.T.);
#8061 = LINE('',#8062,#8063);
#8062 = CARTESIAN_POINT('',(2.4,1.495,0.675));
#8063 = VECTOR('',#8064,1.);
#8064 = DIRECTION('',(-1.,-1.110223024625E-16,0.));
#8065 = ORIENTED_EDGE('',*,*,#5353,.F.);
#8066 = ORIENTED_EDGE('',*,*,#8067,.F.);
#8067 = EDGE_CURVE('',#5079,#5346,#8068,.T.);
#8068 = LINE('',#8069,#8070);
#8069 = CARTESIAN_POINT('',(2.4,1.105,0.675));
#8070 = VECTOR('',#8071,1.);
#8071 = DIRECTION('',(-1.,-1.110223024625E-16,0.));
#8072 = PLANE('',#8073);
#8073 = AXIS2_PLACEMENT_3D('',#8074,#8075,#8076);
#8074 = CARTESIAN_POINT('',(-2.175,-2.561541428923E-16,0.675));
#8075 = DIRECTION('',(2.761013168274E-27,-5.587354617935E-32,1.));
#8076 = DIRECTION('',(1.108818684461E-16,-1.,-5.587354617966E-32));
#8077 = ADVANCED_FACE('',(#8078),#8164,.T.);
#8078 = FACE_BOUND('',#8079,.T.);
#8079 = EDGE_LOOP('',(#8080,#8081,#8082,#8091,#8099,#8108,#8116,#8124,
    #8132,#8141,#8149,#8158));
#8080 = ORIENTED_EDGE('',*,*,#5087,.T.);
#8081 = ORIENTED_EDGE('',*,*,#5118,.T.);
#8082 = ORIENTED_EDGE('',*,*,#8083,.T.);
#8083 = EDGE_CURVE('',#5119,#8084,#8086,.T.);
#8084 = VERTEX_POINT('',#8085);
#8085 = CARTESIAN_POINT('',(2.498480775301,1.495,0.442364817767));
#8086 = CIRCLE('',#8087,0.1);
#8087 = AXIS2_PLACEMENT_3D('',#8088,#8089,#8090);
#8088 = CARTESIAN_POINT('',(2.4,1.495,0.425));
#8089 = DIRECTION('',(-1.110223024625E-16,1.,0.));
#8090 = DIRECTION('',(4.440892098501E-15,4.930380657631E-31,1.));
#8091 = ORIENTED_EDGE('',*,*,#8092,.T.);
#8092 = EDGE_CURVE('',#8084,#8093,#8095,.T.);
#8093 = VERTEX_POINT('',#8094);
#8094 = CARTESIAN_POINT('',(2.534655283371,1.495,0.206587955583));
#8095 = LINE('',#8096,#8097);
#8096 = CARTESIAN_POINT('',(2.498480775301,1.495,0.442364817767));
#8097 = VECTOR('',#8098,1.);
#8098 = DIRECTION('',(0.151652327974,1.683679062546E-17,-0.988433898356)
  );
#8099 = ORIENTED_EDGE('',*,*,#8100,.T.);
#8100 = EDGE_CURVE('',#8093,#8101,#8103,.T.);
#8101 = VERTEX_POINT('',#8102);
#8102 = CARTESIAN_POINT('',(2.780857221624,1.495,-1.665334536938E-16));
#8103 = CIRCLE('',#8104,0.25);
#8104 = AXIS2_PLACEMENT_3D('',#8105,#8106,#8107);
#8105 = CARTESIAN_POINT('',(2.780857221624,1.495,0.25));
#8106 = DIRECTION('',(1.110223024625E-16,-1.,0.));
#8107 = DIRECTION('',(-0.984807753012,-1.093356242223E-16,
    -0.173648177667));
#8108 = ORIENTED_EDGE('',*,*,#8109,.T.);
#8109 = EDGE_CURVE('',#8101,#8110,#8112,.T.);
#8110 = VERTEX_POINT('',#8111);
#8111 = CARTESIAN_POINT('',(3.2,1.495,-1.665334536938E-16));
#8112 = LINE('',#8113,#8114);
#8113 = CARTESIAN_POINT('',(2.780857221624,1.495,-1.665334536938E-16));
#8114 = VECTOR('',#8115,1.);
#8115 = DIRECTION('',(1.,1.110223024625E-16,0.));
#8116 = ORIENTED_EDGE('',*,*,#8117,.T.);
#8117 = EDGE_CURVE('',#8110,#8118,#8120,.T.);
#8118 = VERTEX_POINT('',#8119);
#8119 = CARTESIAN_POINT('',(3.2,1.495,0.15));
#8120 = LINE('',#8121,#8122);
#8121 = CARTESIAN_POINT('',(3.2,1.495,-1.665334536938E-16));
#8122 = VECTOR('',#8123,1.);
#8123 = DIRECTION('',(0.,0.,1.));
#8124 = ORIENTED_EDGE('',*,*,#8125,.T.);
#8125 = EDGE_CURVE('',#8118,#8126,#8128,.T.);
#8126 = VERTEX_POINT('',#8127);
#8127 = CARTESIAN_POINT('',(2.780857221624,1.495,0.15));
#8128 = LINE('',#8129,#8130);
#8129 = CARTESIAN_POINT('',(3.2,1.495,0.15));
#8130 = VECTOR('',#8131,1.);
#8131 = DIRECTION('',(-1.,-1.110223024625E-16,0.));
#8132 = ORIENTED_EDGE('',*,*,#8133,.T.);
#8133 = EDGE_CURVE('',#8126,#8134,#8136,.T.);
#8134 = VERTEX_POINT('',#8135);
#8135 = CARTESIAN_POINT('',(2.682376446323,1.495,0.232635182233));
#8136 = CIRCLE('',#8137,0.1);
#8137 = AXIS2_PLACEMENT_3D('',#8138,#8139,#8140);
#8138 = CARTESIAN_POINT('',(2.780857221624,1.495,0.25));
#8139 = DIRECTION('',(-1.110223024625E-16,1.,0.));
#8140 = DIRECTION('',(0.,0.,-1.));
#8141 = ORIENTED_EDGE('',*,*,#8142,.T.);
#8142 = EDGE_CURVE('',#8134,#8143,#8145,.T.);
#8143 = VERTEX_POINT('',#8144);
#8144 = CARTESIAN_POINT('',(2.646201938253,1.495,0.468412044417));
#8145 = LINE('',#8146,#8147);
#8146 = CARTESIAN_POINT('',(2.682376446323,1.495,0.232635182233));
#8147 = VECTOR('',#8148,1.);
#8148 = DIRECTION('',(-0.151652327974,-1.683679062546E-17,0.988433898356
    ));
#8149 = ORIENTED_EDGE('',*,*,#8150,.T.);
#8150 = EDGE_CURVE('',#8143,#8151,#8153,.T.);
#8151 = VERTEX_POINT('',#8152);
#8152 = CARTESIAN_POINT('',(2.4,1.495,0.675));
#8153 = CIRCLE('',#8154,0.25);
#8154 = AXIS2_PLACEMENT_3D('',#8155,#8156,#8157);
#8155 = CARTESIAN_POINT('',(2.4,1.495,0.425));
#8156 = DIRECTION('',(1.110223024625E-16,-1.,0.));
#8157 = DIRECTION('',(0.984807753012,1.093356242223E-16,0.173648177667)
  );
#8158 = ORIENTED_EDGE('',*,*,#8159,.T.);
#8159 = EDGE_CURVE('',#8151,#5088,#8160,.T.);
#8160 = LINE('',#8161,#8162);
#8161 = CARTESIAN_POINT('',(2.4,1.495,0.675));
#8162 = VECTOR('',#8163,1.);
#8163 = DIRECTION('',(-1.,-1.110223024625E-16,0.));
#8164 = PLANE('',#8165);
#8165 = AXIS2_PLACEMENT_3D('',#8166,#8167,#8168);
#8166 = CARTESIAN_POINT('',(2.637203454365,1.495,0.317854565708));
#8167 = DIRECTION('',(1.110223024625E-16,-1.,0.));
#8168 = DIRECTION('',(0.,0.,1.));
#8169 = ADVANCED_FACE('',(#8170),#8256,.F.);
#8170 = FACE_BOUND('',#8171,.F.);
#8171 = EDGE_LOOP('',(#8172,#8173,#8174,#8183,#8191,#8200,#8208,#8216,
    #8224,#8233,#8241,#8250));
#8172 = ORIENTED_EDGE('',*,*,#5140,.T.);
#8173 = ORIENTED_EDGE('',*,*,#5109,.T.);
#8174 = ORIENTED_EDGE('',*,*,#8175,.T.);
#8175 = EDGE_CURVE('',#5110,#8176,#8178,.T.);
#8176 = VERTEX_POINT('',#8177);
#8177 = CARTESIAN_POINT('',(2.498480775301,1.755,0.442364817767));
#8178 = CIRCLE('',#8179,0.1);
#8179 = AXIS2_PLACEMENT_3D('',#8180,#8181,#8182);
#8180 = CARTESIAN_POINT('',(2.4,1.755,0.425));
#8181 = DIRECTION('',(-1.110223024625E-16,1.,0.));
#8182 = DIRECTION('',(4.440892098501E-15,4.930380657631E-31,1.));
#8183 = ORIENTED_EDGE('',*,*,#8184,.T.);
#8184 = EDGE_CURVE('',#8176,#8185,#8187,.T.);
#8185 = VERTEX_POINT('',#8186);
#8186 = CARTESIAN_POINT('',(2.534655283371,1.755,0.206587955583));
#8187 = LINE('',#8188,#8189);
#8188 = CARTESIAN_POINT('',(2.498480775301,1.755,0.442364817767));
#8189 = VECTOR('',#8190,1.);
#8190 = DIRECTION('',(0.151652327974,1.683679062546E-17,-0.988433898356)
  );
#8191 = ORIENTED_EDGE('',*,*,#8192,.T.);
#8192 = EDGE_CURVE('',#8185,#8193,#8195,.T.);
#8193 = VERTEX_POINT('',#8194);
#8194 = CARTESIAN_POINT('',(2.780857221624,1.755,-1.665334536938E-16));
#8195 = CIRCLE('',#8196,0.25);
#8196 = AXIS2_PLACEMENT_3D('',#8197,#8198,#8199);
#8197 = CARTESIAN_POINT('',(2.780857221624,1.755,0.25));
#8198 = DIRECTION('',(1.110223024625E-16,-1.,0.));
#8199 = DIRECTION('',(-0.984807753012,-1.093356242223E-16,
    -0.173648177667));
#8200 = ORIENTED_EDGE('',*,*,#8201,.T.);
#8201 = EDGE_CURVE('',#8193,#8202,#8204,.T.);
#8202 = VERTEX_POINT('',#8203);
#8203 = CARTESIAN_POINT('',(3.2,1.755,-1.665334536938E-16));
#8204 = LINE('',#8205,#8206);
#8205 = CARTESIAN_POINT('',(2.780857221624,1.755,-1.665334536938E-16));
#8206 = VECTOR('',#8207,1.);
#8207 = DIRECTION('',(1.,1.110223024625E-16,0.));
#8208 = ORIENTED_EDGE('',*,*,#8209,.T.);
#8209 = EDGE_CURVE('',#8202,#8210,#8212,.T.);
#8210 = VERTEX_POINT('',#8211);
#8211 = CARTESIAN_POINT('',(3.2,1.755,0.15));
#8212 = LINE('',#8213,#8214);
#8213 = CARTESIAN_POINT('',(3.2,1.755,-1.665334536938E-16));
#8214 = VECTOR('',#8215,1.);
#8215 = DIRECTION('',(0.,0.,1.));
#8216 = ORIENTED_EDGE('',*,*,#8217,.T.);
#8217 = EDGE_CURVE('',#8210,#8218,#8220,.T.);
#8218 = VERTEX_POINT('',#8219);
#8219 = CARTESIAN_POINT('',(2.780857221624,1.755,0.15));
#8220 = LINE('',#8221,#8222);
#8221 = CARTESIAN_POINT('',(3.2,1.755,0.15));
#8222 = VECTOR('',#8223,1.);
#8223 = DIRECTION('',(-1.,-1.110223024625E-16,0.));
#8224 = ORIENTED_EDGE('',*,*,#8225,.T.);
#8225 = EDGE_CURVE('',#8218,#8226,#8228,.T.);
#8226 = VERTEX_POINT('',#8227);
#8227 = CARTESIAN_POINT('',(2.682376446323,1.755,0.232635182233));
#8228 = CIRCLE('',#8229,0.1);
#8229 = AXIS2_PLACEMENT_3D('',#8230,#8231,#8232);
#8230 = CARTESIAN_POINT('',(2.780857221624,1.755,0.25));
#8231 = DIRECTION('',(-1.110223024625E-16,1.,0.));
#8232 = DIRECTION('',(0.,0.,-1.));
#8233 = ORIENTED_EDGE('',*,*,#8234,.T.);
#8234 = EDGE_CURVE('',#8226,#8235,#8237,.T.);
#8235 = VERTEX_POINT('',#8236);
#8236 = CARTESIAN_POINT('',(2.646201938253,1.755,0.468412044417));
#8237 = LINE('',#8238,#8239);
#8238 = CARTESIAN_POINT('',(2.682376446323,1.755,0.232635182233));
#8239 = VECTOR('',#8240,1.);
#8240 = DIRECTION('',(-0.151652327974,-1.683679062546E-17,0.988433898356
    ));
#8241 = ORIENTED_EDGE('',*,*,#8242,.T.);
#8242 = EDGE_CURVE('',#8235,#8243,#8245,.T.);
#8243 = VERTEX_POINT('',#8244);
#8244 = CARTESIAN_POINT('',(2.4,1.755,0.675));
#8245 = CIRCLE('',#8246,0.25);
#8246 = AXIS2_PLACEMENT_3D('',#8247,#8248,#8249);
#8247 = CARTESIAN_POINT('',(2.4,1.755,0.425));
#8248 = DIRECTION('',(1.110223024625E-16,-1.,0.));
#8249 = DIRECTION('',(0.984807753012,1.093356242223E-16,0.173648177667)
  );
#8250 = ORIENTED_EDGE('',*,*,#8251,.T.);
#8251 = EDGE_CURVE('',#8243,#5141,#8252,.T.);
#8252 = LINE('',#8253,#8254);
#8253 = CARTESIAN_POINT('',(2.4,1.755,0.675));
#8254 = VECTOR('',#8255,1.);
#8255 = DIRECTION('',(-1.,-1.110223024625E-16,0.));
#8256 = PLANE('',#8257);
#8257 = AXIS2_PLACEMENT_3D('',#8258,#8259,#8260);
#8258 = CARTESIAN_POINT('',(2.637203454365,1.755,0.317854565708));
#8259 = DIRECTION('',(1.110223024625E-16,-1.,0.));
#8260 = DIRECTION('',(0.,0.,1.));
#8261 = ADVANCED_FACE('',(#8262),#8273,.F.);
#8262 = FACE_BOUND('',#8263,.F.);
#8263 = EDGE_LOOP('',(#8264,#8265,#8266,#8272));
#8264 = ORIENTED_EDGE('',*,*,#5126,.T.);
#8265 = ORIENTED_EDGE('',*,*,#8083,.T.);
#8266 = ORIENTED_EDGE('',*,*,#8267,.F.);
#8267 = EDGE_CURVE('',#8176,#8084,#8268,.T.);
#8268 = LINE('',#8269,#8270);
#8269 = CARTESIAN_POINT('',(2.498480775301,1.755,0.442364817767));
#8270 = VECTOR('',#8271,1.);
#8271 = DIRECTION('',(1.110223024625E-16,-1.,0.));
#8272 = ORIENTED_EDGE('',*,*,#8175,.F.);
#8273 = CYLINDRICAL_SURFACE('',#8274,0.1);
#8274 = AXIS2_PLACEMENT_3D('',#8275,#8276,#8277);
#8275 = CARTESIAN_POINT('',(2.4,1.755,0.425));
#8276 = DIRECTION('',(-1.110223024625E-16,1.,0.));
#8277 = DIRECTION('',(4.440892098501E-15,4.930380657631E-31,1.));
#8278 = ADVANCED_FACE('',(#8279),#8290,.T.);
#8279 = FACE_BOUND('',#8280,.T.);
#8280 = EDGE_LOOP('',(#8281,#8282,#8283,#8284));
#8281 = ORIENTED_EDGE('',*,*,#5157,.T.);
#8282 = ORIENTED_EDGE('',*,*,#5241,.T.);
#8283 = ORIENTED_EDGE('',*,*,#5369,.F.);
#8284 = ORIENTED_EDGE('',*,*,#8285,.F.);
#8285 = EDGE_CURVE('',#5141,#5362,#8286,.T.);
#8286 = LINE('',#8287,#8288);
#8287 = CARTESIAN_POINT('',(2.4,1.755,0.675));
#8288 = VECTOR('',#8289,1.);
#8289 = DIRECTION('',(-1.,-1.110223024625E-16,0.));
#8290 = PLANE('',#8291);
#8291 = AXIS2_PLACEMENT_3D('',#8292,#8293,#8294);
#8292 = CARTESIAN_POINT('',(-2.175,-2.561541428923E-16,0.675));
#8293 = DIRECTION('',(2.761013168274E-27,-5.587354617935E-32,1.));
#8294 = DIRECTION('',(1.108818684461E-16,-1.,-5.587354617966E-32));
#8295 = ADVANCED_FACE('',(#8296),#8375,.T.);
#8296 = FACE_BOUND('',#8297,.T.);
#8297 = EDGE_LOOP('',(#8298,#8299,#8300,#8309,#8317,#8326,#8334,#8342,
    #8350,#8359,#8367,#8374));
#8298 = ORIENTED_EDGE('',*,*,#5149,.T.);
#8299 = ORIENTED_EDGE('',*,*,#5180,.T.);
#8300 = ORIENTED_EDGE('',*,*,#8301,.T.);
#8301 = EDGE_CURVE('',#5181,#8302,#8304,.T.);
#8302 = VERTEX_POINT('',#8303);
#8303 = CARTESIAN_POINT('',(2.498480775301,2.145,0.442364817767));
#8304 = CIRCLE('',#8305,0.1);
#8305 = AXIS2_PLACEMENT_3D('',#8306,#8307,#8308);
#8306 = CARTESIAN_POINT('',(2.4,2.145,0.425));
#8307 = DIRECTION('',(-1.110223024625E-16,1.,0.));
#8308 = DIRECTION('',(4.440892098501E-15,4.930380657631E-31,1.));
#8309 = ORIENTED_EDGE('',*,*,#8310,.T.);
#8310 = EDGE_CURVE('',#8302,#8311,#8313,.T.);
#8311 = VERTEX_POINT('',#8312);
#8312 = CARTESIAN_POINT('',(2.534655283371,2.145,0.206587955583));
#8313 = LINE('',#8314,#8315);
#8314 = CARTESIAN_POINT('',(2.498480775301,2.145,0.442364817767));
#8315 = VECTOR('',#8316,1.);
#8316 = DIRECTION('',(0.151652327974,1.683679062546E-17,-0.988433898356)
  );
#8317 = ORIENTED_EDGE('',*,*,#8318,.T.);
#8318 = EDGE_CURVE('',#8311,#8319,#8321,.T.);
#8319 = VERTEX_POINT('',#8320);
#8320 = CARTESIAN_POINT('',(2.780857221624,2.145,-1.665334536938E-16));
#8321 = CIRCLE('',#8322,0.25);
#8322 = AXIS2_PLACEMENT_3D('',#8323,#8324,#8325);
#8323 = CARTESIAN_POINT('',(2.780857221624,2.145,0.25));
#8324 = DIRECTION('',(1.110223024625E-16,-1.,0.));
#8325 = DIRECTION('',(-0.984807753012,-1.093356242223E-16,
    -0.173648177667));
#8326 = ORIENTED_EDGE('',*,*,#8327,.T.);
#8327 = EDGE_CURVE('',#8319,#8328,#8330,.T.);
#8328 = VERTEX_POINT('',#8329);
#8329 = CARTESIAN_POINT('',(3.2,2.145,-1.665334536938E-16));
#8330 = LINE('',#8331,#8332);
#8331 = CARTESIAN_POINT('',(2.780857221624,2.145,-1.665334536938E-16));
#8332 = VECTOR('',#8333,1.);
#8333 = DIRECTION('',(1.,1.110223024625E-16,0.));
#8334 = ORIENTED_EDGE('',*,*,#8335,.T.);
#8335 = EDGE_CURVE('',#8328,#8336,#8338,.T.);
#8336 = VERTEX_POINT('',#8337);
#8337 = CARTESIAN_POINT('',(3.2,2.145,0.15));
#8338 = LINE('',#8339,#8340);
#8339 = CARTESIAN_POINT('',(3.2,2.145,-1.665334536938E-16));
#8340 = VECTOR('',#8341,1.);
#8341 = DIRECTION('',(0.,0.,1.));
#8342 = ORIENTED_EDGE('',*,*,#8343,.T.);
#8343 = EDGE_CURVE('',#8336,#8344,#8346,.T.);
#8344 = VERTEX_POINT('',#8345);
#8345 = CARTESIAN_POINT('',(2.780857221624,2.145,0.15));
#8346 = LINE('',#8347,#8348);
#8347 = CARTESIAN_POINT('',(3.2,2.145,0.15));
#8348 = VECTOR('',#8349,1.);
#8349 = DIRECTION('',(-1.,-1.110223024625E-16,0.));
#8350 = ORIENTED_EDGE('',*,*,#8351,.T.);
#8351 = EDGE_CURVE('',#8344,#8352,#8354,.T.);
#8352 = VERTEX_POINT('',#8353);
#8353 = CARTESIAN_POINT('',(2.682376446323,2.145,0.232635182233));
#8354 = CIRCLE('',#8355,0.1);
#8355 = AXIS2_PLACEMENT_3D('',#8356,#8357,#8358);
#8356 = CARTESIAN_POINT('',(2.780857221624,2.145,0.25));
#8357 = DIRECTION('',(-1.110223024625E-16,1.,0.));
#8358 = DIRECTION('',(0.,0.,-1.));
#8359 = ORIENTED_EDGE('',*,*,#8360,.T.);
#8360 = EDGE_CURVE('',#8352,#8361,#8363,.T.);
#8361 = VERTEX_POINT('',#8362);
#8362 = CARTESIAN_POINT('',(2.646201938253,2.145,0.468412044417));
#8363 = LINE('',#8364,#8365);
#8364 = CARTESIAN_POINT('',(2.682376446323,2.145,0.232635182233));
#8365 = VECTOR('',#8366,1.);
#8366 = DIRECTION('',(-0.151652327974,-1.683679062546E-17,0.988433898356
    ));
#8367 = ORIENTED_EDGE('',*,*,#8368,.T.);
#8368 = EDGE_CURVE('',#8361,#5228,#8369,.T.);
#8369 = CIRCLE('',#8370,0.25);
#8370 = AXIS2_PLACEMENT_3D('',#8371,#8372,#8373);
#8371 = CARTESIAN_POINT('',(2.4,2.145,0.425));
#8372 = DIRECTION('',(1.110223024625E-16,-1.,0.));
#8373 = DIRECTION('',(0.984807753012,1.093356242223E-16,0.173648177667)
  );
#8374 = ORIENTED_EDGE('',*,*,#5235,.T.);
#8375 = PLANE('',#8376);
#8376 = AXIS2_PLACEMENT_3D('',#8377,#8378,#8379);
#8377 = CARTESIAN_POINT('',(2.637203454365,2.145,0.317854565708));
#8378 = DIRECTION('',(1.110223024625E-16,-1.,0.));
#8379 = DIRECTION('',(0.,0.,1.));
#8380 = ADVANCED_FACE('',(#8381),#8460,.F.);
#8381 = FACE_BOUND('',#8382,.F.);
#8382 = EDGE_LOOP('',(#8383,#8384,#8385,#8394,#8402,#8411,#8419,#8427,
    #8435,#8444,#8452,#8459));
#8383 = ORIENTED_EDGE('',*,*,#5202,.T.);
#8384 = ORIENTED_EDGE('',*,*,#5171,.T.);
#8385 = ORIENTED_EDGE('',*,*,#8386,.T.);
#8386 = EDGE_CURVE('',#5172,#8387,#8389,.T.);
#8387 = VERTEX_POINT('',#8388);
#8388 = CARTESIAN_POINT('',(2.498480775301,2.405,0.442364817767));
#8389 = CIRCLE('',#8390,0.1);
#8390 = AXIS2_PLACEMENT_3D('',#8391,#8392,#8393);
#8391 = CARTESIAN_POINT('',(2.4,2.405,0.425));
#8392 = DIRECTION('',(-1.110223024625E-16,1.,0.));
#8393 = DIRECTION('',(4.440892098501E-15,4.930380657631E-31,1.));
#8394 = ORIENTED_EDGE('',*,*,#8395,.T.);
#8395 = EDGE_CURVE('',#8387,#8396,#8398,.T.);
#8396 = VERTEX_POINT('',#8397);
#8397 = CARTESIAN_POINT('',(2.534655283371,2.405,0.206587955583));
#8398 = LINE('',#8399,#8400);
#8399 = CARTESIAN_POINT('',(2.498480775301,2.405,0.442364817767));
#8400 = VECTOR('',#8401,1.);
#8401 = DIRECTION('',(0.151652327974,1.683679062546E-17,-0.988433898356)
  );
#8402 = ORIENTED_EDGE('',*,*,#8403,.T.);
#8403 = EDGE_CURVE('',#8396,#8404,#8406,.T.);
#8404 = VERTEX_POINT('',#8405);
#8405 = CARTESIAN_POINT('',(2.780857221624,2.405,-1.665334536938E-16));
#8406 = CIRCLE('',#8407,0.25);
#8407 = AXIS2_PLACEMENT_3D('',#8408,#8409,#8410);
#8408 = CARTESIAN_POINT('',(2.780857221624,2.405,0.25));
#8409 = DIRECTION('',(1.110223024625E-16,-1.,0.));
#8410 = DIRECTION('',(-0.984807753012,-1.093356242223E-16,
    -0.173648177667));
#8411 = ORIENTED_EDGE('',*,*,#8412,.T.);
#8412 = EDGE_CURVE('',#8404,#8413,#8415,.T.);
#8413 = VERTEX_POINT('',#8414);
#8414 = CARTESIAN_POINT('',(3.2,2.405,-1.665334536938E-16));
#8415 = LINE('',#8416,#8417);
#8416 = CARTESIAN_POINT('',(2.780857221624,2.405,-1.665334536938E-16));
#8417 = VECTOR('',#8418,1.);
#8418 = DIRECTION('',(1.,1.110223024625E-16,0.));
#8419 = ORIENTED_EDGE('',*,*,#8420,.T.);
#8420 = EDGE_CURVE('',#8413,#8421,#8423,.T.);
#8421 = VERTEX_POINT('',#8422);
#8422 = CARTESIAN_POINT('',(3.2,2.405,0.15));
#8423 = LINE('',#8424,#8425);
#8424 = CARTESIAN_POINT('',(3.2,2.405,-1.665334536938E-16));
#8425 = VECTOR('',#8426,1.);
#8426 = DIRECTION('',(0.,0.,1.));
#8427 = ORIENTED_EDGE('',*,*,#8428,.T.);
#8428 = EDGE_CURVE('',#8421,#8429,#8431,.T.);
#8429 = VERTEX_POINT('',#8430);
#8430 = CARTESIAN_POINT('',(2.780857221624,2.405,0.15));
#8431 = LINE('',#8432,#8433);
#8432 = CARTESIAN_POINT('',(3.2,2.405,0.15));
#8433 = VECTOR('',#8434,1.);
#8434 = DIRECTION('',(-1.,-1.110223024625E-16,0.));
#8435 = ORIENTED_EDGE('',*,*,#8436,.T.);
#8436 = EDGE_CURVE('',#8429,#8437,#8439,.T.);
#8437 = VERTEX_POINT('',#8438);
#8438 = CARTESIAN_POINT('',(2.682376446323,2.405,0.232635182233));
#8439 = CIRCLE('',#8440,0.1);
#8440 = AXIS2_PLACEMENT_3D('',#8441,#8442,#8443);
#8441 = CARTESIAN_POINT('',(2.780857221624,2.405,0.25));
#8442 = DIRECTION('',(-1.110223024625E-16,1.,0.));
#8443 = DIRECTION('',(0.,0.,-1.));
#8444 = ORIENTED_EDGE('',*,*,#8445,.T.);
#8445 = EDGE_CURVE('',#8437,#8446,#8448,.T.);
#8446 = VERTEX_POINT('',#8447);
#8447 = CARTESIAN_POINT('',(2.646201938253,2.405,0.468412044417));
#8448 = LINE('',#8449,#8450);
#8449 = CARTESIAN_POINT('',(2.682376446323,2.405,0.232635182233));
#8450 = VECTOR('',#8451,1.);
#8451 = DIRECTION('',(-0.151652327974,-1.683679062546E-17,0.988433898356
    ));
#8452 = ORIENTED_EDGE('',*,*,#8453,.T.);
#8453 = EDGE_CURVE('',#8446,#5220,#8454,.T.);
#8454 = CIRCLE('',#8455,0.25);
#8455 = AXIS2_PLACEMENT_3D('',#8456,#8457,#8458);
#8456 = CARTESIAN_POINT('',(2.4,2.405,0.425));
#8457 = DIRECTION('',(1.110223024625E-16,-1.,0.));
#8458 = DIRECTION('',(0.984807753012,1.093356242223E-16,0.173648177667)
  );
#8459 = ORIENTED_EDGE('',*,*,#5219,.T.);
#8460 = PLANE('',#8461);
#8461 = AXIS2_PLACEMENT_3D('',#8462,#8463,#8464);
#8462 = CARTESIAN_POINT('',(2.637203454365,2.405,0.317854565708));
#8463 = DIRECTION('',(1.110223024625E-16,-1.,0.));
#8464 = DIRECTION('',(0.,0.,1.));
#8465 = ADVANCED_FACE('',(#8466),#8477,.F.);
#8466 = FACE_BOUND('',#8467,.F.);
#8467 = EDGE_LOOP('',(#8468,#8469,#8470,#8476));
#8468 = ORIENTED_EDGE('',*,*,#5188,.T.);
#8469 = ORIENTED_EDGE('',*,*,#8301,.T.);
#8470 = ORIENTED_EDGE('',*,*,#8471,.F.);
#8471 = EDGE_CURVE('',#8387,#8302,#8472,.T.);
#8472 = LINE('',#8473,#8474);
#8473 = CARTESIAN_POINT('',(2.498480775301,2.405,0.442364817767));
#8474 = VECTOR('',#8475,1.);
#8475 = DIRECTION('',(1.110223024625E-16,-1.,0.));
#8476 = ORIENTED_EDGE('',*,*,#8386,.F.);
#8477 = CYLINDRICAL_SURFACE('',#8478,0.1);
#8478 = AXIS2_PLACEMENT_3D('',#8479,#8480,#8481);
#8479 = CARTESIAN_POINT('',(2.4,2.405,0.425));
#8480 = DIRECTION('',(-1.110223024625E-16,1.,0.));
#8481 = DIRECTION('',(4.440892098501E-15,4.930380657631E-31,1.));
#8482 = ADVANCED_FACE('',(#8483),#8494,.T.);
#8483 = FACE_BOUND('',#8484,.T.);
#8484 = EDGE_LOOP('',(#8485,#8486,#8487,#8488));
#8485 = ORIENTED_EDGE('',*,*,#8453,.T.);
#8486 = ORIENTED_EDGE('',*,*,#5227,.T.);
#8487 = ORIENTED_EDGE('',*,*,#8368,.F.);
#8488 = ORIENTED_EDGE('',*,*,#8489,.F.);
#8489 = EDGE_CURVE('',#8446,#8361,#8490,.T.);
#8490 = LINE('',#8491,#8492);
#8491 = CARTESIAN_POINT('',(2.646201938253,2.405,0.468412044417));
#8492 = VECTOR('',#8493,1.);
#8493 = DIRECTION('',(1.110223024625E-16,-1.,0.));
#8494 = CYLINDRICAL_SURFACE('',#8495,0.25);
#8495 = AXIS2_PLACEMENT_3D('',#8496,#8497,#8498);
#8496 = CARTESIAN_POINT('',(2.4,2.405,0.425));
#8497 = DIRECTION('',(-1.110223024625E-16,1.,0.));
#8498 = DIRECTION('',(0.984807753012,1.093356242223E-16,0.173648177667)
  );
#8499 = ADVANCED_FACE('',(#8500),#8513,.F.);
#8500 = FACE_BOUND('',#8501,.F.);
#8501 = EDGE_LOOP('',(#8502,#8503,#8509,#8510,#8511,#8512));
#8502 = ORIENTED_EDGE('',*,*,#7136,.F.);
#8503 = ORIENTED_EDGE('',*,*,#8504,.T.);
#8504 = EDGE_CURVE('',#7128,#7036,#8505,.T.);
#8505 = LINE('',#8506,#8507);
#8506 = CARTESIAN_POINT('',(2.4,-1.495,0.675));
#8507 = VECTOR('',#8508,1.);
#8508 = DIRECTION('',(1.110223024625E-16,-1.,0.));
#8509 = ORIENTED_EDGE('',*,*,#7044,.T.);
#8510 = ORIENTED_EDGE('',*,*,#6950,.T.);
#8511 = ORIENTED_EDGE('',*,*,#5281,.T.);
#8512 = ORIENTED_EDGE('',*,*,#7175,.F.);
#8513 = PLANE('',#8514);
#8514 = AXIS2_PLACEMENT_3D('',#8515,#8516,#8517);
#8515 = CARTESIAN_POINT('',(2.4,-1.495,0.675));
#8516 = DIRECTION('',(0.,0.,-1.));
#8517 = DIRECTION('',(-1.,-1.110223024625E-16,-0.));
#8518 = ADVANCED_FACE('',(#8519),#8532,.F.);
#8519 = FACE_BOUND('',#8520,.F.);
#8520 = EDGE_LOOP('',(#8521,#8522,#8528,#8529,#8530,#8531));
#8521 = ORIENTED_EDGE('',*,*,#7359,.F.);
#8522 = ORIENTED_EDGE('',*,*,#8523,.T.);
#8523 = EDGE_CURVE('',#7351,#7259,#8524,.T.);
#8524 = LINE('',#8525,#8526);
#8525 = CARTESIAN_POINT('',(2.4,-0.845,0.675));
#8526 = VECTOR('',#8527,1.);
#8527 = DIRECTION('',(1.110223024625E-16,-1.,0.));
#8528 = ORIENTED_EDGE('',*,*,#7267,.T.);
#8529 = ORIENTED_EDGE('',*,*,#7168,.T.);
#8530 = ORIENTED_EDGE('',*,*,#5297,.T.);
#8531 = ORIENTED_EDGE('',*,*,#7398,.F.);
#8532 = PLANE('',#8533);
#8533 = AXIS2_PLACEMENT_3D('',#8534,#8535,#8536);
#8534 = CARTESIAN_POINT('',(2.4,-0.845,0.675));
#8535 = DIRECTION('',(0.,0.,-1.));
#8536 = DIRECTION('',(-1.,-1.110223024625E-16,-0.));
#8537 = ADVANCED_FACE('',(#8538),#8551,.F.);
#8538 = FACE_BOUND('',#8539,.F.);
#8539 = EDGE_LOOP('',(#8540,#8541,#8547,#8548,#8549,#8550));
#8540 = ORIENTED_EDGE('',*,*,#7582,.F.);
#8541 = ORIENTED_EDGE('',*,*,#8542,.T.);
#8542 = EDGE_CURVE('',#7574,#7482,#8543,.T.);
#8543 = LINE('',#8544,#8545);
#8544 = CARTESIAN_POINT('',(2.4,-0.195,0.675));
#8545 = VECTOR('',#8546,1.);
#8546 = DIRECTION('',(1.110223024625E-16,-1.,0.));
#8547 = ORIENTED_EDGE('',*,*,#7490,.T.);
#8548 = ORIENTED_EDGE('',*,*,#7391,.T.);
#8549 = ORIENTED_EDGE('',*,*,#5313,.T.);
#8550 = ORIENTED_EDGE('',*,*,#7621,.F.);
#8551 = PLANE('',#8552);
#8552 = AXIS2_PLACEMENT_3D('',#8553,#8554,#8555);
#8553 = CARTESIAN_POINT('',(2.4,-0.195,0.675));
#8554 = DIRECTION('',(0.,0.,-1.));
#8555 = DIRECTION('',(-1.,-1.110223024625E-16,-0.));
#8556 = ADVANCED_FACE('',(#8557),#8570,.F.);
#8557 = FACE_BOUND('',#8558,.F.);
#8558 = EDGE_LOOP('',(#8559,#8560,#8566,#8567,#8568,#8569));
#8559 = ORIENTED_EDGE('',*,*,#7805,.F.);
#8560 = ORIENTED_EDGE('',*,*,#8561,.T.);
#8561 = EDGE_CURVE('',#7797,#7705,#8562,.T.);
#8562 = LINE('',#8563,#8564);
#8563 = CARTESIAN_POINT('',(2.4,0.455,0.675));
#8564 = VECTOR('',#8565,1.);
#8565 = DIRECTION('',(1.110223024625E-16,-1.,0.));
#8566 = ORIENTED_EDGE('',*,*,#7713,.T.);
#8567 = ORIENTED_EDGE('',*,*,#7614,.T.);
#8568 = ORIENTED_EDGE('',*,*,#5329,.T.);
#8569 = ORIENTED_EDGE('',*,*,#7844,.F.);
#8570 = PLANE('',#8571);
#8571 = AXIS2_PLACEMENT_3D('',#8572,#8573,#8574);
#8572 = CARTESIAN_POINT('',(2.4,0.455,0.675));
#8573 = DIRECTION('',(0.,0.,-1.));
#8574 = DIRECTION('',(-1.,-1.110223024625E-16,-0.));
#8575 = ADVANCED_FACE('',(#8576),#8589,.F.);
#8576 = FACE_BOUND('',#8577,.F.);
#8577 = EDGE_LOOP('',(#8578,#8579,#8585,#8586,#8587,#8588));
#8578 = ORIENTED_EDGE('',*,*,#8028,.F.);
#8579 = ORIENTED_EDGE('',*,*,#8580,.T.);
#8580 = EDGE_CURVE('',#8020,#7928,#8581,.T.);
#8581 = LINE('',#8582,#8583);
#8582 = CARTESIAN_POINT('',(2.4,1.105,0.675));
#8583 = VECTOR('',#8584,1.);
#8584 = DIRECTION('',(1.110223024625E-16,-1.,0.));
#8585 = ORIENTED_EDGE('',*,*,#7936,.T.);
#8586 = ORIENTED_EDGE('',*,*,#7837,.T.);
#8587 = ORIENTED_EDGE('',*,*,#5345,.T.);
#8588 = ORIENTED_EDGE('',*,*,#8067,.F.);
#8589 = PLANE('',#8590);
#8590 = AXIS2_PLACEMENT_3D('',#8591,#8592,#8593);
#8591 = CARTESIAN_POINT('',(2.4,1.105,0.675));
#8592 = DIRECTION('',(0.,0.,-1.));
#8593 = DIRECTION('',(-1.,-1.110223024625E-16,-0.));
#8594 = ADVANCED_FACE('',(#8595),#8608,.F.);
#8595 = FACE_BOUND('',#8596,.F.);
#8596 = EDGE_LOOP('',(#8597,#8598,#8604,#8605,#8606,#8607));
#8597 = ORIENTED_EDGE('',*,*,#8251,.F.);
#8598 = ORIENTED_EDGE('',*,*,#8599,.T.);
#8599 = EDGE_CURVE('',#8243,#8151,#8600,.T.);
#8600 = LINE('',#8601,#8602);
#8601 = CARTESIAN_POINT('',(2.4,1.755,0.675));
#8602 = VECTOR('',#8603,1.);
#8603 = DIRECTION('',(1.110223024625E-16,-1.,0.));
#8604 = ORIENTED_EDGE('',*,*,#8159,.T.);
#8605 = ORIENTED_EDGE('',*,*,#8060,.T.);
#8606 = ORIENTED_EDGE('',*,*,#5361,.T.);
#8607 = ORIENTED_EDGE('',*,*,#8285,.F.);
#8608 = PLANE('',#8609);
#8609 = AXIS2_PLACEMENT_3D('',#8610,#8611,#8612);
#8610 = CARTESIAN_POINT('',(2.4,1.755,0.675));
#8611 = DIRECTION('',(0.,0.,-1.));
#8612 = DIRECTION('',(-1.,-1.110223024625E-16,-0.));
#8613 = ADVANCED_FACE('',(#8614,#8620),#8631,.F.);
#8614 = FACE_BOUND('',#8615,.F.);
#8615 = EDGE_LOOP('',(#8616,#8617,#8618,#8619));
#8616 = ORIENTED_EDGE('',*,*,#5492,.F.);
#8617 = ORIENTED_EDGE('',*,*,#5413,.F.);
#8618 = ORIENTED_EDGE('',*,*,#5384,.F.);
#8619 = ORIENTED_EDGE('',*,*,#6709,.F.);
#8620 = FACE_BOUND('',#8621,.F.);
#8621 = EDGE_LOOP('',(#8622));
#8622 = ORIENTED_EDGE('',*,*,#8623,.F.);
#8623 = EDGE_CURVE('',#8624,#8624,#8626,.T.);
#8624 = VERTEX_POINT('',#8625);
#8625 = CARTESIAN_POINT('',(-1.375061033199,1.425061033199,1.1));
#8626 = CIRCLE('',#8627,0.25);
#8627 = AXIS2_PLACEMENT_3D('',#8628,#8629,#8630);
#8628 = CARTESIAN_POINT('',(-1.375061033199,1.675061033199,1.1));
#8629 = DIRECTION('',(0.,-0.,-1.));
#8630 = DIRECTION('',(1.110223024625E-16,-1.,0.));
#8631 = PLANE('',#8632);
#8632 = AXIS2_PLACEMENT_3D('',#8633,#8634,#8635);
#8633 = CARTESIAN_POINT('',(-2.075061033199,2.375061033199,1.1));
#8634 = DIRECTION('',(0.,0.,-1.));
#8635 = DIRECTION('',(0.657944605619,-0.753066329042,0.));
#8636 = ADVANCED_FACE('',(#8637),#8648,.T.);
#8637 = FACE_BOUND('',#8638,.T.);
#8638 = EDGE_LOOP('',(#8639,#8640,#8641,#8642));
#8639 = ORIENTED_EDGE('',*,*,#6916,.T.);
#8640 = ORIENTED_EDGE('',*,*,#6732,.T.);
#8641 = ORIENTED_EDGE('',*,*,#6831,.F.);
#8642 = ORIENTED_EDGE('',*,*,#8643,.F.);
#8643 = EDGE_CURVE('',#6909,#6824,#8644,.T.);
#8644 = LINE('',#8645,#8646);
#8645 = CARTESIAN_POINT('',(2.646201938253,-2.145,0.468412044417));
#8646 = VECTOR('',#8647,1.);
#8647 = DIRECTION('',(1.110223024625E-16,-1.,0.));
#8648 = CYLINDRICAL_SURFACE('',#8649,0.25);
#8649 = AXIS2_PLACEMENT_3D('',#8650,#8651,#8652);
#8650 = CARTESIAN_POINT('',(2.4,-2.145,0.425));
#8651 = DIRECTION('',(-1.110223024625E-16,1.,0.));
#8652 = DIRECTION('',(0.984807753012,1.093356242223E-16,0.173648177667)
  );
#8653 = ADVANCED_FACE('',(#8654),#8665,.F.);
#8654 = FACE_BOUND('',#8655,.F.);
#8655 = EDGE_LOOP('',(#8656,#8662,#8663,#8664));
#8656 = ORIENTED_EDGE('',*,*,#8657,.T.);
#8657 = EDGE_CURVE('',#6900,#6815,#8658,.T.);
#8658 = LINE('',#8659,#8660);
#8659 = CARTESIAN_POINT('',(2.682376446323,-2.145,0.232635182233));
#8660 = VECTOR('',#8661,1.);
#8661 = DIRECTION('',(1.110223024625E-16,-1.,0.));
#8662 = ORIENTED_EDGE('',*,*,#6823,.T.);
#8663 = ORIENTED_EDGE('',*,*,#8643,.F.);
#8664 = ORIENTED_EDGE('',*,*,#6908,.F.);
#8665 = PLANE('',#8666);
#8666 = AXIS2_PLACEMENT_3D('',#8667,#8668,#8669);
#8667 = CARTESIAN_POINT('',(2.682376446323,-2.145,0.232635182233));
#8668 = DIRECTION('',(-0.988433898356,-1.097382072275E-16,
    -0.151652327974));
#8669 = DIRECTION('',(-0.151652327974,-1.683679062546E-17,0.988433898356
    ));
#8670 = ADVANCED_FACE('',(#8671),#8682,.F.);
#8671 = FACE_BOUND('',#8672,.F.);
#8672 = EDGE_LOOP('',(#8673,#8679,#8680,#8681));
#8673 = ORIENTED_EDGE('',*,*,#8674,.T.);
#8674 = EDGE_CURVE('',#6892,#6807,#8675,.T.);
#8675 = LINE('',#8676,#8677);
#8676 = CARTESIAN_POINT('',(2.780857221624,-2.145,0.15));
#8677 = VECTOR('',#8678,1.);
#8678 = DIRECTION('',(1.110223024625E-16,-1.,0.));
#8679 = ORIENTED_EDGE('',*,*,#6814,.T.);
#8680 = ORIENTED_EDGE('',*,*,#8657,.F.);
#8681 = ORIENTED_EDGE('',*,*,#6899,.F.);
#8682 = CYLINDRICAL_SURFACE('',#8683,0.1);
#8683 = AXIS2_PLACEMENT_3D('',#8684,#8685,#8686);
#8684 = CARTESIAN_POINT('',(2.780857221624,-2.145,0.25));
#8685 = DIRECTION('',(-1.110223024625E-16,1.,0.));
#8686 = DIRECTION('',(0.,0.,-1.));
#8687 = ADVANCED_FACE('',(#8688),#8699,.F.);
#8688 = FACE_BOUND('',#8689,.F.);
#8689 = EDGE_LOOP('',(#8690,#8696,#8697,#8698));
#8690 = ORIENTED_EDGE('',*,*,#8691,.T.);
#8691 = EDGE_CURVE('',#6884,#6799,#8692,.T.);
#8692 = LINE('',#8693,#8694);
#8693 = CARTESIAN_POINT('',(3.2,-2.145,0.15));
#8694 = VECTOR('',#8695,1.);
#8695 = DIRECTION('',(1.110223024625E-16,-1.,0.));
#8696 = ORIENTED_EDGE('',*,*,#6806,.T.);
#8697 = ORIENTED_EDGE('',*,*,#8674,.F.);
#8698 = ORIENTED_EDGE('',*,*,#6891,.F.);
#8699 = PLANE('',#8700);
#8700 = AXIS2_PLACEMENT_3D('',#8701,#8702,#8703);
#8701 = CARTESIAN_POINT('',(3.2,-2.145,0.15));
#8702 = DIRECTION('',(0.,0.,-1.));
#8703 = DIRECTION('',(-1.,-1.110223024625E-16,-0.));
#8704 = ADVANCED_FACE('',(#8705),#8716,.F.);
#8705 = FACE_BOUND('',#8706,.F.);
#8706 = EDGE_LOOP('',(#8707,#8713,#8714,#8715));
#8707 = ORIENTED_EDGE('',*,*,#8708,.T.);
#8708 = EDGE_CURVE('',#6876,#6791,#8709,.T.);
#8709 = LINE('',#8710,#8711);
#8710 = CARTESIAN_POINT('',(3.2,-2.145,-1.665334536938E-16));
#8711 = VECTOR('',#8712,1.);
#8712 = DIRECTION('',(1.110223024625E-16,-1.,0.));
#8713 = ORIENTED_EDGE('',*,*,#6798,.T.);
#8714 = ORIENTED_EDGE('',*,*,#8691,.F.);
#8715 = ORIENTED_EDGE('',*,*,#6883,.F.);
#8716 = PLANE('',#8717);
#8717 = AXIS2_PLACEMENT_3D('',#8718,#8719,#8720);
#8718 = CARTESIAN_POINT('',(3.2,-2.145,-1.665334536938E-16));
#8719 = DIRECTION('',(-1.,-1.110223024625E-16,0.));
#8720 = DIRECTION('',(0.,0.,1.));
#8721 = ADVANCED_FACE('',(#8722),#8733,.F.);
#8722 = FACE_BOUND('',#8723,.F.);
#8723 = EDGE_LOOP('',(#8724,#8730,#8731,#8732));
#8724 = ORIENTED_EDGE('',*,*,#8725,.T.);
#8725 = EDGE_CURVE('',#6867,#6782,#8726,.T.);
#8726 = LINE('',#8727,#8728);
#8727 = CARTESIAN_POINT('',(2.780857221624,-2.145,-1.665334536938E-16));
#8728 = VECTOR('',#8729,1.);
#8729 = DIRECTION('',(1.110223024625E-16,-1.,0.));
#8730 = ORIENTED_EDGE('',*,*,#6790,.T.);
#8731 = ORIENTED_EDGE('',*,*,#8708,.F.);
#8732 = ORIENTED_EDGE('',*,*,#6875,.F.);
#8733 = PLANE('',#8734);
#8734 = AXIS2_PLACEMENT_3D('',#8735,#8736,#8737);
#8735 = CARTESIAN_POINT('',(2.780857221624,-2.145,-1.665334536938E-16));
#8736 = DIRECTION('',(0.,0.,1.));
#8737 = DIRECTION('',(1.,1.110223024625E-16,-0.));
#8738 = ADVANCED_FACE('',(#8739),#8750,.T.);
#8739 = FACE_BOUND('',#8740,.T.);
#8740 = EDGE_LOOP('',(#8741,#8742,#8743,#8744));
#8741 = ORIENTED_EDGE('',*,*,#6866,.T.);
#8742 = ORIENTED_EDGE('',*,*,#8725,.T.);
#8743 = ORIENTED_EDGE('',*,*,#6781,.F.);
#8744 = ORIENTED_EDGE('',*,*,#8745,.F.);
#8745 = EDGE_CURVE('',#6859,#6774,#8746,.T.);
#8746 = LINE('',#8747,#8748);
#8747 = CARTESIAN_POINT('',(2.534655283371,-2.145,0.206587955583));
#8748 = VECTOR('',#8749,1.);
#8749 = DIRECTION('',(1.110223024625E-16,-1.,0.));
#8750 = CYLINDRICAL_SURFACE('',#8751,0.25);
#8751 = AXIS2_PLACEMENT_3D('',#8752,#8753,#8754);
#8752 = CARTESIAN_POINT('',(2.780857221624,-2.145,0.25));
#8753 = DIRECTION('',(-1.110223024625E-16,1.,0.));
#8754 = DIRECTION('',(-0.984807753012,-1.093356242223E-16,
    -0.173648177667));
#8755 = ADVANCED_FACE('',(#8756),#8762,.F.);
#8756 = FACE_BOUND('',#8757,.F.);
#8757 = EDGE_LOOP('',(#8758,#8759,#8760,#8761));
#8758 = ORIENTED_EDGE('',*,*,#6934,.T.);
#8759 = ORIENTED_EDGE('',*,*,#6773,.T.);
#8760 = ORIENTED_EDGE('',*,*,#8745,.F.);
#8761 = ORIENTED_EDGE('',*,*,#6858,.F.);
#8762 = PLANE('',#8763);
#8763 = AXIS2_PLACEMENT_3D('',#8764,#8765,#8766);
#8764 = CARTESIAN_POINT('',(2.498480775301,-2.145,0.442364817767));
#8765 = DIRECTION('',(0.988433898356,1.097382072275E-16,0.151652327974)
  );
#8766 = DIRECTION('',(0.151652327974,1.683679062546E-17,-0.988433898356)
  );
#8767 = ADVANCED_FACE('',(#8768),#8779,.T.);
#8768 = FACE_BOUND('',#8769,.T.);
#8769 = EDGE_LOOP('',(#8770,#8771,#8772,#8773));
#8770 = ORIENTED_EDGE('',*,*,#7127,.T.);
#8771 = ORIENTED_EDGE('',*,*,#8504,.T.);
#8772 = ORIENTED_EDGE('',*,*,#7035,.F.);
#8773 = ORIENTED_EDGE('',*,*,#8774,.F.);
#8774 = EDGE_CURVE('',#7120,#7028,#8775,.T.);
#8775 = LINE('',#8776,#8777);
#8776 = CARTESIAN_POINT('',(2.646201938253,-1.495,0.468412044417));
#8777 = VECTOR('',#8778,1.);
#8778 = DIRECTION('',(1.110223024625E-16,-1.,0.));
#8779 = CYLINDRICAL_SURFACE('',#8780,0.25);
#8780 = AXIS2_PLACEMENT_3D('',#8781,#8782,#8783);
#8781 = CARTESIAN_POINT('',(2.4,-1.495,0.425));
#8782 = DIRECTION('',(-1.110223024625E-16,1.,0.));
#8783 = DIRECTION('',(0.984807753012,1.093356242223E-16,0.173648177667)
  );
#8784 = ADVANCED_FACE('',(#8785),#8796,.F.);
#8785 = FACE_BOUND('',#8786,.F.);
#8786 = EDGE_LOOP('',(#8787,#8793,#8794,#8795));
#8787 = ORIENTED_EDGE('',*,*,#8788,.T.);
#8788 = EDGE_CURVE('',#7111,#7019,#8789,.T.);
#8789 = LINE('',#8790,#8791);
#8790 = CARTESIAN_POINT('',(2.682376446323,-1.495,0.232635182233));
#8791 = VECTOR('',#8792,1.);
#8792 = DIRECTION('',(1.110223024625E-16,-1.,0.));
#8793 = ORIENTED_EDGE('',*,*,#7027,.T.);
#8794 = ORIENTED_EDGE('',*,*,#8774,.F.);
#8795 = ORIENTED_EDGE('',*,*,#7119,.F.);
#8796 = PLANE('',#8797);
#8797 = AXIS2_PLACEMENT_3D('',#8798,#8799,#8800);
#8798 = CARTESIAN_POINT('',(2.682376446323,-1.495,0.232635182233));
#8799 = DIRECTION('',(-0.988433898356,-1.097382072275E-16,
    -0.151652327974));
#8800 = DIRECTION('',(-0.151652327974,-1.683679062546E-17,0.988433898356
    ));
#8801 = ADVANCED_FACE('',(#8802),#8813,.F.);
#8802 = FACE_BOUND('',#8803,.F.);
#8803 = EDGE_LOOP('',(#8804,#8810,#8811,#8812));
#8804 = ORIENTED_EDGE('',*,*,#8805,.T.);
#8805 = EDGE_CURVE('',#7103,#7011,#8806,.T.);
#8806 = LINE('',#8807,#8808);
#8807 = CARTESIAN_POINT('',(2.780857221624,-1.495,0.15));
#8808 = VECTOR('',#8809,1.);
#8809 = DIRECTION('',(1.110223024625E-16,-1.,0.));
#8810 = ORIENTED_EDGE('',*,*,#7018,.T.);
#8811 = ORIENTED_EDGE('',*,*,#8788,.F.);
#8812 = ORIENTED_EDGE('',*,*,#7110,.F.);
#8813 = CYLINDRICAL_SURFACE('',#8814,0.1);
#8814 = AXIS2_PLACEMENT_3D('',#8815,#8816,#8817);
#8815 = CARTESIAN_POINT('',(2.780857221624,-1.495,0.25));
#8816 = DIRECTION('',(-1.110223024625E-16,1.,0.));
#8817 = DIRECTION('',(0.,0.,-1.));
#8818 = ADVANCED_FACE('',(#8819),#8830,.F.);
#8819 = FACE_BOUND('',#8820,.F.);
#8820 = EDGE_LOOP('',(#8821,#8827,#8828,#8829));
#8821 = ORIENTED_EDGE('',*,*,#8822,.T.);
#8822 = EDGE_CURVE('',#7095,#7003,#8823,.T.);
#8823 = LINE('',#8824,#8825);
#8824 = CARTESIAN_POINT('',(3.2,-1.495,0.15));
#8825 = VECTOR('',#8826,1.);
#8826 = DIRECTION('',(1.110223024625E-16,-1.,0.));
#8827 = ORIENTED_EDGE('',*,*,#7010,.T.);
#8828 = ORIENTED_EDGE('',*,*,#8805,.F.);
#8829 = ORIENTED_EDGE('',*,*,#7102,.F.);
#8830 = PLANE('',#8831);
#8831 = AXIS2_PLACEMENT_3D('',#8832,#8833,#8834);
#8832 = CARTESIAN_POINT('',(3.2,-1.495,0.15));
#8833 = DIRECTION('',(0.,0.,-1.));
#8834 = DIRECTION('',(-1.,-1.110223024625E-16,-0.));
#8835 = ADVANCED_FACE('',(#8836),#8847,.F.);
#8836 = FACE_BOUND('',#8837,.F.);
#8837 = EDGE_LOOP('',(#8838,#8844,#8845,#8846));
#8838 = ORIENTED_EDGE('',*,*,#8839,.T.);
#8839 = EDGE_CURVE('',#7087,#6995,#8840,.T.);
#8840 = LINE('',#8841,#8842);
#8841 = CARTESIAN_POINT('',(3.2,-1.495,-1.665334536938E-16));
#8842 = VECTOR('',#8843,1.);
#8843 = DIRECTION('',(1.110223024625E-16,-1.,0.));
#8844 = ORIENTED_EDGE('',*,*,#7002,.T.);
#8845 = ORIENTED_EDGE('',*,*,#8822,.F.);
#8846 = ORIENTED_EDGE('',*,*,#7094,.F.);
#8847 = PLANE('',#8848);
#8848 = AXIS2_PLACEMENT_3D('',#8849,#8850,#8851);
#8849 = CARTESIAN_POINT('',(3.2,-1.495,-1.665334536938E-16));
#8850 = DIRECTION('',(-1.,-1.110223024625E-16,0.));
#8851 = DIRECTION('',(0.,0.,1.));
#8852 = ADVANCED_FACE('',(#8853),#8864,.F.);
#8853 = FACE_BOUND('',#8854,.F.);
#8854 = EDGE_LOOP('',(#8855,#8861,#8862,#8863));
#8855 = ORIENTED_EDGE('',*,*,#8856,.T.);
#8856 = EDGE_CURVE('',#7078,#6986,#8857,.T.);
#8857 = LINE('',#8858,#8859);
#8858 = CARTESIAN_POINT('',(2.780857221624,-1.495,-1.665334536938E-16));
#8859 = VECTOR('',#8860,1.);
#8860 = DIRECTION('',(1.110223024625E-16,-1.,0.));
#8861 = ORIENTED_EDGE('',*,*,#6994,.T.);
#8862 = ORIENTED_EDGE('',*,*,#8839,.F.);
#8863 = ORIENTED_EDGE('',*,*,#7086,.F.);
#8864 = PLANE('',#8865);
#8865 = AXIS2_PLACEMENT_3D('',#8866,#8867,#8868);
#8866 = CARTESIAN_POINT('',(2.780857221624,-1.495,-1.665334536938E-16));
#8867 = DIRECTION('',(0.,0.,1.));
#8868 = DIRECTION('',(1.,1.110223024625E-16,-0.));
#8869 = ADVANCED_FACE('',(#8870),#8881,.T.);
#8870 = FACE_BOUND('',#8871,.T.);
#8871 = EDGE_LOOP('',(#8872,#8873,#8874,#8875));
#8872 = ORIENTED_EDGE('',*,*,#7077,.T.);
#8873 = ORIENTED_EDGE('',*,*,#8856,.T.);
#8874 = ORIENTED_EDGE('',*,*,#6985,.F.);
#8875 = ORIENTED_EDGE('',*,*,#8876,.F.);
#8876 = EDGE_CURVE('',#7070,#6978,#8877,.T.);
#8877 = LINE('',#8878,#8879);
#8878 = CARTESIAN_POINT('',(2.534655283371,-1.495,0.206587955583));
#8879 = VECTOR('',#8880,1.);
#8880 = DIRECTION('',(1.110223024625E-16,-1.,0.));
#8881 = CYLINDRICAL_SURFACE('',#8882,0.25);
#8882 = AXIS2_PLACEMENT_3D('',#8883,#8884,#8885);
#8883 = CARTESIAN_POINT('',(2.780857221624,-1.495,0.25));
#8884 = DIRECTION('',(-1.110223024625E-16,1.,0.));
#8885 = DIRECTION('',(-0.984807753012,-1.093356242223E-16,
    -0.173648177667));
#8886 = ADVANCED_FACE('',(#8887),#8893,.F.);
#8887 = FACE_BOUND('',#8888,.F.);
#8888 = EDGE_LOOP('',(#8889,#8890,#8891,#8892));
#8889 = ORIENTED_EDGE('',*,*,#7152,.T.);
#8890 = ORIENTED_EDGE('',*,*,#6977,.T.);
#8891 = ORIENTED_EDGE('',*,*,#8876,.F.);
#8892 = ORIENTED_EDGE('',*,*,#7069,.F.);
#8893 = PLANE('',#8894);
#8894 = AXIS2_PLACEMENT_3D('',#8895,#8896,#8897);
#8895 = CARTESIAN_POINT('',(2.498480775301,-1.495,0.442364817767));
#8896 = DIRECTION('',(0.988433898356,1.097382072275E-16,0.151652327974)
  );
#8897 = DIRECTION('',(0.151652327974,1.683679062546E-17,-0.988433898356)
  );
#8898 = ADVANCED_FACE('',(#8899),#8910,.T.);
#8899 = FACE_BOUND('',#8900,.T.);
#8900 = EDGE_LOOP('',(#8901,#8902,#8903,#8904));
#8901 = ORIENTED_EDGE('',*,*,#7350,.T.);
#8902 = ORIENTED_EDGE('',*,*,#8523,.T.);
#8903 = ORIENTED_EDGE('',*,*,#7258,.F.);
#8904 = ORIENTED_EDGE('',*,*,#8905,.F.);
#8905 = EDGE_CURVE('',#7343,#7251,#8906,.T.);
#8906 = LINE('',#8907,#8908);
#8907 = CARTESIAN_POINT('',(2.646201938253,-0.845,0.468412044417));
#8908 = VECTOR('',#8909,1.);
#8909 = DIRECTION('',(1.110223024625E-16,-1.,0.));
#8910 = CYLINDRICAL_SURFACE('',#8911,0.25);
#8911 = AXIS2_PLACEMENT_3D('',#8912,#8913,#8914);
#8912 = CARTESIAN_POINT('',(2.4,-0.845,0.425));
#8913 = DIRECTION('',(-1.110223024625E-16,1.,0.));
#8914 = DIRECTION('',(0.984807753012,1.093356242223E-16,0.173648177667)
  );
#8915 = ADVANCED_FACE('',(#8916),#8927,.F.);
#8916 = FACE_BOUND('',#8917,.F.);
#8917 = EDGE_LOOP('',(#8918,#8924,#8925,#8926));
#8918 = ORIENTED_EDGE('',*,*,#8919,.T.);
#8919 = EDGE_CURVE('',#7334,#7242,#8920,.T.);
#8920 = LINE('',#8921,#8922);
#8921 = CARTESIAN_POINT('',(2.682376446323,-0.845,0.232635182233));
#8922 = VECTOR('',#8923,1.);
#8923 = DIRECTION('',(1.110223024625E-16,-1.,0.));
#8924 = ORIENTED_EDGE('',*,*,#7250,.T.);
#8925 = ORIENTED_EDGE('',*,*,#8905,.F.);
#8926 = ORIENTED_EDGE('',*,*,#7342,.F.);
#8927 = PLANE('',#8928);
#8928 = AXIS2_PLACEMENT_3D('',#8929,#8930,#8931);
#8929 = CARTESIAN_POINT('',(2.682376446323,-0.845,0.232635182233));
#8930 = DIRECTION('',(-0.988433898356,-1.097382072275E-16,
    -0.151652327974));
#8931 = DIRECTION('',(-0.151652327974,-1.683679062546E-17,0.988433898356
    ));
#8932 = ADVANCED_FACE('',(#8933),#8944,.F.);
#8933 = FACE_BOUND('',#8934,.F.);
#8934 = EDGE_LOOP('',(#8935,#8941,#8942,#8943));
#8935 = ORIENTED_EDGE('',*,*,#8936,.T.);
#8936 = EDGE_CURVE('',#7326,#7234,#8937,.T.);
#8937 = LINE('',#8938,#8939);
#8938 = CARTESIAN_POINT('',(2.780857221624,-0.845,0.15));
#8939 = VECTOR('',#8940,1.);
#8940 = DIRECTION('',(1.110223024625E-16,-1.,0.));
#8941 = ORIENTED_EDGE('',*,*,#7241,.T.);
#8942 = ORIENTED_EDGE('',*,*,#8919,.F.);
#8943 = ORIENTED_EDGE('',*,*,#7333,.F.);
#8944 = CYLINDRICAL_SURFACE('',#8945,0.1);
#8945 = AXIS2_PLACEMENT_3D('',#8946,#8947,#8948);
#8946 = CARTESIAN_POINT('',(2.780857221624,-0.845,0.25));
#8947 = DIRECTION('',(-1.110223024625E-16,1.,0.));
#8948 = DIRECTION('',(0.,0.,-1.));
#8949 = ADVANCED_FACE('',(#8950),#8961,.F.);
#8950 = FACE_BOUND('',#8951,.F.);
#8951 = EDGE_LOOP('',(#8952,#8958,#8959,#8960));
#8952 = ORIENTED_EDGE('',*,*,#8953,.T.);
#8953 = EDGE_CURVE('',#7318,#7226,#8954,.T.);
#8954 = LINE('',#8955,#8956);
#8955 = CARTESIAN_POINT('',(3.2,-0.845,0.15));
#8956 = VECTOR('',#8957,1.);
#8957 = DIRECTION('',(1.110223024625E-16,-1.,0.));
#8958 = ORIENTED_EDGE('',*,*,#7233,.T.);
#8959 = ORIENTED_EDGE('',*,*,#8936,.F.);
#8960 = ORIENTED_EDGE('',*,*,#7325,.F.);
#8961 = PLANE('',#8962);
#8962 = AXIS2_PLACEMENT_3D('',#8963,#8964,#8965);
#8963 = CARTESIAN_POINT('',(3.2,-0.845,0.15));
#8964 = DIRECTION('',(0.,0.,-1.));
#8965 = DIRECTION('',(-1.,-1.110223024625E-16,-0.));
#8966 = ADVANCED_FACE('',(#8967),#8978,.F.);
#8967 = FACE_BOUND('',#8968,.F.);
#8968 = EDGE_LOOP('',(#8969,#8975,#8976,#8977));
#8969 = ORIENTED_EDGE('',*,*,#8970,.T.);
#8970 = EDGE_CURVE('',#7310,#7218,#8971,.T.);
#8971 = LINE('',#8972,#8973);
#8972 = CARTESIAN_POINT('',(3.2,-0.845,-1.665334536938E-16));
#8973 = VECTOR('',#8974,1.);
#8974 = DIRECTION('',(1.110223024625E-16,-1.,0.));
#8975 = ORIENTED_EDGE('',*,*,#7225,.T.);
#8976 = ORIENTED_EDGE('',*,*,#8953,.F.);
#8977 = ORIENTED_EDGE('',*,*,#7317,.F.);
#8978 = PLANE('',#8979);
#8979 = AXIS2_PLACEMENT_3D('',#8980,#8981,#8982);
#8980 = CARTESIAN_POINT('',(3.2,-0.845,-1.665334536938E-16));
#8981 = DIRECTION('',(-1.,-1.110223024625E-16,0.));
#8982 = DIRECTION('',(0.,0.,1.));
#8983 = ADVANCED_FACE('',(#8984),#8995,.F.);
#8984 = FACE_BOUND('',#8985,.F.);
#8985 = EDGE_LOOP('',(#8986,#8992,#8993,#8994));
#8986 = ORIENTED_EDGE('',*,*,#8987,.T.);
#8987 = EDGE_CURVE('',#7301,#7209,#8988,.T.);
#8988 = LINE('',#8989,#8990);
#8989 = CARTESIAN_POINT('',(2.780857221624,-0.845,-1.665334536938E-16));
#8990 = VECTOR('',#8991,1.);
#8991 = DIRECTION('',(1.110223024625E-16,-1.,0.));
#8992 = ORIENTED_EDGE('',*,*,#7217,.T.);
#8993 = ORIENTED_EDGE('',*,*,#8970,.F.);
#8994 = ORIENTED_EDGE('',*,*,#7309,.F.);
#8995 = PLANE('',#8996);
#8996 = AXIS2_PLACEMENT_3D('',#8997,#8998,#8999);
#8997 = CARTESIAN_POINT('',(2.780857221624,-0.845,-1.665334536938E-16));
#8998 = DIRECTION('',(0.,0.,1.));
#8999 = DIRECTION('',(1.,1.110223024625E-16,-0.));
#9000 = ADVANCED_FACE('',(#9001),#9012,.T.);
#9001 = FACE_BOUND('',#9002,.T.);
#9002 = EDGE_LOOP('',(#9003,#9004,#9005,#9006));
#9003 = ORIENTED_EDGE('',*,*,#7300,.T.);
#9004 = ORIENTED_EDGE('',*,*,#8987,.T.);
#9005 = ORIENTED_EDGE('',*,*,#7208,.F.);
#9006 = ORIENTED_EDGE('',*,*,#9007,.F.);
#9007 = EDGE_CURVE('',#7293,#7201,#9008,.T.);
#9008 = LINE('',#9009,#9010);
#9009 = CARTESIAN_POINT('',(2.534655283371,-0.845,0.206587955583));
#9010 = VECTOR('',#9011,1.);
#9011 = DIRECTION('',(1.110223024625E-16,-1.,0.));
#9012 = CYLINDRICAL_SURFACE('',#9013,0.25);
#9013 = AXIS2_PLACEMENT_3D('',#9014,#9015,#9016);
#9014 = CARTESIAN_POINT('',(2.780857221624,-0.845,0.25));
#9015 = DIRECTION('',(-1.110223024625E-16,1.,0.));
#9016 = DIRECTION('',(-0.984807753012,-1.093356242223E-16,
    -0.173648177667));
#9017 = ADVANCED_FACE('',(#9018),#9024,.F.);
#9018 = FACE_BOUND('',#9019,.F.);
#9019 = EDGE_LOOP('',(#9020,#9021,#9022,#9023));
#9020 = ORIENTED_EDGE('',*,*,#7375,.T.);
#9021 = ORIENTED_EDGE('',*,*,#7200,.T.);
#9022 = ORIENTED_EDGE('',*,*,#9007,.F.);
#9023 = ORIENTED_EDGE('',*,*,#7292,.F.);
#9024 = PLANE('',#9025);
#9025 = AXIS2_PLACEMENT_3D('',#9026,#9027,#9028);
#9026 = CARTESIAN_POINT('',(2.498480775301,-0.845,0.442364817767));
#9027 = DIRECTION('',(0.988433898356,1.097382072275E-16,0.151652327974)
  );
#9028 = DIRECTION('',(0.151652327974,1.683679062546E-17,-0.988433898356)
  );
#9029 = ADVANCED_FACE('',(#9030),#9041,.T.);
#9030 = FACE_BOUND('',#9031,.T.);
#9031 = EDGE_LOOP('',(#9032,#9033,#9034,#9035));
#9032 = ORIENTED_EDGE('',*,*,#7573,.T.);
#9033 = ORIENTED_EDGE('',*,*,#8542,.T.);
#9034 = ORIENTED_EDGE('',*,*,#7481,.F.);
#9035 = ORIENTED_EDGE('',*,*,#9036,.F.);
#9036 = EDGE_CURVE('',#7566,#7474,#9037,.T.);
#9037 = LINE('',#9038,#9039);
#9038 = CARTESIAN_POINT('',(2.646201938253,-0.195,0.468412044417));
#9039 = VECTOR('',#9040,1.);
#9040 = DIRECTION('',(1.110223024625E-16,-1.,0.));
#9041 = CYLINDRICAL_SURFACE('',#9042,0.25);
#9042 = AXIS2_PLACEMENT_3D('',#9043,#9044,#9045);
#9043 = CARTESIAN_POINT('',(2.4,-0.195,0.425));
#9044 = DIRECTION('',(-1.110223024625E-16,1.,0.));
#9045 = DIRECTION('',(0.984807753012,1.093356242223E-16,0.173648177667)
  );
#9046 = ADVANCED_FACE('',(#9047),#9058,.F.);
#9047 = FACE_BOUND('',#9048,.F.);
#9048 = EDGE_LOOP('',(#9049,#9055,#9056,#9057));
#9049 = ORIENTED_EDGE('',*,*,#9050,.T.);
#9050 = EDGE_CURVE('',#7557,#7465,#9051,.T.);
#9051 = LINE('',#9052,#9053);
#9052 = CARTESIAN_POINT('',(2.682376446323,-0.195,0.232635182233));
#9053 = VECTOR('',#9054,1.);
#9054 = DIRECTION('',(1.110223024625E-16,-1.,0.));
#9055 = ORIENTED_EDGE('',*,*,#7473,.T.);
#9056 = ORIENTED_EDGE('',*,*,#9036,.F.);
#9057 = ORIENTED_EDGE('',*,*,#7565,.F.);
#9058 = PLANE('',#9059);
#9059 = AXIS2_PLACEMENT_3D('',#9060,#9061,#9062);
#9060 = CARTESIAN_POINT('',(2.682376446323,-0.195,0.232635182233));
#9061 = DIRECTION('',(-0.988433898356,-1.097382072275E-16,
    -0.151652327974));
#9062 = DIRECTION('',(-0.151652327974,-1.683679062546E-17,0.988433898356
    ));
#9063 = ADVANCED_FACE('',(#9064),#9075,.F.);
#9064 = FACE_BOUND('',#9065,.F.);
#9065 = EDGE_LOOP('',(#9066,#9072,#9073,#9074));
#9066 = ORIENTED_EDGE('',*,*,#9067,.T.);
#9067 = EDGE_CURVE('',#7549,#7457,#9068,.T.);
#9068 = LINE('',#9069,#9070);
#9069 = CARTESIAN_POINT('',(2.780857221624,-0.195,0.15));
#9070 = VECTOR('',#9071,1.);
#9071 = DIRECTION('',(1.110223024625E-16,-1.,0.));
#9072 = ORIENTED_EDGE('',*,*,#7464,.T.);
#9073 = ORIENTED_EDGE('',*,*,#9050,.F.);
#9074 = ORIENTED_EDGE('',*,*,#7556,.F.);
#9075 = CYLINDRICAL_SURFACE('',#9076,0.1);
#9076 = AXIS2_PLACEMENT_3D('',#9077,#9078,#9079);
#9077 = CARTESIAN_POINT('',(2.780857221624,-0.195,0.25));
#9078 = DIRECTION('',(-1.110223024625E-16,1.,0.));
#9079 = DIRECTION('',(0.,0.,-1.));
#9080 = ADVANCED_FACE('',(#9081),#9092,.F.);
#9081 = FACE_BOUND('',#9082,.F.);
#9082 = EDGE_LOOP('',(#9083,#9089,#9090,#9091));
#9083 = ORIENTED_EDGE('',*,*,#9084,.T.);
#9084 = EDGE_CURVE('',#7541,#7449,#9085,.T.);
#9085 = LINE('',#9086,#9087);
#9086 = CARTESIAN_POINT('',(3.2,-0.195,0.15));
#9087 = VECTOR('',#9088,1.);
#9088 = DIRECTION('',(1.110223024625E-16,-1.,0.));
#9089 = ORIENTED_EDGE('',*,*,#7456,.T.);
#9090 = ORIENTED_EDGE('',*,*,#9067,.F.);
#9091 = ORIENTED_EDGE('',*,*,#7548,.F.);
#9092 = PLANE('',#9093);
#9093 = AXIS2_PLACEMENT_3D('',#9094,#9095,#9096);
#9094 = CARTESIAN_POINT('',(3.2,-0.195,0.15));
#9095 = DIRECTION('',(0.,0.,-1.));
#9096 = DIRECTION('',(-1.,-1.110223024625E-16,-0.));
#9097 = ADVANCED_FACE('',(#9098),#9109,.F.);
#9098 = FACE_BOUND('',#9099,.F.);
#9099 = EDGE_LOOP('',(#9100,#9106,#9107,#9108));
#9100 = ORIENTED_EDGE('',*,*,#9101,.T.);
#9101 = EDGE_CURVE('',#7533,#7441,#9102,.T.);
#9102 = LINE('',#9103,#9104);
#9103 = CARTESIAN_POINT('',(3.2,-0.195,-1.665334536938E-16));
#9104 = VECTOR('',#9105,1.);
#9105 = DIRECTION('',(1.110223024625E-16,-1.,0.));
#9106 = ORIENTED_EDGE('',*,*,#7448,.T.);
#9107 = ORIENTED_EDGE('',*,*,#9084,.F.);
#9108 = ORIENTED_EDGE('',*,*,#7540,.F.);
#9109 = PLANE('',#9110);
#9110 = AXIS2_PLACEMENT_3D('',#9111,#9112,#9113);
#9111 = CARTESIAN_POINT('',(3.2,-0.195,-1.665334536938E-16));
#9112 = DIRECTION('',(-1.,-1.110223024625E-16,0.));
#9113 = DIRECTION('',(0.,0.,1.));
#9114 = ADVANCED_FACE('',(#9115),#9126,.F.);
#9115 = FACE_BOUND('',#9116,.F.);
#9116 = EDGE_LOOP('',(#9117,#9123,#9124,#9125));
#9117 = ORIENTED_EDGE('',*,*,#9118,.T.);
#9118 = EDGE_CURVE('',#7524,#7432,#9119,.T.);
#9119 = LINE('',#9120,#9121);
#9120 = CARTESIAN_POINT('',(2.780857221624,-0.195,-1.665334536938E-16));
#9121 = VECTOR('',#9122,1.);
#9122 = DIRECTION('',(1.110223024625E-16,-1.,0.));
#9123 = ORIENTED_EDGE('',*,*,#7440,.T.);
#9124 = ORIENTED_EDGE('',*,*,#9101,.F.);
#9125 = ORIENTED_EDGE('',*,*,#7532,.F.);
#9126 = PLANE('',#9127);
#9127 = AXIS2_PLACEMENT_3D('',#9128,#9129,#9130);
#9128 = CARTESIAN_POINT('',(2.780857221624,-0.195,-1.665334536938E-16));
#9129 = DIRECTION('',(0.,0.,1.));
#9130 = DIRECTION('',(1.,1.110223024625E-16,-0.));
#9131 = ADVANCED_FACE('',(#9132),#9143,.T.);
#9132 = FACE_BOUND('',#9133,.T.);
#9133 = EDGE_LOOP('',(#9134,#9135,#9136,#9137));
#9134 = ORIENTED_EDGE('',*,*,#7523,.T.);
#9135 = ORIENTED_EDGE('',*,*,#9118,.T.);
#9136 = ORIENTED_EDGE('',*,*,#7431,.F.);
#9137 = ORIENTED_EDGE('',*,*,#9138,.F.);
#9138 = EDGE_CURVE('',#7516,#7424,#9139,.T.);
#9139 = LINE('',#9140,#9141);
#9140 = CARTESIAN_POINT('',(2.534655283371,-0.195,0.206587955583));
#9141 = VECTOR('',#9142,1.);
#9142 = DIRECTION('',(1.110223024625E-16,-1.,0.));
#9143 = CYLINDRICAL_SURFACE('',#9144,0.25);
#9144 = AXIS2_PLACEMENT_3D('',#9145,#9146,#9147);
#9145 = CARTESIAN_POINT('',(2.780857221624,-0.195,0.25));
#9146 = DIRECTION('',(-1.110223024625E-16,1.,0.));
#9147 = DIRECTION('',(-0.984807753012,-1.093356242223E-16,
    -0.173648177667));
#9148 = ADVANCED_FACE('',(#9149),#9155,.F.);
#9149 = FACE_BOUND('',#9150,.F.);
#9150 = EDGE_LOOP('',(#9151,#9152,#9153,#9154));
#9151 = ORIENTED_EDGE('',*,*,#7598,.T.);
#9152 = ORIENTED_EDGE('',*,*,#7423,.T.);
#9153 = ORIENTED_EDGE('',*,*,#9138,.F.);
#9154 = ORIENTED_EDGE('',*,*,#7515,.F.);
#9155 = PLANE('',#9156);
#9156 = AXIS2_PLACEMENT_3D('',#9157,#9158,#9159);
#9157 = CARTESIAN_POINT('',(2.498480775301,-0.195,0.442364817767));
#9158 = DIRECTION('',(0.988433898356,1.097382072275E-16,0.151652327974)
  );
#9159 = DIRECTION('',(0.151652327974,1.683679062546E-17,-0.988433898356)
  );
#9160 = ADVANCED_FACE('',(#9161),#9172,.T.);
#9161 = FACE_BOUND('',#9162,.T.);
#9162 = EDGE_LOOP('',(#9163,#9164,#9165,#9166));
#9163 = ORIENTED_EDGE('',*,*,#7796,.T.);
#9164 = ORIENTED_EDGE('',*,*,#8561,.T.);
#9165 = ORIENTED_EDGE('',*,*,#7704,.F.);
#9166 = ORIENTED_EDGE('',*,*,#9167,.F.);
#9167 = EDGE_CURVE('',#7789,#7697,#9168,.T.);
#9168 = LINE('',#9169,#9170);
#9169 = CARTESIAN_POINT('',(2.646201938253,0.455,0.468412044417));
#9170 = VECTOR('',#9171,1.);
#9171 = DIRECTION('',(1.110223024625E-16,-1.,0.));
#9172 = CYLINDRICAL_SURFACE('',#9173,0.25);
#9173 = AXIS2_PLACEMENT_3D('',#9174,#9175,#9176);
#9174 = CARTESIAN_POINT('',(2.4,0.455,0.425));
#9175 = DIRECTION('',(-1.110223024625E-16,1.,0.));
#9176 = DIRECTION('',(0.984807753012,1.093356242223E-16,0.173648177667)
  );
#9177 = ADVANCED_FACE('',(#9178),#9189,.F.);
#9178 = FACE_BOUND('',#9179,.F.);
#9179 = EDGE_LOOP('',(#9180,#9186,#9187,#9188));
#9180 = ORIENTED_EDGE('',*,*,#9181,.T.);
#9181 = EDGE_CURVE('',#7780,#7688,#9182,.T.);
#9182 = LINE('',#9183,#9184);
#9183 = CARTESIAN_POINT('',(2.682376446323,0.455,0.232635182233));
#9184 = VECTOR('',#9185,1.);
#9185 = DIRECTION('',(1.110223024625E-16,-1.,0.));
#9186 = ORIENTED_EDGE('',*,*,#7696,.T.);
#9187 = ORIENTED_EDGE('',*,*,#9167,.F.);
#9188 = ORIENTED_EDGE('',*,*,#7788,.F.);
#9189 = PLANE('',#9190);
#9190 = AXIS2_PLACEMENT_3D('',#9191,#9192,#9193);
#9191 = CARTESIAN_POINT('',(2.682376446323,0.455,0.232635182233));
#9192 = DIRECTION('',(-0.988433898356,-1.097382072275E-16,
    -0.151652327974));
#9193 = DIRECTION('',(-0.151652327974,-1.683679062546E-17,0.988433898356
    ));
#9194 = ADVANCED_FACE('',(#9195),#9206,.F.);
#9195 = FACE_BOUND('',#9196,.F.);
#9196 = EDGE_LOOP('',(#9197,#9203,#9204,#9205));
#9197 = ORIENTED_EDGE('',*,*,#9198,.T.);
#9198 = EDGE_CURVE('',#7772,#7680,#9199,.T.);
#9199 = LINE('',#9200,#9201);
#9200 = CARTESIAN_POINT('',(2.780857221624,0.455,0.15));
#9201 = VECTOR('',#9202,1.);
#9202 = DIRECTION('',(1.110223024625E-16,-1.,0.));
#9203 = ORIENTED_EDGE('',*,*,#7687,.T.);
#9204 = ORIENTED_EDGE('',*,*,#9181,.F.);
#9205 = ORIENTED_EDGE('',*,*,#7779,.F.);
#9206 = CYLINDRICAL_SURFACE('',#9207,0.1);
#9207 = AXIS2_PLACEMENT_3D('',#9208,#9209,#9210);
#9208 = CARTESIAN_POINT('',(2.780857221624,0.455,0.25));
#9209 = DIRECTION('',(-1.110223024625E-16,1.,0.));
#9210 = DIRECTION('',(0.,0.,-1.));
#9211 = ADVANCED_FACE('',(#9212),#9223,.F.);
#9212 = FACE_BOUND('',#9213,.F.);
#9213 = EDGE_LOOP('',(#9214,#9220,#9221,#9222));
#9214 = ORIENTED_EDGE('',*,*,#9215,.T.);
#9215 = EDGE_CURVE('',#7764,#7672,#9216,.T.);
#9216 = LINE('',#9217,#9218);
#9217 = CARTESIAN_POINT('',(3.2,0.455,0.15));
#9218 = VECTOR('',#9219,1.);
#9219 = DIRECTION('',(1.110223024625E-16,-1.,0.));
#9220 = ORIENTED_EDGE('',*,*,#7679,.T.);
#9221 = ORIENTED_EDGE('',*,*,#9198,.F.);
#9222 = ORIENTED_EDGE('',*,*,#7771,.F.);
#9223 = PLANE('',#9224);
#9224 = AXIS2_PLACEMENT_3D('',#9225,#9226,#9227);
#9225 = CARTESIAN_POINT('',(3.2,0.455,0.15));
#9226 = DIRECTION('',(0.,0.,-1.));
#9227 = DIRECTION('',(-1.,-1.110223024625E-16,-0.));
#9228 = ADVANCED_FACE('',(#9229),#9240,.F.);
#9229 = FACE_BOUND('',#9230,.F.);
#9230 = EDGE_LOOP('',(#9231,#9237,#9238,#9239));
#9231 = ORIENTED_EDGE('',*,*,#9232,.T.);
#9232 = EDGE_CURVE('',#7756,#7664,#9233,.T.);
#9233 = LINE('',#9234,#9235);
#9234 = CARTESIAN_POINT('',(3.2,0.455,-1.665334536938E-16));
#9235 = VECTOR('',#9236,1.);
#9236 = DIRECTION('',(1.110223024625E-16,-1.,0.));
#9237 = ORIENTED_EDGE('',*,*,#7671,.T.);
#9238 = ORIENTED_EDGE('',*,*,#9215,.F.);
#9239 = ORIENTED_EDGE('',*,*,#7763,.F.);
#9240 = PLANE('',#9241);
#9241 = AXIS2_PLACEMENT_3D('',#9242,#9243,#9244);
#9242 = CARTESIAN_POINT('',(3.2,0.455,-1.665334536938E-16));
#9243 = DIRECTION('',(-1.,-1.110223024625E-16,0.));
#9244 = DIRECTION('',(0.,0.,1.));
#9245 = ADVANCED_FACE('',(#9246),#9257,.F.);
#9246 = FACE_BOUND('',#9247,.F.);
#9247 = EDGE_LOOP('',(#9248,#9254,#9255,#9256));
#9248 = ORIENTED_EDGE('',*,*,#9249,.T.);
#9249 = EDGE_CURVE('',#7747,#7655,#9250,.T.);
#9250 = LINE('',#9251,#9252);
#9251 = CARTESIAN_POINT('',(2.780857221624,0.455,-1.665334536938E-16));
#9252 = VECTOR('',#9253,1.);
#9253 = DIRECTION('',(1.110223024625E-16,-1.,0.));
#9254 = ORIENTED_EDGE('',*,*,#7663,.T.);
#9255 = ORIENTED_EDGE('',*,*,#9232,.F.);
#9256 = ORIENTED_EDGE('',*,*,#7755,.F.);
#9257 = PLANE('',#9258);
#9258 = AXIS2_PLACEMENT_3D('',#9259,#9260,#9261);
#9259 = CARTESIAN_POINT('',(2.780857221624,0.455,-1.665334536938E-16));
#9260 = DIRECTION('',(0.,0.,1.));
#9261 = DIRECTION('',(1.,1.110223024625E-16,-0.));
#9262 = ADVANCED_FACE('',(#9263),#9274,.T.);
#9263 = FACE_BOUND('',#9264,.T.);
#9264 = EDGE_LOOP('',(#9265,#9266,#9267,#9268));
#9265 = ORIENTED_EDGE('',*,*,#7746,.T.);
#9266 = ORIENTED_EDGE('',*,*,#9249,.T.);
#9267 = ORIENTED_EDGE('',*,*,#7654,.F.);
#9268 = ORIENTED_EDGE('',*,*,#9269,.F.);
#9269 = EDGE_CURVE('',#7739,#7647,#9270,.T.);
#9270 = LINE('',#9271,#9272);
#9271 = CARTESIAN_POINT('',(2.534655283371,0.455,0.206587955583));
#9272 = VECTOR('',#9273,1.);
#9273 = DIRECTION('',(1.110223024625E-16,-1.,0.));
#9274 = CYLINDRICAL_SURFACE('',#9275,0.25);
#9275 = AXIS2_PLACEMENT_3D('',#9276,#9277,#9278);
#9276 = CARTESIAN_POINT('',(2.780857221624,0.455,0.25));
#9277 = DIRECTION('',(-1.110223024625E-16,1.,0.));
#9278 = DIRECTION('',(-0.984807753012,-1.093356242223E-16,
    -0.173648177667));
#9279 = ADVANCED_FACE('',(#9280),#9286,.F.);
#9280 = FACE_BOUND('',#9281,.F.);
#9281 = EDGE_LOOP('',(#9282,#9283,#9284,#9285));
#9282 = ORIENTED_EDGE('',*,*,#7821,.T.);
#9283 = ORIENTED_EDGE('',*,*,#7646,.T.);
#9284 = ORIENTED_EDGE('',*,*,#9269,.F.);
#9285 = ORIENTED_EDGE('',*,*,#7738,.F.);
#9286 = PLANE('',#9287);
#9287 = AXIS2_PLACEMENT_3D('',#9288,#9289,#9290);
#9288 = CARTESIAN_POINT('',(2.498480775301,0.455,0.442364817767));
#9289 = DIRECTION('',(0.988433898356,1.097382072275E-16,0.151652327974)
  );
#9290 = DIRECTION('',(0.151652327974,1.683679062546E-17,-0.988433898356)
  );
#9291 = ADVANCED_FACE('',(#9292),#9303,.T.);
#9292 = FACE_BOUND('',#9293,.T.);
#9293 = EDGE_LOOP('',(#9294,#9295,#9296,#9297));
#9294 = ORIENTED_EDGE('',*,*,#8019,.T.);
#9295 = ORIENTED_EDGE('',*,*,#8580,.T.);
#9296 = ORIENTED_EDGE('',*,*,#7927,.F.);
#9297 = ORIENTED_EDGE('',*,*,#9298,.F.);
#9298 = EDGE_CURVE('',#8012,#7920,#9299,.T.);
#9299 = LINE('',#9300,#9301);
#9300 = CARTESIAN_POINT('',(2.646201938253,1.105,0.468412044417));
#9301 = VECTOR('',#9302,1.);
#9302 = DIRECTION('',(1.110223024625E-16,-1.,0.));
#9303 = CYLINDRICAL_SURFACE('',#9304,0.25);
#9304 = AXIS2_PLACEMENT_3D('',#9305,#9306,#9307);
#9305 = CARTESIAN_POINT('',(2.4,1.105,0.425));
#9306 = DIRECTION('',(-1.110223024625E-16,1.,0.));
#9307 = DIRECTION('',(0.984807753012,1.093356242223E-16,0.173648177667)
  );
#9308 = ADVANCED_FACE('',(#9309),#9320,.F.);
#9309 = FACE_BOUND('',#9310,.F.);
#9310 = EDGE_LOOP('',(#9311,#9317,#9318,#9319));
#9311 = ORIENTED_EDGE('',*,*,#9312,.T.);
#9312 = EDGE_CURVE('',#8003,#7911,#9313,.T.);
#9313 = LINE('',#9314,#9315);
#9314 = CARTESIAN_POINT('',(2.682376446323,1.105,0.232635182233));
#9315 = VECTOR('',#9316,1.);
#9316 = DIRECTION('',(1.110223024625E-16,-1.,0.));
#9317 = ORIENTED_EDGE('',*,*,#7919,.T.);
#9318 = ORIENTED_EDGE('',*,*,#9298,.F.);
#9319 = ORIENTED_EDGE('',*,*,#8011,.F.);
#9320 = PLANE('',#9321);
#9321 = AXIS2_PLACEMENT_3D('',#9322,#9323,#9324);
#9322 = CARTESIAN_POINT('',(2.682376446323,1.105,0.232635182233));
#9323 = DIRECTION('',(-0.988433898356,-1.097382072275E-16,
    -0.151652327974));
#9324 = DIRECTION('',(-0.151652327974,-1.683679062546E-17,0.988433898356
    ));
#9325 = ADVANCED_FACE('',(#9326),#9337,.F.);
#9326 = FACE_BOUND('',#9327,.F.);
#9327 = EDGE_LOOP('',(#9328,#9334,#9335,#9336));
#9328 = ORIENTED_EDGE('',*,*,#9329,.T.);
#9329 = EDGE_CURVE('',#7995,#7903,#9330,.T.);
#9330 = LINE('',#9331,#9332);
#9331 = CARTESIAN_POINT('',(2.780857221624,1.105,0.15));
#9332 = VECTOR('',#9333,1.);
#9333 = DIRECTION('',(1.110223024625E-16,-1.,0.));
#9334 = ORIENTED_EDGE('',*,*,#7910,.T.);
#9335 = ORIENTED_EDGE('',*,*,#9312,.F.);
#9336 = ORIENTED_EDGE('',*,*,#8002,.F.);
#9337 = CYLINDRICAL_SURFACE('',#9338,0.1);
#9338 = AXIS2_PLACEMENT_3D('',#9339,#9340,#9341);
#9339 = CARTESIAN_POINT('',(2.780857221624,1.105,0.25));
#9340 = DIRECTION('',(-1.110223024625E-16,1.,0.));
#9341 = DIRECTION('',(0.,0.,-1.));
#9342 = ADVANCED_FACE('',(#9343),#9354,.F.);
#9343 = FACE_BOUND('',#9344,.F.);
#9344 = EDGE_LOOP('',(#9345,#9351,#9352,#9353));
#9345 = ORIENTED_EDGE('',*,*,#9346,.T.);
#9346 = EDGE_CURVE('',#7987,#7895,#9347,.T.);
#9347 = LINE('',#9348,#9349);
#9348 = CARTESIAN_POINT('',(3.2,1.105,0.15));
#9349 = VECTOR('',#9350,1.);
#9350 = DIRECTION('',(1.110223024625E-16,-1.,0.));
#9351 = ORIENTED_EDGE('',*,*,#7902,.T.);
#9352 = ORIENTED_EDGE('',*,*,#9329,.F.);
#9353 = ORIENTED_EDGE('',*,*,#7994,.F.);
#9354 = PLANE('',#9355);
#9355 = AXIS2_PLACEMENT_3D('',#9356,#9357,#9358);
#9356 = CARTESIAN_POINT('',(3.2,1.105,0.15));
#9357 = DIRECTION('',(0.,0.,-1.));
#9358 = DIRECTION('',(-1.,-1.110223024625E-16,-0.));
#9359 = ADVANCED_FACE('',(#9360),#9371,.F.);
#9360 = FACE_BOUND('',#9361,.F.);
#9361 = EDGE_LOOP('',(#9362,#9368,#9369,#9370));
#9362 = ORIENTED_EDGE('',*,*,#9363,.T.);
#9363 = EDGE_CURVE('',#7979,#7887,#9364,.T.);
#9364 = LINE('',#9365,#9366);
#9365 = CARTESIAN_POINT('',(3.2,1.105,-1.665334536938E-16));
#9366 = VECTOR('',#9367,1.);
#9367 = DIRECTION('',(1.110223024625E-16,-1.,0.));
#9368 = ORIENTED_EDGE('',*,*,#7894,.T.);
#9369 = ORIENTED_EDGE('',*,*,#9346,.F.);
#9370 = ORIENTED_EDGE('',*,*,#7986,.F.);
#9371 = PLANE('',#9372);
#9372 = AXIS2_PLACEMENT_3D('',#9373,#9374,#9375);
#9373 = CARTESIAN_POINT('',(3.2,1.105,-1.665334536938E-16));
#9374 = DIRECTION('',(-1.,-1.110223024625E-16,0.));
#9375 = DIRECTION('',(0.,0.,1.));
#9376 = ADVANCED_FACE('',(#9377),#9388,.F.);
#9377 = FACE_BOUND('',#9378,.F.);
#9378 = EDGE_LOOP('',(#9379,#9385,#9386,#9387));
#9379 = ORIENTED_EDGE('',*,*,#9380,.T.);
#9380 = EDGE_CURVE('',#7970,#7878,#9381,.T.);
#9381 = LINE('',#9382,#9383);
#9382 = CARTESIAN_POINT('',(2.780857221624,1.105,-1.665334536938E-16));
#9383 = VECTOR('',#9384,1.);
#9384 = DIRECTION('',(1.110223024625E-16,-1.,0.));
#9385 = ORIENTED_EDGE('',*,*,#7886,.T.);
#9386 = ORIENTED_EDGE('',*,*,#9363,.F.);
#9387 = ORIENTED_EDGE('',*,*,#7978,.F.);
#9388 = PLANE('',#9389);
#9389 = AXIS2_PLACEMENT_3D('',#9390,#9391,#9392);
#9390 = CARTESIAN_POINT('',(2.780857221624,1.105,-1.665334536938E-16));
#9391 = DIRECTION('',(0.,0.,1.));
#9392 = DIRECTION('',(1.,1.110223024625E-16,-0.));
#9393 = ADVANCED_FACE('',(#9394),#9405,.T.);
#9394 = FACE_BOUND('',#9395,.T.);
#9395 = EDGE_LOOP('',(#9396,#9397,#9398,#9399));
#9396 = ORIENTED_EDGE('',*,*,#7969,.T.);
#9397 = ORIENTED_EDGE('',*,*,#9380,.T.);
#9398 = ORIENTED_EDGE('',*,*,#7877,.F.);
#9399 = ORIENTED_EDGE('',*,*,#9400,.F.);
#9400 = EDGE_CURVE('',#7962,#7870,#9401,.T.);
#9401 = LINE('',#9402,#9403);
#9402 = CARTESIAN_POINT('',(2.534655283371,1.105,0.206587955583));
#9403 = VECTOR('',#9404,1.);
#9404 = DIRECTION('',(1.110223024625E-16,-1.,0.));
#9405 = CYLINDRICAL_SURFACE('',#9406,0.25);
#9406 = AXIS2_PLACEMENT_3D('',#9407,#9408,#9409);
#9407 = CARTESIAN_POINT('',(2.780857221624,1.105,0.25));
#9408 = DIRECTION('',(-1.110223024625E-16,1.,0.));
#9409 = DIRECTION('',(-0.984807753012,-1.093356242223E-16,
    -0.173648177667));
#9410 = ADVANCED_FACE('',(#9411),#9417,.F.);
#9411 = FACE_BOUND('',#9412,.F.);
#9412 = EDGE_LOOP('',(#9413,#9414,#9415,#9416));
#9413 = ORIENTED_EDGE('',*,*,#8044,.T.);
#9414 = ORIENTED_EDGE('',*,*,#7869,.T.);
#9415 = ORIENTED_EDGE('',*,*,#9400,.F.);
#9416 = ORIENTED_EDGE('',*,*,#7961,.F.);
#9417 = PLANE('',#9418);
#9418 = AXIS2_PLACEMENT_3D('',#9419,#9420,#9421);
#9419 = CARTESIAN_POINT('',(2.498480775301,1.105,0.442364817767));
#9420 = DIRECTION('',(0.988433898356,1.097382072275E-16,0.151652327974)
  );
#9421 = DIRECTION('',(0.151652327974,1.683679062546E-17,-0.988433898356)
  );
#9422 = ADVANCED_FACE('',(#9423),#9434,.T.);
#9423 = FACE_BOUND('',#9424,.T.);
#9424 = EDGE_LOOP('',(#9425,#9426,#9427,#9428));
#9425 = ORIENTED_EDGE('',*,*,#8242,.T.);
#9426 = ORIENTED_EDGE('',*,*,#8599,.T.);
#9427 = ORIENTED_EDGE('',*,*,#8150,.F.);
#9428 = ORIENTED_EDGE('',*,*,#9429,.F.);
#9429 = EDGE_CURVE('',#8235,#8143,#9430,.T.);
#9430 = LINE('',#9431,#9432);
#9431 = CARTESIAN_POINT('',(2.646201938253,1.755,0.468412044417));
#9432 = VECTOR('',#9433,1.);
#9433 = DIRECTION('',(1.110223024625E-16,-1.,0.));
#9434 = CYLINDRICAL_SURFACE('',#9435,0.25);
#9435 = AXIS2_PLACEMENT_3D('',#9436,#9437,#9438);
#9436 = CARTESIAN_POINT('',(2.4,1.755,0.425));
#9437 = DIRECTION('',(-1.110223024625E-16,1.,0.));
#9438 = DIRECTION('',(0.984807753012,1.093356242223E-16,0.173648177667)
  );
#9439 = ADVANCED_FACE('',(#9440),#9451,.F.);
#9440 = FACE_BOUND('',#9441,.F.);
#9441 = EDGE_LOOP('',(#9442,#9448,#9449,#9450));
#9442 = ORIENTED_EDGE('',*,*,#9443,.T.);
#9443 = EDGE_CURVE('',#8226,#8134,#9444,.T.);
#9444 = LINE('',#9445,#9446);
#9445 = CARTESIAN_POINT('',(2.682376446323,1.755,0.232635182233));
#9446 = VECTOR('',#9447,1.);
#9447 = DIRECTION('',(1.110223024625E-16,-1.,0.));
#9448 = ORIENTED_EDGE('',*,*,#8142,.T.);
#9449 = ORIENTED_EDGE('',*,*,#9429,.F.);
#9450 = ORIENTED_EDGE('',*,*,#8234,.F.);
#9451 = PLANE('',#9452);
#9452 = AXIS2_PLACEMENT_3D('',#9453,#9454,#9455);
#9453 = CARTESIAN_POINT('',(2.682376446323,1.755,0.232635182233));
#9454 = DIRECTION('',(-0.988433898356,-1.097382072275E-16,
    -0.151652327974));
#9455 = DIRECTION('',(-0.151652327974,-1.683679062546E-17,0.988433898356
    ));
#9456 = ADVANCED_FACE('',(#9457),#9468,.F.);
#9457 = FACE_BOUND('',#9458,.F.);
#9458 = EDGE_LOOP('',(#9459,#9465,#9466,#9467));
#9459 = ORIENTED_EDGE('',*,*,#9460,.T.);
#9460 = EDGE_CURVE('',#8218,#8126,#9461,.T.);
#9461 = LINE('',#9462,#9463);
#9462 = CARTESIAN_POINT('',(2.780857221624,1.755,0.15));
#9463 = VECTOR('',#9464,1.);
#9464 = DIRECTION('',(1.110223024625E-16,-1.,0.));
#9465 = ORIENTED_EDGE('',*,*,#8133,.T.);
#9466 = ORIENTED_EDGE('',*,*,#9443,.F.);
#9467 = ORIENTED_EDGE('',*,*,#8225,.F.);
#9468 = CYLINDRICAL_SURFACE('',#9469,0.1);
#9469 = AXIS2_PLACEMENT_3D('',#9470,#9471,#9472);
#9470 = CARTESIAN_POINT('',(2.780857221624,1.755,0.25));
#9471 = DIRECTION('',(-1.110223024625E-16,1.,0.));
#9472 = DIRECTION('',(0.,0.,-1.));
#9473 = ADVANCED_FACE('',(#9474),#9485,.F.);
#9474 = FACE_BOUND('',#9475,.F.);
#9475 = EDGE_LOOP('',(#9476,#9482,#9483,#9484));
#9476 = ORIENTED_EDGE('',*,*,#9477,.T.);
#9477 = EDGE_CURVE('',#8210,#8118,#9478,.T.);
#9478 = LINE('',#9479,#9480);
#9479 = CARTESIAN_POINT('',(3.2,1.755,0.15));
#9480 = VECTOR('',#9481,1.);
#9481 = DIRECTION('',(1.110223024625E-16,-1.,0.));
#9482 = ORIENTED_EDGE('',*,*,#8125,.T.);
#9483 = ORIENTED_EDGE('',*,*,#9460,.F.);
#9484 = ORIENTED_EDGE('',*,*,#8217,.F.);
#9485 = PLANE('',#9486);
#9486 = AXIS2_PLACEMENT_3D('',#9487,#9488,#9489);
#9487 = CARTESIAN_POINT('',(3.2,1.755,0.15));
#9488 = DIRECTION('',(0.,0.,-1.));
#9489 = DIRECTION('',(-1.,-1.110223024625E-16,-0.));
#9490 = ADVANCED_FACE('',(#9491),#9502,.F.);
#9491 = FACE_BOUND('',#9492,.F.);
#9492 = EDGE_LOOP('',(#9493,#9499,#9500,#9501));
#9493 = ORIENTED_EDGE('',*,*,#9494,.T.);
#9494 = EDGE_CURVE('',#8202,#8110,#9495,.T.);
#9495 = LINE('',#9496,#9497);
#9496 = CARTESIAN_POINT('',(3.2,1.755,-1.665334536938E-16));
#9497 = VECTOR('',#9498,1.);
#9498 = DIRECTION('',(1.110223024625E-16,-1.,0.));
#9499 = ORIENTED_EDGE('',*,*,#8117,.T.);
#9500 = ORIENTED_EDGE('',*,*,#9477,.F.);
#9501 = ORIENTED_EDGE('',*,*,#8209,.F.);
#9502 = PLANE('',#9503);
#9503 = AXIS2_PLACEMENT_3D('',#9504,#9505,#9506);
#9504 = CARTESIAN_POINT('',(3.2,1.755,-1.665334536938E-16));
#9505 = DIRECTION('',(-1.,-1.110223024625E-16,0.));
#9506 = DIRECTION('',(0.,0.,1.));
#9507 = ADVANCED_FACE('',(#9508),#9519,.F.);
#9508 = FACE_BOUND('',#9509,.F.);
#9509 = EDGE_LOOP('',(#9510,#9516,#9517,#9518));
#9510 = ORIENTED_EDGE('',*,*,#9511,.T.);
#9511 = EDGE_CURVE('',#8193,#8101,#9512,.T.);
#9512 = LINE('',#9513,#9514);
#9513 = CARTESIAN_POINT('',(2.780857221624,1.755,-1.665334536938E-16));
#9514 = VECTOR('',#9515,1.);
#9515 = DIRECTION('',(1.110223024625E-16,-1.,0.));
#9516 = ORIENTED_EDGE('',*,*,#8109,.T.);
#9517 = ORIENTED_EDGE('',*,*,#9494,.F.);
#9518 = ORIENTED_EDGE('',*,*,#8201,.F.);
#9519 = PLANE('',#9520);
#9520 = AXIS2_PLACEMENT_3D('',#9521,#9522,#9523);
#9521 = CARTESIAN_POINT('',(2.780857221624,1.755,-1.665334536938E-16));
#9522 = DIRECTION('',(0.,0.,1.));
#9523 = DIRECTION('',(1.,1.110223024625E-16,-0.));
#9524 = ADVANCED_FACE('',(#9525),#9536,.T.);
#9525 = FACE_BOUND('',#9526,.T.);
#9526 = EDGE_LOOP('',(#9527,#9528,#9529,#9530));
#9527 = ORIENTED_EDGE('',*,*,#8192,.T.);
#9528 = ORIENTED_EDGE('',*,*,#9511,.T.);
#9529 = ORIENTED_EDGE('',*,*,#8100,.F.);
#9530 = ORIENTED_EDGE('',*,*,#9531,.F.);
#9531 = EDGE_CURVE('',#8185,#8093,#9532,.T.);
#9532 = LINE('',#9533,#9534);
#9533 = CARTESIAN_POINT('',(2.534655283371,1.755,0.206587955583));
#9534 = VECTOR('',#9535,1.);
#9535 = DIRECTION('',(1.110223024625E-16,-1.,0.));
#9536 = CYLINDRICAL_SURFACE('',#9537,0.25);
#9537 = AXIS2_PLACEMENT_3D('',#9538,#9539,#9540);
#9538 = CARTESIAN_POINT('',(2.780857221624,1.755,0.25));
#9539 = DIRECTION('',(-1.110223024625E-16,1.,0.));
#9540 = DIRECTION('',(-0.984807753012,-1.093356242223E-16,
    -0.173648177667));
#9541 = ADVANCED_FACE('',(#9542),#9548,.F.);
#9542 = FACE_BOUND('',#9543,.F.);
#9543 = EDGE_LOOP('',(#9544,#9545,#9546,#9547));
#9544 = ORIENTED_EDGE('',*,*,#8267,.T.);
#9545 = ORIENTED_EDGE('',*,*,#8092,.T.);
#9546 = ORIENTED_EDGE('',*,*,#9531,.F.);
#9547 = ORIENTED_EDGE('',*,*,#8184,.F.);
#9548 = PLANE('',#9549);
#9549 = AXIS2_PLACEMENT_3D('',#9550,#9551,#9552);
#9550 = CARTESIAN_POINT('',(2.498480775301,1.755,0.442364817767));
#9551 = DIRECTION('',(0.988433898356,1.097382072275E-16,0.151652327974)
  );
#9552 = DIRECTION('',(0.151652327974,1.683679062546E-17,-0.988433898356)
  );
#9553 = ADVANCED_FACE('',(#9554),#9565,.F.);
#9554 = FACE_BOUND('',#9555,.F.);
#9555 = EDGE_LOOP('',(#9556,#9562,#9563,#9564));
#9556 = ORIENTED_EDGE('',*,*,#9557,.T.);
#9557 = EDGE_CURVE('',#8437,#8352,#9558,.T.);
#9558 = LINE('',#9559,#9560);
#9559 = CARTESIAN_POINT('',(2.682376446323,2.405,0.232635182233));
#9560 = VECTOR('',#9561,1.);
#9561 = DIRECTION('',(1.110223024625E-16,-1.,0.));
#9562 = ORIENTED_EDGE('',*,*,#8360,.T.);
#9563 = ORIENTED_EDGE('',*,*,#8489,.F.);
#9564 = ORIENTED_EDGE('',*,*,#8445,.F.);
#9565 = PLANE('',#9566);
#9566 = AXIS2_PLACEMENT_3D('',#9567,#9568,#9569);
#9567 = CARTESIAN_POINT('',(2.682376446323,2.405,0.232635182233));
#9568 = DIRECTION('',(-0.988433898356,-1.097382072275E-16,
    -0.151652327974));
#9569 = DIRECTION('',(-0.151652327974,-1.683679062546E-17,0.988433898356
    ));
#9570 = ADVANCED_FACE('',(#9571),#9582,.F.);
#9571 = FACE_BOUND('',#9572,.F.);
#9572 = EDGE_LOOP('',(#9573,#9579,#9580,#9581));
#9573 = ORIENTED_EDGE('',*,*,#9574,.T.);
#9574 = EDGE_CURVE('',#8429,#8344,#9575,.T.);
#9575 = LINE('',#9576,#9577);
#9576 = CARTESIAN_POINT('',(2.780857221624,2.405,0.15));
#9577 = VECTOR('',#9578,1.);
#9578 = DIRECTION('',(1.110223024625E-16,-1.,0.));
#9579 = ORIENTED_EDGE('',*,*,#8351,.T.);
#9580 = ORIENTED_EDGE('',*,*,#9557,.F.);
#9581 = ORIENTED_EDGE('',*,*,#8436,.F.);
#9582 = CYLINDRICAL_SURFACE('',#9583,0.1);
#9583 = AXIS2_PLACEMENT_3D('',#9584,#9585,#9586);
#9584 = CARTESIAN_POINT('',(2.780857221624,2.405,0.25));
#9585 = DIRECTION('',(-1.110223024625E-16,1.,0.));
#9586 = DIRECTION('',(0.,0.,-1.));
#9587 = ADVANCED_FACE('',(#9588),#9599,.F.);
#9588 = FACE_BOUND('',#9589,.F.);
#9589 = EDGE_LOOP('',(#9590,#9596,#9597,#9598));
#9590 = ORIENTED_EDGE('',*,*,#9591,.T.);
#9591 = EDGE_CURVE('',#8421,#8336,#9592,.T.);
#9592 = LINE('',#9593,#9594);
#9593 = CARTESIAN_POINT('',(3.2,2.405,0.15));
#9594 = VECTOR('',#9595,1.);
#9595 = DIRECTION('',(1.110223024625E-16,-1.,0.));
#9596 = ORIENTED_EDGE('',*,*,#8343,.T.);
#9597 = ORIENTED_EDGE('',*,*,#9574,.F.);
#9598 = ORIENTED_EDGE('',*,*,#8428,.F.);
#9599 = PLANE('',#9600);
#9600 = AXIS2_PLACEMENT_3D('',#9601,#9602,#9603);
#9601 = CARTESIAN_POINT('',(3.2,2.405,0.15));
#9602 = DIRECTION('',(0.,0.,-1.));
#9603 = DIRECTION('',(-1.,-1.110223024625E-16,-0.));
#9604 = ADVANCED_FACE('',(#9605),#9616,.F.);
#9605 = FACE_BOUND('',#9606,.F.);
#9606 = EDGE_LOOP('',(#9607,#9613,#9614,#9615));
#9607 = ORIENTED_EDGE('',*,*,#9608,.T.);
#9608 = EDGE_CURVE('',#8413,#8328,#9609,.T.);
#9609 = LINE('',#9610,#9611);
#9610 = CARTESIAN_POINT('',(3.2,2.405,-1.665334536938E-16));
#9611 = VECTOR('',#9612,1.);
#9612 = DIRECTION('',(1.110223024625E-16,-1.,0.));
#9613 = ORIENTED_EDGE('',*,*,#8335,.T.);
#9614 = ORIENTED_EDGE('',*,*,#9591,.F.);
#9615 = ORIENTED_EDGE('',*,*,#8420,.F.);
#9616 = PLANE('',#9617);
#9617 = AXIS2_PLACEMENT_3D('',#9618,#9619,#9620);
#9618 = CARTESIAN_POINT('',(3.2,2.405,-1.665334536938E-16));
#9619 = DIRECTION('',(-1.,-1.110223024625E-16,0.));
#9620 = DIRECTION('',(0.,0.,1.));
#9621 = ADVANCED_FACE('',(#9622),#9633,.F.);
#9622 = FACE_BOUND('',#9623,.F.);
#9623 = EDGE_LOOP('',(#9624,#9630,#9631,#9632));
#9624 = ORIENTED_EDGE('',*,*,#9625,.T.);
#9625 = EDGE_CURVE('',#8404,#8319,#9626,.T.);
#9626 = LINE('',#9627,#9628);
#9627 = CARTESIAN_POINT('',(2.780857221624,2.405,-1.665334536938E-16));
#9628 = VECTOR('',#9629,1.);
#9629 = DIRECTION('',(1.110223024625E-16,-1.,0.));
#9630 = ORIENTED_EDGE('',*,*,#8327,.T.);
#9631 = ORIENTED_EDGE('',*,*,#9608,.F.);
#9632 = ORIENTED_EDGE('',*,*,#8412,.F.);
#9633 = PLANE('',#9634);
#9634 = AXIS2_PLACEMENT_3D('',#9635,#9636,#9637);
#9635 = CARTESIAN_POINT('',(2.780857221624,2.405,-1.665334536938E-16));
#9636 = DIRECTION('',(0.,0.,1.));
#9637 = DIRECTION('',(1.,1.110223024625E-16,-0.));
#9638 = ADVANCED_FACE('',(#9639),#9650,.T.);
#9639 = FACE_BOUND('',#9640,.T.);
#9640 = EDGE_LOOP('',(#9641,#9642,#9643,#9644));
#9641 = ORIENTED_EDGE('',*,*,#8403,.T.);
#9642 = ORIENTED_EDGE('',*,*,#9625,.T.);
#9643 = ORIENTED_EDGE('',*,*,#8318,.F.);
#9644 = ORIENTED_EDGE('',*,*,#9645,.F.);
#9645 = EDGE_CURVE('',#8396,#8311,#9646,.T.);
#9646 = LINE('',#9647,#9648);
#9647 = CARTESIAN_POINT('',(2.534655283371,2.405,0.206587955583));
#9648 = VECTOR('',#9649,1.);
#9649 = DIRECTION('',(1.110223024625E-16,-1.,0.));
#9650 = CYLINDRICAL_SURFACE('',#9651,0.25);
#9651 = AXIS2_PLACEMENT_3D('',#9652,#9653,#9654);
#9652 = CARTESIAN_POINT('',(2.780857221624,2.405,0.25));
#9653 = DIRECTION('',(-1.110223024625E-16,1.,0.));
#9654 = DIRECTION('',(-0.984807753012,-1.093356242223E-16,
    -0.173648177667));
#9655 = ADVANCED_FACE('',(#9656),#9662,.F.);
#9656 = FACE_BOUND('',#9657,.F.);
#9657 = EDGE_LOOP('',(#9658,#9659,#9660,#9661));
#9658 = ORIENTED_EDGE('',*,*,#8471,.T.);
#9659 = ORIENTED_EDGE('',*,*,#8310,.T.);
#9660 = ORIENTED_EDGE('',*,*,#9645,.F.);
#9661 = ORIENTED_EDGE('',*,*,#8395,.F.);
#9662 = PLANE('',#9663);
#9663 = AXIS2_PLACEMENT_3D('',#9664,#9665,#9666);
#9664 = CARTESIAN_POINT('',(2.498480775301,2.405,0.442364817767));
#9665 = DIRECTION('',(0.988433898356,1.097382072275E-16,0.151652327974)
  );
#9666 = DIRECTION('',(0.151652327974,1.683679062546E-17,-0.988433898356)
  );
#9667 = ADVANCED_FACE('',(#9668),#9669,.F.);
#9668 = FACE_BOUND('',#8621,.T.);
#9669 = PLANE('',#9670);
#9670 = AXIS2_PLACEMENT_3D('',#9671,#9672,#9673);
#9671 = CARTESIAN_POINT('',(-1.375061033199,1.675061033199,1.1));
#9672 = DIRECTION('',(0.,0.,-1.));
#9673 = DIRECTION('',(1.110223024625E-16,-1.,0.));
#9674 = ( GEOMETRIC_REPRESENTATION_CONTEXT(3) 
GLOBAL_UNCERTAINTY_ASSIGNED_CONTEXT((#9678)) 
GLOBAL_UNIT_ASSIGNED_CONTEXT((#9675,#9676,#9677)) REPRESENTATION_CONTEXT
('Context #1','3D Context with UNIT and UNCERTAINTY') );
#9675 = ( LENGTH_UNIT() NAMED_UNIT(*) SI_UNIT(.MILLI.,.METRE.) );
#9676 = ( NAMED_UNIT(*) PLANE_ANGLE_UNIT() SI_UNIT($,.RADIAN.) );
#9677 = ( NAMED_UNIT(*) SI_UNIT($,.STERADIAN.) SOLID_ANGLE_UNIT() );
#9678 = UNCERTAINTY_MEASURE_WITH_UNIT(LENGTH_MEASURE(1.E-07),#9675,
  'distance_accuracy_value','confusion accuracy');
#9679 = CONTEXT_DEPENDENT_SHAPE_REPRESENTATION(#9680,#9682);
#9680 = ( REPRESENTATION_RELATIONSHIP('','',#1817,#10) 
REPRESENTATION_RELATIONSHIP_WITH_TRANSFORMATION(#9681) 
SHAPE_REPRESENTATION_RELATIONSHIP() );
#9681 = ITEM_DEFINED_TRANSFORMATION('','',#11,#35);
#9682 = PRODUCT_DEFINITION_SHAPE('Placement','Placement of an item',
  #9683);
#9683 = NEXT_ASSEMBLY_USAGE_OCCURRENCE('6','TC78H651FNG1','',#5,#1812,$
  );
#9684 = PRODUCT_RELATED_PRODUCT_CATEGORY('part',$,(#1814));
#9685 = SHAPE_DEFINITION_REPRESENTATION(#9686,#9692);
#9686 = PRODUCT_DEFINITION_SHAPE('','',#9687);
#9687 = PRODUCT_DEFINITION('design','',#9688,#9691);
#9688 = PRODUCT_DEFINITION_FORMATION('','',#9689);
#9689 = PRODUCT('LGA-28_5.2x3.8mm_P0.5mm','LGA-28_5.2x3.8mm_P0.5mm','',(
    #9690));
#9690 = PRODUCT_CONTEXT('',#2,'mechanical');
#9691 = PRODUCT_DEFINITION_CONTEXT('part definition',#2,'design');
#9692 = ADVANCED_BREP_SHAPE_REPRESENTATION('',(#11,#9693),#13864);
#9693 = MANIFOLD_SOLID_BREP('',#9694);
#9694 = CLOSED_SHELL('',(#9695,#9735,#9766,#9790,#9814,#9831,#10795,
    #10826,#10850,#10874,#10891,#10922,#10946,#10970,#10987,#11018,
    #11042,#11066,#11083,#11114,#11138,#11162,#11179,#11210,#11234,
    #11258,#11275,#11306,#11330,#11354,#11371,#11402,#11426,#11450,
    #11467,#11498,#11522,#11546,#11563,#11594,#11618,#11642,#11659,
    #11690,#11714,#11738,#11755,#11786,#11810,#11834,#11851,#11882,
    #11906,#11930,#11947,#11978,#12002,#12026,#12043,#12074,#12098,
    #12122,#12139,#12170,#12194,#12218,#12235,#12266,#12290,#12314,
    #12331,#12362,#12386,#12410,#12427,#12458,#12482,#12506,#12523,
    #12554,#12578,#12602,#12619,#12650,#12674,#12698,#12715,#12746,
    #12770,#12794,#12811,#12842,#12866,#12890,#12907,#12938,#12962,
    #12986,#13003,#13034,#13058,#13082,#13099,#13130,#13154,#13178,
    #13195,#13226,#13250,#13274,#13291,#13322,#13346,#13370,#13387,
    #13418,#13442,#13466,#13483,#13506,#13518,#13530,#13542,#13554,
    #13566,#13578,#13590,#13602,#13614,#13626,#13638,#13650,#13662,
    #13674,#13686,#13698,#13710,#13722,#13734,#13746,#13758,#13770,
    #13782,#13794,#13806,#13818,#13830,#13855));
#9695 = ADVANCED_FACE('',(#9696),#9730,.F.);
#9696 = FACE_BOUND('',#9697,.F.);
#9697 = EDGE_LOOP('',(#9698,#9708,#9716,#9724));
#9698 = ORIENTED_EDGE('',*,*,#9699,.T.);
#9699 = EDGE_CURVE('',#9700,#9702,#9704,.T.);
#9700 = VERTEX_POINT('',#9701);
#9701 = CARTESIAN_POINT('',(-2.375,1.8,0.));
#9702 = VERTEX_POINT('',#9703);
#9703 = CARTESIAN_POINT('',(-2.375,1.325,0.));
#9704 = LINE('',#9705,#9706);
#9705 = CARTESIAN_POINT('',(-2.375,1.8,0.));
#9706 = VECTOR('',#9707,1.);
#9707 = DIRECTION('',(-4.555315873023E-16,-1.,0.));
#9708 = ORIENTED_EDGE('',*,*,#9709,.T.);
#9709 = EDGE_CURVE('',#9702,#9710,#9712,.T.);
#9710 = VERTEX_POINT('',#9711);
#9711 = CARTESIAN_POINT('',(-2.125,1.325,0.));
#9712 = LINE('',#9713,#9714);
#9713 = CARTESIAN_POINT('',(-2.375,1.325,0.));
#9714 = VECTOR('',#9715,1.);
#9715 = DIRECTION('',(1.,-4.555315873023E-16,0.));
#9716 = ORIENTED_EDGE('',*,*,#9717,.T.);
#9717 = EDGE_CURVE('',#9710,#9718,#9720,.T.);
#9718 = VERTEX_POINT('',#9719);
#9719 = CARTESIAN_POINT('',(-2.125,1.8,0.));
#9720 = LINE('',#9721,#9722);
#9721 = CARTESIAN_POINT('',(-2.125,1.325,0.));
#9722 = VECTOR('',#9723,1.);
#9723 = DIRECTION('',(4.555315873023E-16,1.,0.));
#9724 = ORIENTED_EDGE('',*,*,#9725,.T.);
#9725 = EDGE_CURVE('',#9718,#9700,#9726,.T.);
#9726 = LINE('',#9727,#9728);
#9727 = CARTESIAN_POINT('',(-2.125,1.8,0.));
#9728 = VECTOR('',#9729,1.);
#9729 = DIRECTION('',(-1.,4.555315873023E-16,0.));
#9730 = PLANE('',#9731);
#9731 = AXIS2_PLACEMENT_3D('',#9732,#9733,#9734);
#9732 = CARTESIAN_POINT('',(-2.25,1.5625,0.));
#9733 = DIRECTION('',(0.,0.,1.));
#9734 = DIRECTION('',(-1.,4.555315873023E-16,0.));
#9735 = ADVANCED_FACE('',(#9736),#9761,.F.);
#9736 = FACE_BOUND('',#9737,.F.);
#9737 = EDGE_LOOP('',(#9738,#9739,#9747,#9755));
#9738 = ORIENTED_EDGE('',*,*,#9699,.F.);
#9739 = ORIENTED_EDGE('',*,*,#9740,.T.);
#9740 = EDGE_CURVE('',#9700,#9741,#9743,.T.);
#9741 = VERTEX_POINT('',#9742);
#9742 = CARTESIAN_POINT('',(-2.375,1.8,2.5E-02));
#9743 = LINE('',#9744,#9745);
#9744 = CARTESIAN_POINT('',(-2.375,1.8,0.));
#9745 = VECTOR('',#9746,1.);
#9746 = DIRECTION('',(0.,0.,1.));
#9747 = ORIENTED_EDGE('',*,*,#9748,.F.);
#9748 = EDGE_CURVE('',#9749,#9741,#9751,.T.);
#9749 = VERTEX_POINT('',#9750);
#9750 = CARTESIAN_POINT('',(-2.375,1.325,2.5E-02));
#9751 = LINE('',#9752,#9753);
#9752 = CARTESIAN_POINT('',(-2.375,1.85,2.5E-02));
#9753 = VECTOR('',#9754,1.);
#9754 = DIRECTION('',(4.555315873023E-16,1.,0.));
#9755 = ORIENTED_EDGE('',*,*,#9756,.F.);
#9756 = EDGE_CURVE('',#9702,#9749,#9757,.T.);
#9757 = LINE('',#9758,#9759);
#9758 = CARTESIAN_POINT('',(-2.375,1.325,0.));
#9759 = VECTOR('',#9760,1.);
#9760 = DIRECTION('',(0.,0.,1.));
#9761 = PLANE('',#9762);
#9762 = AXIS2_PLACEMENT_3D('',#9763,#9764,#9765);
#9763 = CARTESIAN_POINT('',(-2.375,1.8,0.));
#9764 = DIRECTION('',(1.,-4.555315873023E-16,0.));
#9765 = DIRECTION('',(-4.555315873023E-16,-1.,0.));
#9766 = ADVANCED_FACE('',(#9767),#9785,.F.);
#9767 = FACE_BOUND('',#9768,.F.);
#9768 = EDGE_LOOP('',(#9769,#9770,#9771,#9779));
#9769 = ORIENTED_EDGE('',*,*,#9709,.F.);
#9770 = ORIENTED_EDGE('',*,*,#9756,.T.);
#9771 = ORIENTED_EDGE('',*,*,#9772,.F.);
#9772 = EDGE_CURVE('',#9773,#9749,#9775,.T.);
#9773 = VERTEX_POINT('',#9774);
#9774 = CARTESIAN_POINT('',(-2.125,1.325,2.5E-02));
#9775 = LINE('',#9776,#9777);
#9776 = CARTESIAN_POINT('',(-2.4875,1.325,2.5E-02));
#9777 = VECTOR('',#9778,1.);
#9778 = DIRECTION('',(-1.,4.555315873023E-16,0.));
#9779 = ORIENTED_EDGE('',*,*,#9780,.F.);
#9780 = EDGE_CURVE('',#9710,#9773,#9781,.T.);
#9781 = LINE('',#9782,#9783);
#9782 = CARTESIAN_POINT('',(-2.125,1.325,0.));
#9783 = VECTOR('',#9784,1.);
#9784 = DIRECTION('',(0.,0.,1.));
#9785 = PLANE('',#9786);
#9786 = AXIS2_PLACEMENT_3D('',#9787,#9788,#9789);
#9787 = CARTESIAN_POINT('',(-2.375,1.325,0.));
#9788 = DIRECTION('',(4.555315873023E-16,1.,0.));
#9789 = DIRECTION('',(1.,-4.555315873023E-16,0.));
#9790 = ADVANCED_FACE('',(#9791),#9809,.F.);
#9791 = FACE_BOUND('',#9792,.F.);
#9792 = EDGE_LOOP('',(#9793,#9794,#9795,#9803));
#9793 = ORIENTED_EDGE('',*,*,#9717,.F.);
#9794 = ORIENTED_EDGE('',*,*,#9780,.T.);
#9795 = ORIENTED_EDGE('',*,*,#9796,.F.);
#9796 = EDGE_CURVE('',#9797,#9773,#9799,.T.);
#9797 = VERTEX_POINT('',#9798);
#9798 = CARTESIAN_POINT('',(-2.125,1.8,2.5E-02));
#9799 = LINE('',#9800,#9801);
#9800 = CARTESIAN_POINT('',(-2.125,1.6125,2.5E-02));
#9801 = VECTOR('',#9802,1.);
#9802 = DIRECTION('',(-4.555315873023E-16,-1.,0.));
#9803 = ORIENTED_EDGE('',*,*,#9804,.F.);
#9804 = EDGE_CURVE('',#9718,#9797,#9805,.T.);
#9805 = LINE('',#9806,#9807);
#9806 = CARTESIAN_POINT('',(-2.125,1.8,0.));
#9807 = VECTOR('',#9808,1.);
#9808 = DIRECTION('',(0.,0.,1.));
#9809 = PLANE('',#9810);
#9810 = AXIS2_PLACEMENT_3D('',#9811,#9812,#9813);
#9811 = CARTESIAN_POINT('',(-2.125,1.325,0.));
#9812 = DIRECTION('',(-1.,4.555315873023E-16,0.));
#9813 = DIRECTION('',(4.555315873023E-16,1.,0.));
#9814 = ADVANCED_FACE('',(#9815),#9826,.F.);
#9815 = FACE_BOUND('',#9816,.F.);
#9816 = EDGE_LOOP('',(#9817,#9818,#9819,#9825));
#9817 = ORIENTED_EDGE('',*,*,#9725,.F.);
#9818 = ORIENTED_EDGE('',*,*,#9804,.T.);
#9819 = ORIENTED_EDGE('',*,*,#9820,.F.);
#9820 = EDGE_CURVE('',#9741,#9797,#9821,.T.);
#9821 = LINE('',#9822,#9823);
#9822 = CARTESIAN_POINT('',(-2.3625,1.8,2.5E-02));
#9823 = VECTOR('',#9824,1.);
#9824 = DIRECTION('',(1.,-4.555315873023E-16,0.));
#9825 = ORIENTED_EDGE('',*,*,#9740,.F.);
#9826 = PLANE('',#9827);
#9827 = AXIS2_PLACEMENT_3D('',#9828,#9829,#9830);
#9828 = CARTESIAN_POINT('',(-2.125,1.8,0.));
#9829 = DIRECTION('',(-4.555315873023E-16,-1.,0.));
#9830 = DIRECTION('',(-1.,4.555315873023E-16,0.));
#9831 = ADVANCED_FACE('',(#9832,#9866,#9900,#9934,#9968,#10002,#10036,
    #10070,#10104,#10138,#10172,#10206,#10240,#10274,#10308,#10342,
    #10376,#10382,#10416,#10450,#10484,#10518,#10552,#10586,#10620,
    #10654,#10688,#10722,#10756),#10790,.F.);
#9832 = FACE_BOUND('',#9833,.F.);
#9833 = EDGE_LOOP('',(#9834,#9844,#9852,#9860));
#9834 = ORIENTED_EDGE('',*,*,#9835,.F.);
#9835 = EDGE_CURVE('',#9836,#9838,#9840,.T.);
#9836 = VERTEX_POINT('',#9837);
#9837 = CARTESIAN_POINT('',(-2.6,1.9,2.5E-02));
#9838 = VERTEX_POINT('',#9839);
#9839 = CARTESIAN_POINT('',(2.6,1.9,2.5E-02));
#9840 = LINE('',#9841,#9842);
#9841 = CARTESIAN_POINT('',(-2.6,1.9,2.5E-02));
#9842 = VECTOR('',#9843,1.);
#9843 = DIRECTION('',(1.,-2.22044604925E-16,0.));
#9844 = ORIENTED_EDGE('',*,*,#9845,.T.);
#9845 = EDGE_CURVE('',#9836,#9846,#9848,.T.);
#9846 = VERTEX_POINT('',#9847);
#9847 = CARTESIAN_POINT('',(-2.6,-1.9,2.5E-02));
#9848 = LINE('',#9849,#9850);
#9849 = CARTESIAN_POINT('',(-2.6,1.9,2.5E-02));
#9850 = VECTOR('',#9851,1.);
#9851 = DIRECTION('',(-2.22044604925E-16,-1.,0.));
#9852 = ORIENTED_EDGE('',*,*,#9853,.T.);
#9853 = EDGE_CURVE('',#9846,#9854,#9856,.T.);
#9854 = VERTEX_POINT('',#9855);
#9855 = CARTESIAN_POINT('',(2.6,-1.9,2.5E-02));
#9856 = LINE('',#9857,#9858);
#9857 = CARTESIAN_POINT('',(-2.6,-1.9,2.5E-02));
#9858 = VECTOR('',#9859,1.);
#9859 = DIRECTION('',(1.,-2.22044604925E-16,0.));
#9860 = ORIENTED_EDGE('',*,*,#9861,.F.);
#9861 = EDGE_CURVE('',#9838,#9854,#9862,.T.);
#9862 = LINE('',#9863,#9864);
#9863 = CARTESIAN_POINT('',(2.6,1.9,2.5E-02));
#9864 = VECTOR('',#9865,1.);
#9865 = DIRECTION('',(-2.22044604925E-16,-1.,0.));
#9866 = FACE_BOUND('',#9867,.F.);
#9867 = EDGE_LOOP('',(#9868,#9878,#9886,#9894));
#9868 = ORIENTED_EDGE('',*,*,#9869,.T.);
#9869 = EDGE_CURVE('',#9870,#9872,#9874,.T.);
#9870 = VERTEX_POINT('',#9871);
#9871 = CARTESIAN_POINT('',(-1.125,1.325,2.5E-02));
#9872 = VERTEX_POINT('',#9873);
#9873 = CARTESIAN_POINT('',(-1.375,1.325,2.5E-02));
#9874 = LINE('',#9875,#9876);
#9875 = CARTESIAN_POINT('',(-1.9875,1.325,2.5E-02));
#9876 = VECTOR('',#9877,1.);
#9877 = DIRECTION('',(-1.,4.555315873023E-16,0.));
#9878 = ORIENTED_EDGE('',*,*,#9879,.T.);
#9879 = EDGE_CURVE('',#9872,#9880,#9882,.T.);
#9880 = VERTEX_POINT('',#9881);
#9881 = CARTESIAN_POINT('',(-1.375,1.8,2.5E-02));
#9882 = LINE('',#9883,#9884);
#9883 = CARTESIAN_POINT('',(-1.375,1.85,2.5E-02));
#9884 = VECTOR('',#9885,1.);
#9885 = DIRECTION('',(4.555315873023E-16,1.,0.));
#9886 = ORIENTED_EDGE('',*,*,#9887,.T.);
#9887 = EDGE_CURVE('',#9880,#9888,#9890,.T.);
#9888 = VERTEX_POINT('',#9889);
#9889 = CARTESIAN_POINT('',(-1.125,1.8,2.5E-02));
#9890 = LINE('',#9891,#9892);
#9891 = CARTESIAN_POINT('',(-1.8625,1.8,2.5E-02));
#9892 = VECTOR('',#9893,1.);
#9893 = DIRECTION('',(1.,-4.555315873023E-16,0.));
#9894 = ORIENTED_EDGE('',*,*,#9895,.T.);
#9895 = EDGE_CURVE('',#9888,#9870,#9896,.T.);
#9896 = LINE('',#9897,#9898);
#9897 = CARTESIAN_POINT('',(-1.125,1.6125,2.5E-02));
#9898 = VECTOR('',#9899,1.);
#9899 = DIRECTION('',(-4.555315873023E-16,-1.,0.));
#9900 = FACE_BOUND('',#9901,.F.);
#9901 = EDGE_LOOP('',(#9902,#9912,#9920,#9928));
#9902 = ORIENTED_EDGE('',*,*,#9903,.T.);
#9903 = EDGE_CURVE('',#9904,#9906,#9908,.T.);
#9904 = VERTEX_POINT('',#9905);
#9905 = CARTESIAN_POINT('',(-0.875,1.325,2.5E-02));
#9906 = VERTEX_POINT('',#9907);
#9907 = CARTESIAN_POINT('',(-0.875,1.8,2.5E-02));
#9908 = LINE('',#9909,#9910);
#9909 = CARTESIAN_POINT('',(-0.875,1.85,2.5E-02));
#9910 = VECTOR('',#9911,1.);
#9911 = DIRECTION('',(4.555315873023E-16,1.,0.));
#9912 = ORIENTED_EDGE('',*,*,#9913,.T.);
#9913 = EDGE_CURVE('',#9906,#9914,#9916,.T.);
#9914 = VERTEX_POINT('',#9915);
#9915 = CARTESIAN_POINT('',(-0.625,1.8,2.5E-02));
#9916 = LINE('',#9917,#9918);
#9917 = CARTESIAN_POINT('',(-1.6125,1.8,2.5E-02));
#9918 = VECTOR('',#9919,1.);
#9919 = DIRECTION('',(1.,-4.555315873023E-16,0.));
#9920 = ORIENTED_EDGE('',*,*,#9921,.T.);
#9921 = EDGE_CURVE('',#9914,#9922,#9924,.T.);
#9922 = VERTEX_POINT('',#9923);
#9923 = CARTESIAN_POINT('',(-0.625,1.325,2.5E-02));
#9924 = LINE('',#9925,#9926);
#9925 = CARTESIAN_POINT('',(-0.625,1.6125,2.5E-02));
#9926 = VECTOR('',#9927,1.);
#9927 = DIRECTION('',(-4.555315873023E-16,-1.,0.));
#9928 = ORIENTED_EDGE('',*,*,#9929,.T.);
#9929 = EDGE_CURVE('',#9922,#9904,#9930,.T.);
#9930 = LINE('',#9931,#9932);
#9931 = CARTESIAN_POINT('',(-1.7375,1.325,2.5E-02));
#9932 = VECTOR('',#9933,1.);
#9933 = DIRECTION('',(-1.,4.555315873023E-16,0.));
#9934 = FACE_BOUND('',#9935,.F.);
#9935 = EDGE_LOOP('',(#9936,#9946,#9954,#9962));
#9936 = ORIENTED_EDGE('',*,*,#9937,.T.);
#9937 = EDGE_CURVE('',#9938,#9940,#9942,.T.);
#9938 = VERTEX_POINT('',#9939);
#9939 = CARTESIAN_POINT('',(-0.375,1.325,2.5E-02));
#9940 = VERTEX_POINT('',#9941);
#9941 = CARTESIAN_POINT('',(-0.375,1.8,2.5E-02));
#9942 = LINE('',#9943,#9944);
#9943 = CARTESIAN_POINT('',(-0.375,1.85,2.5E-02));
#9944 = VECTOR('',#9945,1.);
#9945 = DIRECTION('',(4.555315873023E-16,1.,0.));
#9946 = ORIENTED_EDGE('',*,*,#9947,.T.);
#9947 = EDGE_CURVE('',#9940,#9948,#9950,.T.);
#9948 = VERTEX_POINT('',#9949);
#9949 = CARTESIAN_POINT('',(-0.125,1.8,2.5E-02));
#9950 = LINE('',#9951,#9952);
#9951 = CARTESIAN_POINT('',(-1.3625,1.8,2.5E-02));
#9952 = VECTOR('',#9953,1.);
#9953 = DIRECTION('',(1.,-4.555315873023E-16,0.));
#9954 = ORIENTED_EDGE('',*,*,#9955,.T.);
#9955 = EDGE_CURVE('',#9948,#9956,#9958,.T.);
#9956 = VERTEX_POINT('',#9957);
#9957 = CARTESIAN_POINT('',(-0.125,1.325,2.5E-02));
#9958 = LINE('',#9959,#9960);
#9959 = CARTESIAN_POINT('',(-0.125,1.6125,2.5E-02));
#9960 = VECTOR('',#9961,1.);
#9961 = DIRECTION('',(-4.555315873023E-16,-1.,0.));
#9962 = ORIENTED_EDGE('',*,*,#9963,.T.);
#9963 = EDGE_CURVE('',#9956,#9938,#9964,.T.);
#9964 = LINE('',#9965,#9966);
#9965 = CARTESIAN_POINT('',(-1.4875,1.325,2.5E-02));
#9966 = VECTOR('',#9967,1.);
#9967 = DIRECTION('',(-1.,4.555315873023E-16,0.));
#9968 = FACE_BOUND('',#9969,.F.);
#9969 = EDGE_LOOP('',(#9970,#9980,#9988,#9996));
#9970 = ORIENTED_EDGE('',*,*,#9971,.T.);
#9971 = EDGE_CURVE('',#9972,#9974,#9976,.T.);
#9972 = VERTEX_POINT('',#9973);
#9973 = CARTESIAN_POINT('',(0.625,1.8,2.5E-02));
#9974 = VERTEX_POINT('',#9975);
#9975 = CARTESIAN_POINT('',(0.875,1.8,2.5E-02));
#9976 = LINE('',#9977,#9978);
#9977 = CARTESIAN_POINT('',(-0.8625,1.8,2.5E-02));
#9978 = VECTOR('',#9979,1.);
#9979 = DIRECTION('',(1.,-4.555315873023E-16,0.));
#9980 = ORIENTED_EDGE('',*,*,#9981,.T.);
#9981 = EDGE_CURVE('',#9974,#9982,#9984,.T.);
#9982 = VERTEX_POINT('',#9983);
#9983 = CARTESIAN_POINT('',(0.875,1.325,2.5E-02));
#9984 = LINE('',#9985,#9986);
#9985 = CARTESIAN_POINT('',(0.875,1.6125,2.5E-02));
#9986 = VECTOR('',#9987,1.);
#9987 = DIRECTION('',(-4.555315873023E-16,-1.,0.));
#9988 = ORIENTED_EDGE('',*,*,#9989,.T.);
#9989 = EDGE_CURVE('',#9982,#9990,#9992,.T.);
#9990 = VERTEX_POINT('',#9991);
#9991 = CARTESIAN_POINT('',(0.625,1.325,2.5E-02));
#9992 = LINE('',#9993,#9994);
#9993 = CARTESIAN_POINT('',(-0.9875,1.325,2.5E-02));
#9994 = VECTOR('',#9995,1.);
#9995 = DIRECTION('',(-1.,4.555315873023E-16,0.));
#9996 = ORIENTED_EDGE('',*,*,#9997,.T.);
#9997 = EDGE_CURVE('',#9990,#9972,#9998,.T.);
#9998 = LINE('',#9999,#10000);
#9999 = CARTESIAN_POINT('',(0.625,1.85,2.5E-02));
#10000 = VECTOR('',#10001,1.);
#10001 = DIRECTION('',(4.555315873023E-16,1.,0.));
#10002 = FACE_BOUND('',#10003,.F.);
#10003 = EDGE_LOOP('',(#10004,#10014,#10022,#10030));
#10004 = ORIENTED_EDGE('',*,*,#10005,.T.);
#10005 = EDGE_CURVE('',#10006,#10008,#10010,.T.);
#10006 = VERTEX_POINT('',#10007);
#10007 = CARTESIAN_POINT('',(0.375,1.8,2.5E-02));
#10008 = VERTEX_POINT('',#10009);
#10009 = CARTESIAN_POINT('',(0.375,1.325,2.5E-02));
#10010 = LINE('',#10011,#10012);
#10011 = CARTESIAN_POINT('',(0.375,1.6125,2.5E-02));
#10012 = VECTOR('',#10013,1.);
#10013 = DIRECTION('',(-4.555315873023E-16,-1.,0.));
#10014 = ORIENTED_EDGE('',*,*,#10015,.T.);
#10015 = EDGE_CURVE('',#10008,#10016,#10018,.T.);
#10016 = VERTEX_POINT('',#10017);
#10017 = CARTESIAN_POINT('',(0.125,1.325,2.5E-02));
#10018 = LINE('',#10019,#10020);
#10019 = CARTESIAN_POINT('',(-1.2375,1.325,2.5E-02));
#10020 = VECTOR('',#10021,1.);
#10021 = DIRECTION('',(-1.,4.555315873023E-16,0.));
#10022 = ORIENTED_EDGE('',*,*,#10023,.T.);
#10023 = EDGE_CURVE('',#10016,#10024,#10026,.T.);
#10024 = VERTEX_POINT('',#10025);
#10025 = CARTESIAN_POINT('',(0.125,1.8,2.5E-02));
#10026 = LINE('',#10027,#10028);
#10027 = CARTESIAN_POINT('',(0.125,1.85,2.5E-02));
#10028 = VECTOR('',#10029,1.);
#10029 = DIRECTION('',(4.555315873023E-16,1.,0.));
#10030 = ORIENTED_EDGE('',*,*,#10031,.T.);
#10031 = EDGE_CURVE('',#10024,#10006,#10032,.T.);
#10032 = LINE('',#10033,#10034);
#10033 = CARTESIAN_POINT('',(-1.1125,1.8,2.5E-02));
#10034 = VECTOR('',#10035,1.);
#10035 = DIRECTION('',(1.,-4.555315873023E-16,0.));
#10036 = FACE_BOUND('',#10037,.F.);
#10037 = EDGE_LOOP('',(#10038,#10048,#10056,#10064));
#10038 = ORIENTED_EDGE('',*,*,#10039,.T.);
#10039 = EDGE_CURVE('',#10040,#10042,#10044,.T.);
#10040 = VERTEX_POINT('',#10041);
#10041 = CARTESIAN_POINT('',(2.5,0.125,2.5E-02));
#10042 = VERTEX_POINT('',#10043);
#10043 = CARTESIAN_POINT('',(2.025,0.125,2.5E-02));
#10044 = LINE('',#10045,#10046);
#10045 = CARTESIAN_POINT('',(-0.2875,0.125,2.5E-02));
#10046 = VECTOR('',#10047,1.);
#10047 = DIRECTION('',(-1.,3.445092848398E-16,0.));
#10048 = ORIENTED_EDGE('',*,*,#10049,.T.);
#10049 = EDGE_CURVE('',#10042,#10050,#10052,.T.);
#10050 = VERTEX_POINT('',#10051);
#10051 = CARTESIAN_POINT('',(2.025,0.375,2.5E-02));
#10052 = LINE('',#10053,#10054);
#10053 = CARTESIAN_POINT('',(2.025,1.1375,2.5E-02));
#10054 = VECTOR('',#10055,1.);
#10055 = DIRECTION('',(3.445092848398E-16,1.,0.));
#10056 = ORIENTED_EDGE('',*,*,#10057,.T.);
#10057 = EDGE_CURVE('',#10050,#10058,#10060,.T.);
#10058 = VERTEX_POINT('',#10059);
#10059 = CARTESIAN_POINT('',(2.5,0.375,2.5E-02));
#10060 = LINE('',#10061,#10062);
#10061 = CARTESIAN_POINT('',(-5.E-02,0.375,2.5E-02));
#10062 = VECTOR('',#10063,1.);
#10063 = DIRECTION('',(1.,-3.445092848398E-16,0.));
#10064 = ORIENTED_EDGE('',*,*,#10065,.T.);
#10065 = EDGE_CURVE('',#10058,#10040,#10066,.T.);
#10066 = LINE('',#10067,#10068);
#10067 = CARTESIAN_POINT('',(2.5,1.0125,2.5E-02));
#10068 = VECTOR('',#10069,1.);
#10069 = DIRECTION('',(-3.445092848398E-16,-1.,0.));
#10070 = FACE_BOUND('',#10071,.F.);
#10071 = EDGE_LOOP('',(#10072,#10082,#10090,#10098));
#10072 = ORIENTED_EDGE('',*,*,#10073,.T.);
#10073 = EDGE_CURVE('',#10074,#10076,#10078,.T.);
#10074 = VERTEX_POINT('',#10075);
#10075 = CARTESIAN_POINT('',(2.5,0.875,2.5E-02));
#10076 = VERTEX_POINT('',#10077);
#10077 = CARTESIAN_POINT('',(2.5,0.625,2.5E-02));
#10078 = LINE('',#10079,#10080);
#10079 = CARTESIAN_POINT('',(2.5,1.2625,2.5E-02));
#10080 = VECTOR('',#10081,1.);
#10081 = DIRECTION('',(-3.445092848398E-16,-1.,0.));
#10082 = ORIENTED_EDGE('',*,*,#10083,.T.);
#10083 = EDGE_CURVE('',#10076,#10084,#10086,.T.);
#10084 = VERTEX_POINT('',#10085);
#10085 = CARTESIAN_POINT('',(2.025,0.625,2.5E-02));
#10086 = LINE('',#10087,#10088);
#10087 = CARTESIAN_POINT('',(-0.2875,0.625,2.5E-02));
#10088 = VECTOR('',#10089,1.);
#10089 = DIRECTION('',(-1.,3.445092848398E-16,0.));
#10090 = ORIENTED_EDGE('',*,*,#10091,.T.);
#10091 = EDGE_CURVE('',#10084,#10092,#10094,.T.);
#10092 = VERTEX_POINT('',#10093);
#10093 = CARTESIAN_POINT('',(2.025,0.875,2.5E-02));
#10094 = LINE('',#10095,#10096);
#10095 = CARTESIAN_POINT('',(2.025,1.3875,2.5E-02));
#10096 = VECTOR('',#10097,1.);
#10097 = DIRECTION('',(3.445092848398E-16,1.,0.));
#10098 = ORIENTED_EDGE('',*,*,#10099,.T.);
#10099 = EDGE_CURVE('',#10092,#10074,#10100,.T.);
#10100 = LINE('',#10101,#10102);
#10101 = CARTESIAN_POINT('',(-5.E-02,0.875,2.5E-02));
#10102 = VECTOR('',#10103,1.);
#10103 = DIRECTION('',(1.,-3.445092848398E-16,0.));
#10104 = FACE_BOUND('',#10105,.F.);
#10105 = EDGE_LOOP('',(#10106,#10116,#10124,#10132));
#10106 = ORIENTED_EDGE('',*,*,#10107,.T.);
#10107 = EDGE_CURVE('',#10108,#10110,#10112,.T.);
#10108 = VERTEX_POINT('',#10109);
#10109 = CARTESIAN_POINT('',(2.125,1.8,2.5E-02));
#10110 = VERTEX_POINT('',#10111);
#10111 = CARTESIAN_POINT('',(2.375,1.8,2.5E-02));
#10112 = LINE('',#10113,#10114);
#10113 = CARTESIAN_POINT('',(-0.1125,1.8,2.5E-02));
#10114 = VECTOR('',#10115,1.);
#10115 = DIRECTION('',(1.,-4.555315873023E-16,0.));
#10116 = ORIENTED_EDGE('',*,*,#10117,.T.);
#10117 = EDGE_CURVE('',#10110,#10118,#10120,.T.);
#10118 = VERTEX_POINT('',#10119);
#10119 = CARTESIAN_POINT('',(2.375,1.325,2.5E-02));
#10120 = LINE('',#10121,#10122);
#10121 = CARTESIAN_POINT('',(2.375,1.6125,2.5E-02));
#10122 = VECTOR('',#10123,1.);
#10123 = DIRECTION('',(-4.555315873023E-16,-1.,0.));
#10124 = ORIENTED_EDGE('',*,*,#10125,.T.);
#10125 = EDGE_CURVE('',#10118,#10126,#10128,.T.);
#10126 = VERTEX_POINT('',#10127);
#10127 = CARTESIAN_POINT('',(2.125,1.325,2.5E-02));
#10128 = LINE('',#10129,#10130);
#10129 = CARTESIAN_POINT('',(-0.2375,1.325,2.5E-02));
#10130 = VECTOR('',#10131,1.);
#10131 = DIRECTION('',(-1.,4.555315873023E-16,0.));
#10132 = ORIENTED_EDGE('',*,*,#10133,.T.);
#10133 = EDGE_CURVE('',#10126,#10108,#10134,.T.);
#10134 = LINE('',#10135,#10136);
#10135 = CARTESIAN_POINT('',(2.125,1.85,2.5E-02));
#10136 = VECTOR('',#10137,1.);
#10137 = DIRECTION('',(4.555315873023E-16,1.,0.));
#10138 = FACE_BOUND('',#10139,.F.);
#10139 = EDGE_LOOP('',(#10140,#10150,#10158,#10166));
#10140 = ORIENTED_EDGE('',*,*,#10141,.T.);
#10141 = EDGE_CURVE('',#10142,#10144,#10146,.T.);
#10142 = VERTEX_POINT('',#10143);
#10143 = CARTESIAN_POINT('',(1.875,1.325,2.5E-02));
#10144 = VERTEX_POINT('',#10145);
#10145 = CARTESIAN_POINT('',(1.625,1.325,2.5E-02));
#10146 = LINE('',#10147,#10148);
#10147 = CARTESIAN_POINT('',(-0.4875,1.325,2.5E-02));
#10148 = VECTOR('',#10149,1.);
#10149 = DIRECTION('',(-1.,4.555315873023E-16,0.));
#10150 = ORIENTED_EDGE('',*,*,#10151,.T.);
#10151 = EDGE_CURVE('',#10144,#10152,#10154,.T.);
#10152 = VERTEX_POINT('',#10153);
#10153 = CARTESIAN_POINT('',(1.625,1.8,2.5E-02));
#10154 = LINE('',#10155,#10156);
#10155 = CARTESIAN_POINT('',(1.625,1.85,2.5E-02));
#10156 = VECTOR('',#10157,1.);
#10157 = DIRECTION('',(4.555315873023E-16,1.,0.));
#10158 = ORIENTED_EDGE('',*,*,#10159,.T.);
#10159 = EDGE_CURVE('',#10152,#10160,#10162,.T.);
#10160 = VERTEX_POINT('',#10161);
#10161 = CARTESIAN_POINT('',(1.875,1.8,2.5E-02));
#10162 = LINE('',#10163,#10164);
#10163 = CARTESIAN_POINT('',(-0.3625,1.8,2.5E-02));
#10164 = VECTOR('',#10165,1.);
#10165 = DIRECTION('',(1.,-4.555315873023E-16,0.));
#10166 = ORIENTED_EDGE('',*,*,#10167,.T.);
#10167 = EDGE_CURVE('',#10160,#10142,#10168,.T.);
#10168 = LINE('',#10169,#10170);
#10169 = CARTESIAN_POINT('',(1.875,1.6125,2.5E-02));
#10170 = VECTOR('',#10171,1.);
#10171 = DIRECTION('',(-4.555315873023E-16,-1.,0.));
#10172 = FACE_BOUND('',#10173,.F.);
#10173 = EDGE_LOOP('',(#10174,#10184,#10192,#10200));
#10174 = ORIENTED_EDGE('',*,*,#10175,.T.);
#10175 = EDGE_CURVE('',#10176,#10178,#10180,.T.);
#10176 = VERTEX_POINT('',#10177);
#10177 = CARTESIAN_POINT('',(1.125,1.8,2.5E-02));
#10178 = VERTEX_POINT('',#10179);
#10179 = CARTESIAN_POINT('',(1.375,1.8,2.5E-02));
#10180 = LINE('',#10181,#10182);
#10181 = CARTESIAN_POINT('',(-0.6125,1.8,2.5E-02));
#10182 = VECTOR('',#10183,1.);
#10183 = DIRECTION('',(1.,-4.555315873023E-16,0.));
#10184 = ORIENTED_EDGE('',*,*,#10185,.T.);
#10185 = EDGE_CURVE('',#10178,#10186,#10188,.T.);
#10186 = VERTEX_POINT('',#10187);
#10187 = CARTESIAN_POINT('',(1.375,1.325,2.5E-02));
#10188 = LINE('',#10189,#10190);
#10189 = CARTESIAN_POINT('',(1.375,1.6125,2.5E-02));
#10190 = VECTOR('',#10191,1.);
#10191 = DIRECTION('',(-4.555315873023E-16,-1.,0.));
#10192 = ORIENTED_EDGE('',*,*,#10193,.T.);
#10193 = EDGE_CURVE('',#10186,#10194,#10196,.T.);
#10194 = VERTEX_POINT('',#10195);
#10195 = CARTESIAN_POINT('',(1.125,1.325,2.5E-02));
#10196 = LINE('',#10197,#10198);
#10197 = CARTESIAN_POINT('',(-0.7375,1.325,2.5E-02));
#10198 = VECTOR('',#10199,1.);
#10199 = DIRECTION('',(-1.,4.555315873023E-16,0.));
#10200 = ORIENTED_EDGE('',*,*,#10201,.T.);
#10201 = EDGE_CURVE('',#10194,#10176,#10202,.T.);
#10202 = LINE('',#10203,#10204);
#10203 = CARTESIAN_POINT('',(1.125,1.85,2.5E-02));
#10204 = VECTOR('',#10205,1.);
#10205 = DIRECTION('',(4.555315873023E-16,1.,0.));
#10206 = FACE_BOUND('',#10207,.F.);
#10207 = EDGE_LOOP('',(#10208,#10218,#10226,#10234));
#10208 = ORIENTED_EDGE('',*,*,#10209,.T.);
#10209 = EDGE_CURVE('',#10210,#10212,#10214,.T.);
#10210 = VERTEX_POINT('',#10211);
#10211 = CARTESIAN_POINT('',(2.025,-0.125,2.5E-02));
#10212 = VERTEX_POINT('',#10213);
#10213 = CARTESIAN_POINT('',(2.5,-0.125,2.5E-02));
#10214 = LINE('',#10215,#10216);
#10215 = CARTESIAN_POINT('',(-5.E-02,-0.125,2.5E-02));
#10216 = VECTOR('',#10217,1.);
#10217 = DIRECTION('',(1.,-3.445092848398E-16,0.));
#10218 = ORIENTED_EDGE('',*,*,#10219,.T.);
#10219 = EDGE_CURVE('',#10212,#10220,#10222,.T.);
#10220 = VERTEX_POINT('',#10221);
#10221 = CARTESIAN_POINT('',(2.5,-0.375,2.5E-02));
#10222 = LINE('',#10223,#10224);
#10223 = CARTESIAN_POINT('',(2.5,0.7625,2.5E-02));
#10224 = VECTOR('',#10225,1.);
#10225 = DIRECTION('',(-3.445092848398E-16,-1.,0.));
#10226 = ORIENTED_EDGE('',*,*,#10227,.T.);
#10227 = EDGE_CURVE('',#10220,#10228,#10230,.T.);
#10228 = VERTEX_POINT('',#10229);
#10229 = CARTESIAN_POINT('',(2.025,-0.375,2.5E-02));
#10230 = LINE('',#10231,#10232);
#10231 = CARTESIAN_POINT('',(-0.2875,-0.375,2.5E-02));
#10232 = VECTOR('',#10233,1.);
#10233 = DIRECTION('',(-1.,3.445092848398E-16,0.));
#10234 = ORIENTED_EDGE('',*,*,#10235,.T.);
#10235 = EDGE_CURVE('',#10228,#10210,#10236,.T.);
#10236 = LINE('',#10237,#10238);
#10237 = CARTESIAN_POINT('',(2.025,0.8875,2.5E-02));
#10238 = VECTOR('',#10239,1.);
#10239 = DIRECTION('',(3.445092848398E-16,1.,0.));
#10240 = FACE_BOUND('',#10241,.F.);
#10241 = EDGE_LOOP('',(#10242,#10252,#10260,#10268));
#10242 = ORIENTED_EDGE('',*,*,#10243,.T.);
#10243 = EDGE_CURVE('',#10244,#10246,#10248,.T.);
#10244 = VERTEX_POINT('',#10245);
#10245 = CARTESIAN_POINT('',(2.5,-0.625,2.5E-02));
#10246 = VERTEX_POINT('',#10247);
#10247 = CARTESIAN_POINT('',(2.5,-0.875,2.5E-02));
#10248 = LINE('',#10249,#10250);
#10249 = CARTESIAN_POINT('',(2.5,0.5125,2.5E-02));
#10250 = VECTOR('',#10251,1.);
#10251 = DIRECTION('',(-3.445092848398E-16,-1.,0.));
#10252 = ORIENTED_EDGE('',*,*,#10253,.T.);
#10253 = EDGE_CURVE('',#10246,#10254,#10256,.T.);
#10254 = VERTEX_POINT('',#10255);
#10255 = CARTESIAN_POINT('',(2.025,-0.875,2.5E-02));
#10256 = LINE('',#10257,#10258);
#10257 = CARTESIAN_POINT('',(-0.2875,-0.875,2.5E-02));
#10258 = VECTOR('',#10259,1.);
#10259 = DIRECTION('',(-1.,3.445092848398E-16,0.));
#10260 = ORIENTED_EDGE('',*,*,#10261,.T.);
#10261 = EDGE_CURVE('',#10254,#10262,#10264,.T.);
#10262 = VERTEX_POINT('',#10263);
#10263 = CARTESIAN_POINT('',(2.025,-0.625,2.5E-02));
#10264 = LINE('',#10265,#10266);
#10265 = CARTESIAN_POINT('',(2.025,0.6375,2.5E-02));
#10266 = VECTOR('',#10267,1.);
#10267 = DIRECTION('',(3.445092848398E-16,1.,0.));
#10268 = ORIENTED_EDGE('',*,*,#10269,.T.);
#10269 = EDGE_CURVE('',#10262,#10244,#10270,.T.);
#10270 = LINE('',#10271,#10272);
#10271 = CARTESIAN_POINT('',(-5.E-02,-0.625,2.5E-02));
#10272 = VECTOR('',#10273,1.);
#10273 = DIRECTION('',(1.,-3.445092848398E-16,0.));
#10274 = FACE_BOUND('',#10275,.F.);
#10275 = EDGE_LOOP('',(#10276,#10286,#10294,#10302));
#10276 = ORIENTED_EDGE('',*,*,#10277,.T.);
#10277 = EDGE_CURVE('',#10278,#10280,#10282,.T.);
#10278 = VERTEX_POINT('',#10279);
#10279 = CARTESIAN_POINT('',(-2.5,-0.875,2.5E-02));
#10280 = VERTEX_POINT('',#10281);
#10281 = CARTESIAN_POINT('',(-2.5,-0.625,2.5E-02));
#10282 = LINE('',#10283,#10284);
#10283 = CARTESIAN_POINT('',(-2.5,0.6375,2.5E-02));
#10284 = VECTOR('',#10285,1.);
#10285 = DIRECTION('',(4.669739647545E-16,1.,0.));
#10286 = ORIENTED_EDGE('',*,*,#10287,.T.);
#10287 = EDGE_CURVE('',#10280,#10288,#10290,.T.);
#10288 = VERTEX_POINT('',#10289);
#10289 = CARTESIAN_POINT('',(-2.025,-0.625,2.5E-02));
#10290 = LINE('',#10291,#10292);
#10291 = CARTESIAN_POINT('',(-2.3125,-0.625,2.5E-02));
#10292 = VECTOR('',#10293,1.);
#10293 = DIRECTION('',(1.,-4.669739647545E-16,0.));
#10294 = ORIENTED_EDGE('',*,*,#10295,.T.);
#10295 = EDGE_CURVE('',#10288,#10296,#10298,.T.);
#10296 = VERTEX_POINT('',#10297);
#10297 = CARTESIAN_POINT('',(-2.025,-0.875,2.5E-02));
#10298 = LINE('',#10299,#10300);
#10299 = CARTESIAN_POINT('',(-2.025,0.5125,2.5E-02));
#10300 = VECTOR('',#10301,1.);
#10301 = DIRECTION('',(-4.669739647545E-16,-1.,0.));
#10302 = ORIENTED_EDGE('',*,*,#10303,.T.);
#10303 = EDGE_CURVE('',#10296,#10278,#10304,.T.);
#10304 = LINE('',#10305,#10306);
#10305 = CARTESIAN_POINT('',(-2.55,-0.875,2.5E-02));
#10306 = VECTOR('',#10307,1.);
#10307 = DIRECTION('',(-1.,4.669739647545E-16,0.));
#10308 = FACE_BOUND('',#10309,.F.);
#10309 = EDGE_LOOP('',(#10310,#10320,#10328,#10336));
#10310 = ORIENTED_EDGE('',*,*,#10311,.T.);
#10311 = EDGE_CURVE('',#10312,#10314,#10316,.T.);
#10312 = VERTEX_POINT('',#10313);
#10313 = CARTESIAN_POINT('',(-2.5,0.375,2.5E-02));
#10314 = VERTEX_POINT('',#10315);
#10315 = CARTESIAN_POINT('',(-2.025,0.375,2.5E-02));
#10316 = LINE('',#10317,#10318);
#10317 = CARTESIAN_POINT('',(-2.3125,0.375,2.5E-02));
#10318 = VECTOR('',#10319,1.);
#10319 = DIRECTION('',(1.,-4.669739647545E-16,0.));
#10320 = ORIENTED_EDGE('',*,*,#10321,.T.);
#10321 = EDGE_CURVE('',#10314,#10322,#10324,.T.);
#10322 = VERTEX_POINT('',#10323);
#10323 = CARTESIAN_POINT('',(-2.025,0.125,2.5E-02));
#10324 = LINE('',#10325,#10326);
#10325 = CARTESIAN_POINT('',(-2.025,1.0125,2.5E-02));
#10326 = VECTOR('',#10327,1.);
#10327 = DIRECTION('',(-4.669739647545E-16,-1.,0.));
#10328 = ORIENTED_EDGE('',*,*,#10329,.T.);
#10329 = EDGE_CURVE('',#10322,#10330,#10332,.T.);
#10330 = VERTEX_POINT('',#10331);
#10331 = CARTESIAN_POINT('',(-2.5,0.125,2.5E-02));
#10332 = LINE('',#10333,#10334);
#10333 = CARTESIAN_POINT('',(-2.55,0.125,2.5E-02));
#10334 = VECTOR('',#10335,1.);
#10335 = DIRECTION('',(-1.,4.669739647545E-16,0.));
#10336 = ORIENTED_EDGE('',*,*,#10337,.T.);
#10337 = EDGE_CURVE('',#10330,#10312,#10338,.T.);
#10338 = LINE('',#10339,#10340);
#10339 = CARTESIAN_POINT('',(-2.5,1.1375,2.5E-02));
#10340 = VECTOR('',#10341,1.);
#10341 = DIRECTION('',(4.669739647545E-16,1.,0.));
#10342 = FACE_BOUND('',#10343,.F.);
#10343 = EDGE_LOOP('',(#10344,#10354,#10362,#10370));
#10344 = ORIENTED_EDGE('',*,*,#10345,.T.);
#10345 = EDGE_CURVE('',#10346,#10348,#10350,.T.);
#10346 = VERTEX_POINT('',#10347);
#10347 = CARTESIAN_POINT('',(-2.025,-0.125,2.5E-02));
#10348 = VERTEX_POINT('',#10349);
#10349 = CARTESIAN_POINT('',(-2.025,-0.375,2.5E-02));
#10350 = LINE('',#10351,#10352);
#10351 = CARTESIAN_POINT('',(-2.025,0.7625,2.5E-02));
#10352 = VECTOR('',#10353,1.);
#10353 = DIRECTION('',(-4.669739647545E-16,-1.,0.));
#10354 = ORIENTED_EDGE('',*,*,#10355,.T.);
#10355 = EDGE_CURVE('',#10348,#10356,#10358,.T.);
#10356 = VERTEX_POINT('',#10357);
#10357 = CARTESIAN_POINT('',(-2.5,-0.375,2.5E-02));
#10358 = LINE('',#10359,#10360);
#10359 = CARTESIAN_POINT('',(-2.55,-0.375,2.5E-02));
#10360 = VECTOR('',#10361,1.);
#10361 = DIRECTION('',(-1.,4.669739647545E-16,0.));
#10362 = ORIENTED_EDGE('',*,*,#10363,.T.);
#10363 = EDGE_CURVE('',#10356,#10364,#10366,.T.);
#10364 = VERTEX_POINT('',#10365);
#10365 = CARTESIAN_POINT('',(-2.5,-0.125,2.5E-02));
#10366 = LINE('',#10367,#10368);
#10367 = CARTESIAN_POINT('',(-2.5,0.8875,2.5E-02));
#10368 = VECTOR('',#10369,1.);
#10369 = DIRECTION('',(4.669739647545E-16,1.,0.));
#10370 = ORIENTED_EDGE('',*,*,#10371,.T.);
#10371 = EDGE_CURVE('',#10364,#10346,#10372,.T.);
#10372 = LINE('',#10373,#10374);
#10373 = CARTESIAN_POINT('',(-2.3125,-0.125,2.5E-02));
#10374 = VECTOR('',#10375,1.);
#10375 = DIRECTION('',(1.,-4.669739647545E-16,0.));
#10376 = FACE_BOUND('',#10377,.F.);
#10377 = EDGE_LOOP('',(#10378,#10379,#10380,#10381));
#10378 = ORIENTED_EDGE('',*,*,#9748,.T.);
#10379 = ORIENTED_EDGE('',*,*,#9820,.T.);
#10380 = ORIENTED_EDGE('',*,*,#9796,.T.);
#10381 = ORIENTED_EDGE('',*,*,#9772,.T.);
#10382 = FACE_BOUND('',#10383,.F.);
#10383 = EDGE_LOOP('',(#10384,#10394,#10402,#10410));
#10384 = ORIENTED_EDGE('',*,*,#10385,.T.);
#10385 = EDGE_CURVE('',#10386,#10388,#10390,.T.);
#10386 = VERTEX_POINT('',#10387);
#10387 = CARTESIAN_POINT('',(-2.5,0.875,2.5E-02));
#10388 = VERTEX_POINT('',#10389);
#10389 = CARTESIAN_POINT('',(-2.025,0.875,2.5E-02));
#10390 = LINE('',#10391,#10392);
#10391 = CARTESIAN_POINT('',(-2.3125,0.875,2.5E-02));
#10392 = VECTOR('',#10393,1.);
#10393 = DIRECTION('',(1.,-4.669739647545E-16,0.));
#10394 = ORIENTED_EDGE('',*,*,#10395,.T.);
#10395 = EDGE_CURVE('',#10388,#10396,#10398,.T.);
#10396 = VERTEX_POINT('',#10397);
#10397 = CARTESIAN_POINT('',(-2.025,0.625,2.5E-02));
#10398 = LINE('',#10399,#10400);
#10399 = CARTESIAN_POINT('',(-2.025,1.2625,2.5E-02));
#10400 = VECTOR('',#10401,1.);
#10401 = DIRECTION('',(-4.669739647545E-16,-1.,0.));
#10402 = ORIENTED_EDGE('',*,*,#10403,.T.);
#10403 = EDGE_CURVE('',#10396,#10404,#10406,.T.);
#10404 = VERTEX_POINT('',#10405);
#10405 = CARTESIAN_POINT('',(-2.5,0.625,2.5E-02));
#10406 = LINE('',#10407,#10408);
#10407 = CARTESIAN_POINT('',(-2.55,0.625,2.5E-02));
#10408 = VECTOR('',#10409,1.);
#10409 = DIRECTION('',(-1.,4.669739647545E-16,0.));
#10410 = ORIENTED_EDGE('',*,*,#10411,.T.);
#10411 = EDGE_CURVE('',#10404,#10386,#10412,.T.);
#10412 = LINE('',#10413,#10414);
#10413 = CARTESIAN_POINT('',(-2.5,1.3875,2.5E-02));
#10414 = VECTOR('',#10415,1.);
#10415 = DIRECTION('',(4.669739647545E-16,1.,0.));
#10416 = FACE_BOUND('',#10417,.F.);
#10417 = EDGE_LOOP('',(#10418,#10428,#10436,#10444));
#10418 = ORIENTED_EDGE('',*,*,#10419,.T.);
#10419 = EDGE_CURVE('',#10420,#10422,#10424,.T.);
#10420 = VERTEX_POINT('',#10421);
#10421 = CARTESIAN_POINT('',(-1.875,1.8,2.5E-02));
#10422 = VERTEX_POINT('',#10423);
#10423 = CARTESIAN_POINT('',(-1.625,1.8,2.5E-02));
#10424 = LINE('',#10425,#10426);
#10425 = CARTESIAN_POINT('',(-2.1125,1.8,2.5E-02));
#10426 = VECTOR('',#10427,1.);
#10427 = DIRECTION('',(1.,-4.555315873023E-16,0.));
#10428 = ORIENTED_EDGE('',*,*,#10429,.T.);
#10429 = EDGE_CURVE('',#10422,#10430,#10432,.T.);
#10430 = VERTEX_POINT('',#10431);
#10431 = CARTESIAN_POINT('',(-1.625,1.325,2.5E-02));
#10432 = LINE('',#10433,#10434);
#10433 = CARTESIAN_POINT('',(-1.625,1.6125,2.5E-02));
#10434 = VECTOR('',#10435,1.);
#10435 = DIRECTION('',(-4.555315873023E-16,-1.,0.));
#10436 = ORIENTED_EDGE('',*,*,#10437,.T.);
#10437 = EDGE_CURVE('',#10430,#10438,#10440,.T.);
#10438 = VERTEX_POINT('',#10439);
#10439 = CARTESIAN_POINT('',(-1.875,1.325,2.5E-02));
#10440 = LINE('',#10441,#10442);
#10441 = CARTESIAN_POINT('',(-2.2375,1.325,2.5E-02));
#10442 = VECTOR('',#10443,1.);
#10443 = DIRECTION('',(-1.,4.555315873023E-16,0.));
#10444 = ORIENTED_EDGE('',*,*,#10445,.T.);
#10445 = EDGE_CURVE('',#10438,#10420,#10446,.T.);
#10446 = LINE('',#10447,#10448);
#10447 = CARTESIAN_POINT('',(-1.875,1.85,2.5E-02));
#10448 = VECTOR('',#10449,1.);
#10449 = DIRECTION('',(4.555315873023E-16,1.,0.));
#10450 = FACE_BOUND('',#10451,.F.);
#10451 = EDGE_LOOP('',(#10452,#10462,#10470,#10478));
#10452 = ORIENTED_EDGE('',*,*,#10453,.T.);
#10453 = EDGE_CURVE('',#10454,#10456,#10458,.T.);
#10454 = VERTEX_POINT('',#10455);
#10455 = CARTESIAN_POINT('',(-1.625,-1.8,2.5E-02));
#10456 = VERTEX_POINT('',#10457);
#10457 = CARTESIAN_POINT('',(-1.875,-1.8,2.5E-02));
#10458 = LINE('',#10459,#10460);
#10459 = CARTESIAN_POINT('',(-2.2375,-1.8,2.5E-02));
#10460 = VECTOR('',#10461,1.);
#10461 = DIRECTION('',(-1.,5.665538897648E-16,0.));
#10462 = ORIENTED_EDGE('',*,*,#10463,.T.);
#10463 = EDGE_CURVE('',#10456,#10464,#10466,.T.);
#10464 = VERTEX_POINT('',#10465);
#10465 = CARTESIAN_POINT('',(-1.875,-1.325,2.5E-02));
#10466 = LINE('',#10467,#10468);
#10467 = CARTESIAN_POINT('',(-1.875,0.2875,2.5E-02));
#10468 = VECTOR('',#10469,1.);
#10469 = DIRECTION('',(5.665538897648E-16,1.,0.));
#10470 = ORIENTED_EDGE('',*,*,#10471,.T.);
#10471 = EDGE_CURVE('',#10464,#10472,#10474,.T.);
#10472 = VERTEX_POINT('',#10473);
#10473 = CARTESIAN_POINT('',(-1.625,-1.325,2.5E-02));
#10474 = LINE('',#10475,#10476);
#10475 = CARTESIAN_POINT('',(-2.1125,-1.325,2.5E-02));
#10476 = VECTOR('',#10477,1.);
#10477 = DIRECTION('',(1.,-5.665538897648E-16,0.));
#10478 = ORIENTED_EDGE('',*,*,#10479,.T.);
#10479 = EDGE_CURVE('',#10472,#10454,#10480,.T.);
#10480 = LINE('',#10481,#10482);
#10481 = CARTESIAN_POINT('',(-1.625,5.E-02,2.5E-02));
#10482 = VECTOR('',#10483,1.);
#10483 = DIRECTION('',(-5.665538897648E-16,-1.,0.));
#10484 = FACE_BOUND('',#10485,.F.);
#10485 = EDGE_LOOP('',(#10486,#10496,#10504,#10512));
#10486 = ORIENTED_EDGE('',*,*,#10487,.T.);
#10487 = EDGE_CURVE('',#10488,#10490,#10492,.T.);
#10488 = VERTEX_POINT('',#10489);
#10489 = CARTESIAN_POINT('',(-1.125,-1.325,2.5E-02));
#10490 = VERTEX_POINT('',#10491);
#10491 = CARTESIAN_POINT('',(-1.125,-1.8,2.5E-02));
#10492 = LINE('',#10493,#10494);
#10493 = CARTESIAN_POINT('',(-1.125,5.E-02,2.5E-02));
#10494 = VECTOR('',#10495,1.);
#10495 = DIRECTION('',(-5.665538897648E-16,-1.,0.));
#10496 = ORIENTED_EDGE('',*,*,#10497,.T.);
#10497 = EDGE_CURVE('',#10490,#10498,#10500,.T.);
#10498 = VERTEX_POINT('',#10499);
#10499 = CARTESIAN_POINT('',(-1.375,-1.8,2.5E-02));
#10500 = LINE('',#10501,#10502);
#10501 = CARTESIAN_POINT('',(-1.9875,-1.8,2.5E-02));
#10502 = VECTOR('',#10503,1.);
#10503 = DIRECTION('',(-1.,5.665538897648E-16,0.));
#10504 = ORIENTED_EDGE('',*,*,#10505,.T.);
#10505 = EDGE_CURVE('',#10498,#10506,#10508,.T.);
#10506 = VERTEX_POINT('',#10507);
#10507 = CARTESIAN_POINT('',(-1.375,-1.325,2.5E-02));
#10508 = LINE('',#10509,#10510);
#10509 = CARTESIAN_POINT('',(-1.375,0.2875,2.5E-02));
#10510 = VECTOR('',#10511,1.);
#10511 = DIRECTION('',(5.665538897648E-16,1.,0.));
#10512 = ORIENTED_EDGE('',*,*,#10513,.T.);
#10513 = EDGE_CURVE('',#10506,#10488,#10514,.T.);
#10514 = LINE('',#10515,#10516);
#10515 = CARTESIAN_POINT('',(-1.8625,-1.325,2.5E-02));
#10516 = VECTOR('',#10517,1.);
#10517 = DIRECTION('',(1.,-5.665538897648E-16,0.));
#10518 = FACE_BOUND('',#10519,.F.);
#10519 = EDGE_LOOP('',(#10520,#10530,#10538,#10546));
#10520 = ORIENTED_EDGE('',*,*,#10521,.T.);
#10521 = EDGE_CURVE('',#10522,#10524,#10526,.T.);
#10522 = VERTEX_POINT('',#10523);
#10523 = CARTESIAN_POINT('',(-0.625,-1.325,2.5E-02));
#10524 = VERTEX_POINT('',#10525);
#10525 = CARTESIAN_POINT('',(-0.625,-1.8,2.5E-02));
#10526 = LINE('',#10527,#10528);
#10527 = CARTESIAN_POINT('',(-0.625,5.E-02,2.5E-02));
#10528 = VECTOR('',#10529,1.);
#10529 = DIRECTION('',(-5.665538897648E-16,-1.,0.));
#10530 = ORIENTED_EDGE('',*,*,#10531,.T.);
#10531 = EDGE_CURVE('',#10524,#10532,#10534,.T.);
#10532 = VERTEX_POINT('',#10533);
#10533 = CARTESIAN_POINT('',(-0.875,-1.8,2.5E-02));
#10534 = LINE('',#10535,#10536);
#10535 = CARTESIAN_POINT('',(-1.7375,-1.8,2.5E-02));
#10536 = VECTOR('',#10537,1.);
#10537 = DIRECTION('',(-1.,5.665538897648E-16,0.));
#10538 = ORIENTED_EDGE('',*,*,#10539,.T.);
#10539 = EDGE_CURVE('',#10532,#10540,#10542,.T.);
#10540 = VERTEX_POINT('',#10541);
#10541 = CARTESIAN_POINT('',(-0.875,-1.325,2.5E-02));
#10542 = LINE('',#10543,#10544);
#10543 = CARTESIAN_POINT('',(-0.875,0.2875,2.5E-02));
#10544 = VECTOR('',#10545,1.);
#10545 = DIRECTION('',(5.665538897648E-16,1.,0.));
#10546 = ORIENTED_EDGE('',*,*,#10547,.T.);
#10547 = EDGE_CURVE('',#10540,#10522,#10548,.T.);
#10548 = LINE('',#10549,#10550);
#10549 = CARTESIAN_POINT('',(-1.6125,-1.325,2.5E-02));
#10550 = VECTOR('',#10551,1.);
#10551 = DIRECTION('',(1.,-5.665538897648E-16,0.));
#10552 = FACE_BOUND('',#10553,.F.);
#10553 = EDGE_LOOP('',(#10554,#10564,#10572,#10580));
#10554 = ORIENTED_EDGE('',*,*,#10555,.T.);
#10555 = EDGE_CURVE('',#10556,#10558,#10560,.T.);
#10556 = VERTEX_POINT('',#10557);
#10557 = CARTESIAN_POINT('',(-0.375,-1.8,2.5E-02));
#10558 = VERTEX_POINT('',#10559);
#10559 = CARTESIAN_POINT('',(-0.375,-1.325,2.5E-02));
#10560 = LINE('',#10561,#10562);
#10561 = CARTESIAN_POINT('',(-0.375,0.2875,2.5E-02));
#10562 = VECTOR('',#10563,1.);
#10563 = DIRECTION('',(5.665538897648E-16,1.,0.));
#10564 = ORIENTED_EDGE('',*,*,#10565,.T.);
#10565 = EDGE_CURVE('',#10558,#10566,#10568,.T.);
#10566 = VERTEX_POINT('',#10567);
#10567 = CARTESIAN_POINT('',(-0.125,-1.325,2.5E-02));
#10568 = LINE('',#10569,#10570);
#10569 = CARTESIAN_POINT('',(-1.3625,-1.325,2.5E-02));
#10570 = VECTOR('',#10571,1.);
#10571 = DIRECTION('',(1.,-5.665538897648E-16,0.));
#10572 = ORIENTED_EDGE('',*,*,#10573,.T.);
#10573 = EDGE_CURVE('',#10566,#10574,#10576,.T.);
#10574 = VERTEX_POINT('',#10575);
#10575 = CARTESIAN_POINT('',(-0.125,-1.8,2.5E-02));
#10576 = LINE('',#10577,#10578);
#10577 = CARTESIAN_POINT('',(-0.125,5.E-02,2.5E-02));
#10578 = VECTOR('',#10579,1.);
#10579 = DIRECTION('',(-5.665538897648E-16,-1.,0.));
#10580 = ORIENTED_EDGE('',*,*,#10581,.T.);
#10581 = EDGE_CURVE('',#10574,#10556,#10582,.T.);
#10582 = LINE('',#10583,#10584);
#10583 = CARTESIAN_POINT('',(-1.4875,-1.8,2.5E-02));
#10584 = VECTOR('',#10585,1.);
#10585 = DIRECTION('',(-1.,5.665538897648E-16,0.));
#10586 = FACE_BOUND('',#10587,.F.);
#10587 = EDGE_LOOP('',(#10588,#10598,#10606,#10614));
#10588 = ORIENTED_EDGE('',*,*,#10589,.T.);
#10589 = EDGE_CURVE('',#10590,#10592,#10594,.T.);
#10590 = VERTEX_POINT('',#10591);
#10591 = CARTESIAN_POINT('',(1.125,-1.325,2.5E-02));
#10592 = VERTEX_POINT('',#10593);
#10593 = CARTESIAN_POINT('',(1.375,-1.325,2.5E-02));
#10594 = LINE('',#10595,#10596);
#10595 = CARTESIAN_POINT('',(-0.6125,-1.325,2.5E-02));
#10596 = VECTOR('',#10597,1.);
#10597 = DIRECTION('',(1.,-5.665538897648E-16,0.));
#10598 = ORIENTED_EDGE('',*,*,#10599,.T.);
#10599 = EDGE_CURVE('',#10592,#10600,#10602,.T.);
#10600 = VERTEX_POINT('',#10601);
#10601 = CARTESIAN_POINT('',(1.375,-1.8,2.5E-02));
#10602 = LINE('',#10603,#10604);
#10603 = CARTESIAN_POINT('',(1.375,5.E-02,2.5E-02));
#10604 = VECTOR('',#10605,1.);
#10605 = DIRECTION('',(-5.665538897648E-16,-1.,0.));
#10606 = ORIENTED_EDGE('',*,*,#10607,.T.);
#10607 = EDGE_CURVE('',#10600,#10608,#10610,.T.);
#10608 = VERTEX_POINT('',#10609);
#10609 = CARTESIAN_POINT('',(1.125,-1.8,2.5E-02));
#10610 = LINE('',#10611,#10612);
#10611 = CARTESIAN_POINT('',(-0.7375,-1.8,2.5E-02));
#10612 = VECTOR('',#10613,1.);
#10613 = DIRECTION('',(-1.,5.665538897648E-16,0.));
#10614 = ORIENTED_EDGE('',*,*,#10615,.T.);
#10615 = EDGE_CURVE('',#10608,#10590,#10616,.T.);
#10616 = LINE('',#10617,#10618);
#10617 = CARTESIAN_POINT('',(1.125,0.2875,2.5E-02));
#10618 = VECTOR('',#10619,1.);
#10619 = DIRECTION('',(5.665538897648E-16,1.,0.));
#10620 = FACE_BOUND('',#10621,.F.);
#10621 = EDGE_LOOP('',(#10622,#10632,#10640,#10648));
#10622 = ORIENTED_EDGE('',*,*,#10623,.T.);
#10623 = EDGE_CURVE('',#10624,#10626,#10628,.T.);
#10624 = VERTEX_POINT('',#10625);
#10625 = CARTESIAN_POINT('',(0.875,-1.325,2.5E-02));
#10626 = VERTEX_POINT('',#10627);
#10627 = CARTESIAN_POINT('',(0.875,-1.8,2.5E-02));
#10628 = LINE('',#10629,#10630);
#10629 = CARTESIAN_POINT('',(0.875,5.E-02,2.5E-02));
#10630 = VECTOR('',#10631,1.);
#10631 = DIRECTION('',(-5.665538897648E-16,-1.,0.));
#10632 = ORIENTED_EDGE('',*,*,#10633,.T.);
#10633 = EDGE_CURVE('',#10626,#10634,#10636,.T.);
#10634 = VERTEX_POINT('',#10635);
#10635 = CARTESIAN_POINT('',(0.625,-1.8,2.5E-02));
#10636 = LINE('',#10637,#10638);
#10637 = CARTESIAN_POINT('',(-0.9875,-1.8,2.5E-02));
#10638 = VECTOR('',#10639,1.);
#10639 = DIRECTION('',(-1.,5.665538897648E-16,0.));
#10640 = ORIENTED_EDGE('',*,*,#10641,.T.);
#10641 = EDGE_CURVE('',#10634,#10642,#10644,.T.);
#10642 = VERTEX_POINT('',#10643);
#10643 = CARTESIAN_POINT('',(0.625,-1.325,2.5E-02));
#10644 = LINE('',#10645,#10646);
#10645 = CARTESIAN_POINT('',(0.625,0.2875,2.5E-02));
#10646 = VECTOR('',#10647,1.);
#10647 = DIRECTION('',(5.665538897648E-16,1.,0.));
#10648 = ORIENTED_EDGE('',*,*,#10649,.T.);
#10649 = EDGE_CURVE('',#10642,#10624,#10650,.T.);
#10650 = LINE('',#10651,#10652);
#10651 = CARTESIAN_POINT('',(-0.8625,-1.325,2.5E-02));
#10652 = VECTOR('',#10653,1.);
#10653 = DIRECTION('',(1.,-5.665538897648E-16,0.));
#10654 = FACE_BOUND('',#10655,.F.);
#10655 = EDGE_LOOP('',(#10656,#10666,#10674,#10682));
#10656 = ORIENTED_EDGE('',*,*,#10657,.T.);
#10657 = EDGE_CURVE('',#10658,#10660,#10662,.T.);
#10658 = VERTEX_POINT('',#10659);
#10659 = CARTESIAN_POINT('',(0.125,-1.325,2.5E-02));
#10660 = VERTEX_POINT('',#10661);
#10661 = CARTESIAN_POINT('',(0.375,-1.325,2.5E-02));
#10662 = LINE('',#10663,#10664);
#10663 = CARTESIAN_POINT('',(-1.1125,-1.325,2.5E-02));
#10664 = VECTOR('',#10665,1.);
#10665 = DIRECTION('',(1.,-5.665538897648E-16,0.));
#10666 = ORIENTED_EDGE('',*,*,#10667,.T.);
#10667 = EDGE_CURVE('',#10660,#10668,#10670,.T.);
#10668 = VERTEX_POINT('',#10669);
#10669 = CARTESIAN_POINT('',(0.375,-1.8,2.5E-02));
#10670 = LINE('',#10671,#10672);
#10671 = CARTESIAN_POINT('',(0.375,5.E-02,2.5E-02));
#10672 = VECTOR('',#10673,1.);
#10673 = DIRECTION('',(-5.665538897648E-16,-1.,0.));
#10674 = ORIENTED_EDGE('',*,*,#10675,.T.);
#10675 = EDGE_CURVE('',#10668,#10676,#10678,.T.);
#10676 = VERTEX_POINT('',#10677);
#10677 = CARTESIAN_POINT('',(0.125,-1.8,2.5E-02));
#10678 = LINE('',#10679,#10680);
#10679 = CARTESIAN_POINT('',(-1.2375,-1.8,2.5E-02));
#10680 = VECTOR('',#10681,1.);
#10681 = DIRECTION('',(-1.,5.665538897648E-16,0.));
#10682 = ORIENTED_EDGE('',*,*,#10683,.T.);
#10683 = EDGE_CURVE('',#10676,#10658,#10684,.T.);
#10684 = LINE('',#10685,#10686);
#10685 = CARTESIAN_POINT('',(0.125,0.2875,2.5E-02));
#10686 = VECTOR('',#10687,1.);
#10687 = DIRECTION('',(5.665538897648E-16,1.,0.));
#10688 = FACE_BOUND('',#10689,.F.);
#10689 = EDGE_LOOP('',(#10690,#10700,#10708,#10716));
#10690 = ORIENTED_EDGE('',*,*,#10691,.T.);
#10691 = EDGE_CURVE('',#10692,#10694,#10696,.T.);
#10692 = VERTEX_POINT('',#10693);
#10693 = CARTESIAN_POINT('',(2.375,-1.8,2.5E-02));
#10694 = VERTEX_POINT('',#10695);
#10695 = CARTESIAN_POINT('',(2.125,-1.8,2.5E-02));
#10696 = LINE('',#10697,#10698);
#10697 = CARTESIAN_POINT('',(-0.2375,-1.8,2.5E-02));
#10698 = VECTOR('',#10699,1.);
#10699 = DIRECTION('',(-1.,5.665538897648E-16,0.));
#10700 = ORIENTED_EDGE('',*,*,#10701,.T.);
#10701 = EDGE_CURVE('',#10694,#10702,#10704,.T.);
#10702 = VERTEX_POINT('',#10703);
#10703 = CARTESIAN_POINT('',(2.125,-1.325,2.5E-02));
#10704 = LINE('',#10705,#10706);
#10705 = CARTESIAN_POINT('',(2.125,0.2875,2.5E-02));
#10706 = VECTOR('',#10707,1.);
#10707 = DIRECTION('',(5.665538897648E-16,1.,0.));
#10708 = ORIENTED_EDGE('',*,*,#10709,.T.);
#10709 = EDGE_CURVE('',#10702,#10710,#10712,.T.);
#10710 = VERTEX_POINT('',#10711);
#10711 = CARTESIAN_POINT('',(2.375,-1.325,2.5E-02));
#10712 = LINE('',#10713,#10714);
#10713 = CARTESIAN_POINT('',(-0.1125,-1.325,2.5E-02));
#10714 = VECTOR('',#10715,1.);
#10715 = DIRECTION('',(1.,-5.665538897648E-16,0.));
#10716 = ORIENTED_EDGE('',*,*,#10717,.T.);
#10717 = EDGE_CURVE('',#10710,#10692,#10718,.T.);
#10718 = LINE('',#10719,#10720);
#10719 = CARTESIAN_POINT('',(2.375,5.E-02,2.5E-02));
#10720 = VECTOR('',#10721,1.);
#10721 = DIRECTION('',(-5.665538897648E-16,-1.,0.));
#10722 = FACE_BOUND('',#10723,.F.);
#10723 = EDGE_LOOP('',(#10724,#10734,#10742,#10750));
#10724 = ORIENTED_EDGE('',*,*,#10725,.T.);
#10725 = EDGE_CURVE('',#10726,#10728,#10730,.T.);
#10726 = VERTEX_POINT('',#10727);
#10727 = CARTESIAN_POINT('',(1.875,-1.325,2.5E-02));
#10728 = VERTEX_POINT('',#10729);
#10729 = CARTESIAN_POINT('',(1.875,-1.8,2.5E-02));
#10730 = LINE('',#10731,#10732);
#10731 = CARTESIAN_POINT('',(1.875,5.E-02,2.5E-02));
#10732 = VECTOR('',#10733,1.);
#10733 = DIRECTION('',(-5.665538897648E-16,-1.,0.));
#10734 = ORIENTED_EDGE('',*,*,#10735,.T.);
#10735 = EDGE_CURVE('',#10728,#10736,#10738,.T.);
#10736 = VERTEX_POINT('',#10737);
#10737 = CARTESIAN_POINT('',(1.625,-1.8,2.5E-02));
#10738 = LINE('',#10739,#10740);
#10739 = CARTESIAN_POINT('',(-0.4875,-1.8,2.5E-02));
#10740 = VECTOR('',#10741,1.);
#10741 = DIRECTION('',(-1.,5.665538897648E-16,0.));
#10742 = ORIENTED_EDGE('',*,*,#10743,.T.);
#10743 = EDGE_CURVE('',#10736,#10744,#10746,.T.);
#10744 = VERTEX_POINT('',#10745);
#10745 = CARTESIAN_POINT('',(1.625,-1.325,2.5E-02));
#10746 = LINE('',#10747,#10748);
#10747 = CARTESIAN_POINT('',(1.625,0.2875,2.5E-02));
#10748 = VECTOR('',#10749,1.);
#10749 = DIRECTION('',(5.665538897648E-16,1.,0.));
#10750 = ORIENTED_EDGE('',*,*,#10751,.T.);
#10751 = EDGE_CURVE('',#10744,#10726,#10752,.T.);
#10752 = LINE('',#10753,#10754);
#10753 = CARTESIAN_POINT('',(-0.3625,-1.325,2.5E-02));
#10754 = VECTOR('',#10755,1.);
#10755 = DIRECTION('',(1.,-5.665538897648E-16,0.));
#10756 = FACE_BOUND('',#10757,.F.);
#10757 = EDGE_LOOP('',(#10758,#10768,#10776,#10784));
#10758 = ORIENTED_EDGE('',*,*,#10759,.T.);
#10759 = EDGE_CURVE('',#10760,#10762,#10764,.T.);
#10760 = VERTEX_POINT('',#10761);
#10761 = CARTESIAN_POINT('',(-2.125,-1.8,2.5E-02));
#10762 = VERTEX_POINT('',#10763);
#10763 = CARTESIAN_POINT('',(-2.375,-1.8,2.5E-02));
#10764 = LINE('',#10765,#10766);
#10765 = CARTESIAN_POINT('',(-2.4875,-1.8,2.5E-02));
#10766 = VECTOR('',#10767,1.);
#10767 = DIRECTION('',(-1.,5.665538897648E-16,0.));
#10768 = ORIENTED_EDGE('',*,*,#10769,.T.);
#10769 = EDGE_CURVE('',#10762,#10770,#10772,.T.);
#10770 = VERTEX_POINT('',#10771);
#10771 = CARTESIAN_POINT('',(-2.375,-1.325,2.5E-02));
#10772 = LINE('',#10773,#10774);
#10773 = CARTESIAN_POINT('',(-2.375,0.2875,2.5E-02));
#10774 = VECTOR('',#10775,1.);
#10775 = DIRECTION('',(5.665538897648E-16,1.,0.));
#10776 = ORIENTED_EDGE('',*,*,#10777,.T.);
#10777 = EDGE_CURVE('',#10770,#10778,#10780,.T.);
#10778 = VERTEX_POINT('',#10779);
#10779 = CARTESIAN_POINT('',(-2.125,-1.325,2.5E-02));
#10780 = LINE('',#10781,#10782);
#10781 = CARTESIAN_POINT('',(-2.3625,-1.325,2.5E-02));
#10782 = VECTOR('',#10783,1.);
#10783 = DIRECTION('',(1.,-5.665538897648E-16,0.));
#10784 = ORIENTED_EDGE('',*,*,#10785,.T.);
#10785 = EDGE_CURVE('',#10778,#10760,#10786,.T.);
#10786 = LINE('',#10787,#10788);
#10787 = CARTESIAN_POINT('',(-2.125,5.E-02,2.5E-02));
#10788 = VECTOR('',#10789,1.);
#10789 = DIRECTION('',(-5.665538897648E-16,-1.,0.));
#10790 = PLANE('',#10791);
#10791 = AXIS2_PLACEMENT_3D('',#10792,#10793,#10794);
#10792 = CARTESIAN_POINT('',(-2.6,1.9,2.5E-02));
#10793 = DIRECTION('',(0.,0.,1.));
#10794 = DIRECTION('',(-2.22044604925E-16,-1.,0.));
#10795 = ADVANCED_FACE('',(#10796),#10821,.F.);
#10796 = FACE_BOUND('',#10797,.F.);
#10797 = EDGE_LOOP('',(#10798,#10806,#10807,#10815));
#10798 = ORIENTED_EDGE('',*,*,#10799,.F.);
#10799 = EDGE_CURVE('',#9836,#10800,#10802,.T.);
#10800 = VERTEX_POINT('',#10801);
#10801 = CARTESIAN_POINT('',(-2.6,1.9,1.025));
#10802 = LINE('',#10803,#10804);
#10803 = CARTESIAN_POINT('',(-2.6,1.9,2.5E-02));
#10804 = VECTOR('',#10805,1.);
#10805 = DIRECTION('',(0.,0.,1.));
#10806 = ORIENTED_EDGE('',*,*,#9835,.T.);
#10807 = ORIENTED_EDGE('',*,*,#10808,.T.);
#10808 = EDGE_CURVE('',#9838,#10809,#10811,.T.);
#10809 = VERTEX_POINT('',#10810);
#10810 = CARTESIAN_POINT('',(2.6,1.9,1.025));
#10811 = LINE('',#10812,#10813);
#10812 = CARTESIAN_POINT('',(2.6,1.9,2.5E-02));
#10813 = VECTOR('',#10814,1.);
#10814 = DIRECTION('',(0.,0.,1.));
#10815 = ORIENTED_EDGE('',*,*,#10816,.F.);
#10816 = EDGE_CURVE('',#10800,#10809,#10817,.T.);
#10817 = LINE('',#10818,#10819);
#10818 = CARTESIAN_POINT('',(-2.6,1.9,1.025));
#10819 = VECTOR('',#10820,1.);
#10820 = DIRECTION('',(1.,-2.22044604925E-16,0.));
#10821 = PLANE('',#10822);
#10822 = AXIS2_PLACEMENT_3D('',#10823,#10824,#10825);
#10823 = CARTESIAN_POINT('',(-2.6,1.9,2.5E-02));
#10824 = DIRECTION('',(-2.22044604925E-16,-1.,0.));
#10825 = DIRECTION('',(0.,0.,1.));
#10826 = ADVANCED_FACE('',(#10827),#10845,.T.);
#10827 = FACE_BOUND('',#10828,.T.);
#10828 = EDGE_LOOP('',(#10829,#10830,#10831,#10839));
#10829 = ORIENTED_EDGE('',*,*,#9861,.F.);
#10830 = ORIENTED_EDGE('',*,*,#10808,.T.);
#10831 = ORIENTED_EDGE('',*,*,#10832,.T.);
#10832 = EDGE_CURVE('',#10809,#10833,#10835,.T.);
#10833 = VERTEX_POINT('',#10834);
#10834 = CARTESIAN_POINT('',(2.6,-1.9,1.025));
#10835 = LINE('',#10836,#10837);
#10836 = CARTESIAN_POINT('',(2.6,1.9,1.025));
#10837 = VECTOR('',#10838,1.);
#10838 = DIRECTION('',(-2.22044604925E-16,-1.,0.));
#10839 = ORIENTED_EDGE('',*,*,#10840,.F.);
#10840 = EDGE_CURVE('',#9854,#10833,#10841,.T.);
#10841 = LINE('',#10842,#10843);
#10842 = CARTESIAN_POINT('',(2.6,-1.9,2.5E-02));
#10843 = VECTOR('',#10844,1.);
#10844 = DIRECTION('',(0.,0.,1.));
#10845 = PLANE('',#10846);
#10846 = AXIS2_PLACEMENT_3D('',#10847,#10848,#10849);
#10847 = CARTESIAN_POINT('',(2.6,1.9,2.5E-02));
#10848 = DIRECTION('',(1.,-2.22044604925E-16,0.));
#10849 = DIRECTION('',(0.,0.,1.));
#10850 = ADVANCED_FACE('',(#10851),#10869,.F.);
#10851 = FACE_BOUND('',#10852,.F.);
#10852 = EDGE_LOOP('',(#10853,#10854,#10855,#10863));
#10853 = ORIENTED_EDGE('',*,*,#9845,.F.);
#10854 = ORIENTED_EDGE('',*,*,#10799,.T.);
#10855 = ORIENTED_EDGE('',*,*,#10856,.T.);
#10856 = EDGE_CURVE('',#10800,#10857,#10859,.T.);
#10857 = VERTEX_POINT('',#10858);
#10858 = CARTESIAN_POINT('',(-2.6,-1.9,1.025));
#10859 = LINE('',#10860,#10861);
#10860 = CARTESIAN_POINT('',(-2.6,1.9,1.025));
#10861 = VECTOR('',#10862,1.);
#10862 = DIRECTION('',(-2.22044604925E-16,-1.,0.));
#10863 = ORIENTED_EDGE('',*,*,#10864,.F.);
#10864 = EDGE_CURVE('',#9846,#10857,#10865,.T.);
#10865 = LINE('',#10866,#10867);
#10866 = CARTESIAN_POINT('',(-2.6,-1.9,2.5E-02));
#10867 = VECTOR('',#10868,1.);
#10868 = DIRECTION('',(0.,0.,1.));
#10869 = PLANE('',#10870);
#10870 = AXIS2_PLACEMENT_3D('',#10871,#10872,#10873);
#10871 = CARTESIAN_POINT('',(-2.6,1.9,2.5E-02));
#10872 = DIRECTION('',(1.,-2.22044604925E-16,0.));
#10873 = DIRECTION('',(0.,0.,1.));
#10874 = ADVANCED_FACE('',(#10875),#10886,.T.);
#10875 = FACE_BOUND('',#10876,.T.);
#10876 = EDGE_LOOP('',(#10877,#10878,#10879,#10880));
#10877 = ORIENTED_EDGE('',*,*,#10864,.F.);
#10878 = ORIENTED_EDGE('',*,*,#9853,.T.);
#10879 = ORIENTED_EDGE('',*,*,#10840,.T.);
#10880 = ORIENTED_EDGE('',*,*,#10881,.F.);
#10881 = EDGE_CURVE('',#10857,#10833,#10882,.T.);
#10882 = LINE('',#10883,#10884);
#10883 = CARTESIAN_POINT('',(-2.6,-1.9,1.025));
#10884 = VECTOR('',#10885,1.);
#10885 = DIRECTION('',(1.,-2.22044604925E-16,0.));
#10886 = PLANE('',#10887);
#10887 = AXIS2_PLACEMENT_3D('',#10888,#10889,#10890);
#10888 = CARTESIAN_POINT('',(-2.6,-1.9,2.5E-02));
#10889 = DIRECTION('',(-2.22044604925E-16,-1.,0.));
#10890 = DIRECTION('',(0.,0.,1.));
#10891 = ADVANCED_FACE('',(#10892),#10917,.F.);
#10892 = FACE_BOUND('',#10893,.F.);
#10893 = EDGE_LOOP('',(#10894,#10904,#10910,#10911));
#10894 = ORIENTED_EDGE('',*,*,#10895,.F.);
#10895 = EDGE_CURVE('',#10896,#10898,#10900,.T.);
#10896 = VERTEX_POINT('',#10897);
#10897 = CARTESIAN_POINT('',(-1.375,1.325,0.));
#10898 = VERTEX_POINT('',#10899);
#10899 = CARTESIAN_POINT('',(-1.125,1.325,0.));
#10900 = LINE('',#10901,#10902);
#10901 = CARTESIAN_POINT('',(-1.375,1.325,0.));
#10902 = VECTOR('',#10903,1.);
#10903 = DIRECTION('',(1.,-4.555315873023E-16,0.));
#10904 = ORIENTED_EDGE('',*,*,#10905,.T.);
#10905 = EDGE_CURVE('',#10896,#9872,#10906,.T.);
#10906 = LINE('',#10907,#10908);
#10907 = CARTESIAN_POINT('',(-1.375,1.325,0.));
#10908 = VECTOR('',#10909,1.);
#10909 = DIRECTION('',(0.,0.,1.));
#10910 = ORIENTED_EDGE('',*,*,#9869,.F.);
#10911 = ORIENTED_EDGE('',*,*,#10912,.F.);
#10912 = EDGE_CURVE('',#10898,#9870,#10913,.T.);
#10913 = LINE('',#10914,#10915);
#10914 = CARTESIAN_POINT('',(-1.125,1.325,0.));
#10915 = VECTOR('',#10916,1.);
#10916 = DIRECTION('',(0.,0.,1.));
#10917 = PLANE('',#10918);
#10918 = AXIS2_PLACEMENT_3D('',#10919,#10920,#10921);
#10919 = CARTESIAN_POINT('',(-1.375,1.325,0.));
#10920 = DIRECTION('',(4.555315873023E-16,1.,0.));
#10921 = DIRECTION('',(1.,-4.555315873023E-16,0.));
#10922 = ADVANCED_FACE('',(#10923),#10941,.F.);
#10923 = FACE_BOUND('',#10924,.F.);
#10924 = EDGE_LOOP('',(#10925,#10933,#10934,#10935));
#10925 = ORIENTED_EDGE('',*,*,#10926,.F.);
#10926 = EDGE_CURVE('',#10898,#10927,#10929,.T.);
#10927 = VERTEX_POINT('',#10928);
#10928 = CARTESIAN_POINT('',(-1.125,1.8,0.));
#10929 = LINE('',#10930,#10931);
#10930 = CARTESIAN_POINT('',(-1.125,1.325,0.));
#10931 = VECTOR('',#10932,1.);
#10932 = DIRECTION('',(4.555315873023E-16,1.,0.));
#10933 = ORIENTED_EDGE('',*,*,#10912,.T.);
#10934 = ORIENTED_EDGE('',*,*,#9895,.F.);
#10935 = ORIENTED_EDGE('',*,*,#10936,.F.);
#10936 = EDGE_CURVE('',#10927,#9888,#10937,.T.);
#10937 = LINE('',#10938,#10939);
#10938 = CARTESIAN_POINT('',(-1.125,1.8,0.));
#10939 = VECTOR('',#10940,1.);
#10940 = DIRECTION('',(0.,0.,1.));
#10941 = PLANE('',#10942);
#10942 = AXIS2_PLACEMENT_3D('',#10943,#10944,#10945);
#10943 = CARTESIAN_POINT('',(-1.125,1.325,0.));
#10944 = DIRECTION('',(-1.,4.555315873023E-16,0.));
#10945 = DIRECTION('',(4.555315873023E-16,1.,0.));
#10946 = ADVANCED_FACE('',(#10947),#10965,.F.);
#10947 = FACE_BOUND('',#10948,.F.);
#10948 = EDGE_LOOP('',(#10949,#10957,#10963,#10964));
#10949 = ORIENTED_EDGE('',*,*,#10950,.F.);
#10950 = EDGE_CURVE('',#10951,#10896,#10953,.T.);
#10951 = VERTEX_POINT('',#10952);
#10952 = CARTESIAN_POINT('',(-1.375,1.8,0.));
#10953 = LINE('',#10954,#10955);
#10954 = CARTESIAN_POINT('',(-1.375,1.8,0.));
#10955 = VECTOR('',#10956,1.);
#10956 = DIRECTION('',(-4.555315873023E-16,-1.,0.));
#10957 = ORIENTED_EDGE('',*,*,#10958,.T.);
#10958 = EDGE_CURVE('',#10951,#9880,#10959,.T.);
#10959 = LINE('',#10960,#10961);
#10960 = CARTESIAN_POINT('',(-1.375,1.8,0.));
#10961 = VECTOR('',#10962,1.);
#10962 = DIRECTION('',(0.,0.,1.));
#10963 = ORIENTED_EDGE('',*,*,#9879,.F.);
#10964 = ORIENTED_EDGE('',*,*,#10905,.F.);
#10965 = PLANE('',#10966);
#10966 = AXIS2_PLACEMENT_3D('',#10967,#10968,#10969);
#10967 = CARTESIAN_POINT('',(-1.375,1.8,0.));
#10968 = DIRECTION('',(1.,-4.555315873023E-16,0.));
#10969 = DIRECTION('',(-4.555315873023E-16,-1.,0.));
#10970 = ADVANCED_FACE('',(#10971),#10982,.F.);
#10971 = FACE_BOUND('',#10972,.F.);
#10972 = EDGE_LOOP('',(#10973,#10979,#10980,#10981));
#10973 = ORIENTED_EDGE('',*,*,#10974,.F.);
#10974 = EDGE_CURVE('',#10927,#10951,#10975,.T.);
#10975 = LINE('',#10976,#10977);
#10976 = CARTESIAN_POINT('',(-1.125,1.8,0.));
#10977 = VECTOR('',#10978,1.);
#10978 = DIRECTION('',(-1.,4.555315873023E-16,0.));
#10979 = ORIENTED_EDGE('',*,*,#10936,.T.);
#10980 = ORIENTED_EDGE('',*,*,#9887,.F.);
#10981 = ORIENTED_EDGE('',*,*,#10958,.F.);
#10982 = PLANE('',#10983);
#10983 = AXIS2_PLACEMENT_3D('',#10984,#10985,#10986);
#10984 = CARTESIAN_POINT('',(-1.125,1.8,0.));
#10985 = DIRECTION('',(-4.555315873023E-16,-1.,0.));
#10986 = DIRECTION('',(-1.,4.555315873023E-16,0.));
#10987 = ADVANCED_FACE('',(#10988),#11013,.F.);
#10988 = FACE_BOUND('',#10989,.F.);
#10989 = EDGE_LOOP('',(#10990,#11000,#11006,#11007));
#10990 = ORIENTED_EDGE('',*,*,#10991,.F.);
#10991 = EDGE_CURVE('',#10992,#10994,#10996,.T.);
#10992 = VERTEX_POINT('',#10993);
#10993 = CARTESIAN_POINT('',(-0.875,1.8,0.));
#10994 = VERTEX_POINT('',#10995);
#10995 = CARTESIAN_POINT('',(-0.875,1.325,0.));
#10996 = LINE('',#10997,#10998);
#10997 = CARTESIAN_POINT('',(-0.875,1.8,0.));
#10998 = VECTOR('',#10999,1.);
#10999 = DIRECTION('',(-4.555315873023E-16,-1.,0.));
#11000 = ORIENTED_EDGE('',*,*,#11001,.T.);
#11001 = EDGE_CURVE('',#10992,#9906,#11002,.T.);
#11002 = LINE('',#11003,#11004);
#11003 = CARTESIAN_POINT('',(-0.875,1.8,0.));
#11004 = VECTOR('',#11005,1.);
#11005 = DIRECTION('',(0.,0.,1.));
#11006 = ORIENTED_EDGE('',*,*,#9903,.F.);
#11007 = ORIENTED_EDGE('',*,*,#11008,.F.);
#11008 = EDGE_CURVE('',#10994,#9904,#11009,.T.);
#11009 = LINE('',#11010,#11011);
#11010 = CARTESIAN_POINT('',(-0.875,1.325,0.));
#11011 = VECTOR('',#11012,1.);
#11012 = DIRECTION('',(0.,0.,1.));
#11013 = PLANE('',#11014);
#11014 = AXIS2_PLACEMENT_3D('',#11015,#11016,#11017);
#11015 = CARTESIAN_POINT('',(-0.875,1.8,0.));
#11016 = DIRECTION('',(1.,-4.555315873023E-16,0.));
#11017 = DIRECTION('',(-4.555315873023E-16,-1.,0.));
#11018 = ADVANCED_FACE('',(#11019),#11037,.F.);
#11019 = FACE_BOUND('',#11020,.F.);
#11020 = EDGE_LOOP('',(#11021,#11029,#11030,#11031));
#11021 = ORIENTED_EDGE('',*,*,#11022,.F.);
#11022 = EDGE_CURVE('',#10994,#11023,#11025,.T.);
#11023 = VERTEX_POINT('',#11024);
#11024 = CARTESIAN_POINT('',(-0.625,1.325,0.));
#11025 = LINE('',#11026,#11027);
#11026 = CARTESIAN_POINT('',(-0.875,1.325,0.));
#11027 = VECTOR('',#11028,1.);
#11028 = DIRECTION('',(1.,-4.555315873023E-16,0.));
#11029 = ORIENTED_EDGE('',*,*,#11008,.T.);
#11030 = ORIENTED_EDGE('',*,*,#9929,.F.);
#11031 = ORIENTED_EDGE('',*,*,#11032,.F.);
#11032 = EDGE_CURVE('',#11023,#9922,#11033,.T.);
#11033 = LINE('',#11034,#11035);
#11034 = CARTESIAN_POINT('',(-0.625,1.325,0.));
#11035 = VECTOR('',#11036,1.);
#11036 = DIRECTION('',(0.,0.,1.));
#11037 = PLANE('',#11038);
#11038 = AXIS2_PLACEMENT_3D('',#11039,#11040,#11041);
#11039 = CARTESIAN_POINT('',(-0.875,1.325,0.));
#11040 = DIRECTION('',(4.555315873023E-16,1.,0.));
#11041 = DIRECTION('',(1.,-4.555315873023E-16,0.));
#11042 = ADVANCED_FACE('',(#11043),#11061,.F.);
#11043 = FACE_BOUND('',#11044,.F.);
#11044 = EDGE_LOOP('',(#11045,#11053,#11059,#11060));
#11045 = ORIENTED_EDGE('',*,*,#11046,.F.);
#11046 = EDGE_CURVE('',#11047,#10992,#11049,.T.);
#11047 = VERTEX_POINT('',#11048);
#11048 = CARTESIAN_POINT('',(-0.625,1.8,0.));
#11049 = LINE('',#11050,#11051);
#11050 = CARTESIAN_POINT('',(-0.625,1.8,0.));
#11051 = VECTOR('',#11052,1.);
#11052 = DIRECTION('',(-1.,4.555315873023E-16,0.));
#11053 = ORIENTED_EDGE('',*,*,#11054,.T.);
#11054 = EDGE_CURVE('',#11047,#9914,#11055,.T.);
#11055 = LINE('',#11056,#11057);
#11056 = CARTESIAN_POINT('',(-0.625,1.8,0.));
#11057 = VECTOR('',#11058,1.);
#11058 = DIRECTION('',(0.,0.,1.));
#11059 = ORIENTED_EDGE('',*,*,#9913,.F.);
#11060 = ORIENTED_EDGE('',*,*,#11001,.F.);
#11061 = PLANE('',#11062);
#11062 = AXIS2_PLACEMENT_3D('',#11063,#11064,#11065);
#11063 = CARTESIAN_POINT('',(-0.625,1.8,0.));
#11064 = DIRECTION('',(-4.555315873023E-16,-1.,0.));
#11065 = DIRECTION('',(-1.,4.555315873023E-16,0.));
#11066 = ADVANCED_FACE('',(#11067),#11078,.F.);
#11067 = FACE_BOUND('',#11068,.F.);
#11068 = EDGE_LOOP('',(#11069,#11075,#11076,#11077));
#11069 = ORIENTED_EDGE('',*,*,#11070,.F.);
#11070 = EDGE_CURVE('',#11023,#11047,#11071,.T.);
#11071 = LINE('',#11072,#11073);
#11072 = CARTESIAN_POINT('',(-0.625,1.325,0.));
#11073 = VECTOR('',#11074,1.);
#11074 = DIRECTION('',(4.555315873023E-16,1.,0.));
#11075 = ORIENTED_EDGE('',*,*,#11032,.T.);
#11076 = ORIENTED_EDGE('',*,*,#9921,.F.);
#11077 = ORIENTED_EDGE('',*,*,#11054,.F.);
#11078 = PLANE('',#11079);
#11079 = AXIS2_PLACEMENT_3D('',#11080,#11081,#11082);
#11080 = CARTESIAN_POINT('',(-0.625,1.325,0.));
#11081 = DIRECTION('',(-1.,4.555315873023E-16,0.));
#11082 = DIRECTION('',(4.555315873023E-16,1.,0.));
#11083 = ADVANCED_FACE('',(#11084),#11109,.F.);
#11084 = FACE_BOUND('',#11085,.F.);
#11085 = EDGE_LOOP('',(#11086,#11096,#11102,#11103));
#11086 = ORIENTED_EDGE('',*,*,#11087,.F.);
#11087 = EDGE_CURVE('',#11088,#11090,#11092,.T.);
#11088 = VERTEX_POINT('',#11089);
#11089 = CARTESIAN_POINT('',(-0.375,1.8,0.));
#11090 = VERTEX_POINT('',#11091);
#11091 = CARTESIAN_POINT('',(-0.375,1.325,0.));
#11092 = LINE('',#11093,#11094);
#11093 = CARTESIAN_POINT('',(-0.375,1.8,0.));
#11094 = VECTOR('',#11095,1.);
#11095 = DIRECTION('',(-4.555315873023E-16,-1.,0.));
#11096 = ORIENTED_EDGE('',*,*,#11097,.T.);
#11097 = EDGE_CURVE('',#11088,#9940,#11098,.T.);
#11098 = LINE('',#11099,#11100);
#11099 = CARTESIAN_POINT('',(-0.375,1.8,0.));
#11100 = VECTOR('',#11101,1.);
#11101 = DIRECTION('',(0.,0.,1.));
#11102 = ORIENTED_EDGE('',*,*,#9937,.F.);
#11103 = ORIENTED_EDGE('',*,*,#11104,.F.);
#11104 = EDGE_CURVE('',#11090,#9938,#11105,.T.);
#11105 = LINE('',#11106,#11107);
#11106 = CARTESIAN_POINT('',(-0.375,1.325,0.));
#11107 = VECTOR('',#11108,1.);
#11108 = DIRECTION('',(0.,0.,1.));
#11109 = PLANE('',#11110);
#11110 = AXIS2_PLACEMENT_3D('',#11111,#11112,#11113);
#11111 = CARTESIAN_POINT('',(-0.375,1.8,0.));
#11112 = DIRECTION('',(1.,-4.555315873023E-16,0.));
#11113 = DIRECTION('',(-4.555315873023E-16,-1.,0.));
#11114 = ADVANCED_FACE('',(#11115),#11133,.F.);
#11115 = FACE_BOUND('',#11116,.F.);
#11116 = EDGE_LOOP('',(#11117,#11125,#11126,#11127));
#11117 = ORIENTED_EDGE('',*,*,#11118,.F.);
#11118 = EDGE_CURVE('',#11090,#11119,#11121,.T.);
#11119 = VERTEX_POINT('',#11120);
#11120 = CARTESIAN_POINT('',(-0.125,1.325,0.));
#11121 = LINE('',#11122,#11123);
#11122 = CARTESIAN_POINT('',(-0.375,1.325,0.));
#11123 = VECTOR('',#11124,1.);
#11124 = DIRECTION('',(1.,-4.555315873023E-16,0.));
#11125 = ORIENTED_EDGE('',*,*,#11104,.T.);
#11126 = ORIENTED_EDGE('',*,*,#9963,.F.);
#11127 = ORIENTED_EDGE('',*,*,#11128,.F.);
#11128 = EDGE_CURVE('',#11119,#9956,#11129,.T.);
#11129 = LINE('',#11130,#11131);
#11130 = CARTESIAN_POINT('',(-0.125,1.325,0.));
#11131 = VECTOR('',#11132,1.);
#11132 = DIRECTION('',(0.,0.,1.));
#11133 = PLANE('',#11134);
#11134 = AXIS2_PLACEMENT_3D('',#11135,#11136,#11137);
#11135 = CARTESIAN_POINT('',(-0.375,1.325,0.));
#11136 = DIRECTION('',(4.555315873023E-16,1.,0.));
#11137 = DIRECTION('',(1.,-4.555315873023E-16,0.));
#11138 = ADVANCED_FACE('',(#11139),#11157,.F.);
#11139 = FACE_BOUND('',#11140,.F.);
#11140 = EDGE_LOOP('',(#11141,#11149,#11155,#11156));
#11141 = ORIENTED_EDGE('',*,*,#11142,.F.);
#11142 = EDGE_CURVE('',#11143,#11088,#11145,.T.);
#11143 = VERTEX_POINT('',#11144);
#11144 = CARTESIAN_POINT('',(-0.125,1.8,0.));
#11145 = LINE('',#11146,#11147);
#11146 = CARTESIAN_POINT('',(-0.125,1.8,0.));
#11147 = VECTOR('',#11148,1.);
#11148 = DIRECTION('',(-1.,4.555315873023E-16,0.));
#11149 = ORIENTED_EDGE('',*,*,#11150,.T.);
#11150 = EDGE_CURVE('',#11143,#9948,#11151,.T.);
#11151 = LINE('',#11152,#11153);
#11152 = CARTESIAN_POINT('',(-0.125,1.8,0.));
#11153 = VECTOR('',#11154,1.);
#11154 = DIRECTION('',(0.,0.,1.));
#11155 = ORIENTED_EDGE('',*,*,#9947,.F.);
#11156 = ORIENTED_EDGE('',*,*,#11097,.F.);
#11157 = PLANE('',#11158);
#11158 = AXIS2_PLACEMENT_3D('',#11159,#11160,#11161);
#11159 = CARTESIAN_POINT('',(-0.125,1.8,0.));
#11160 = DIRECTION('',(-4.555315873023E-16,-1.,0.));
#11161 = DIRECTION('',(-1.,4.555315873023E-16,0.));
#11162 = ADVANCED_FACE('',(#11163),#11174,.F.);
#11163 = FACE_BOUND('',#11164,.F.);
#11164 = EDGE_LOOP('',(#11165,#11171,#11172,#11173));
#11165 = ORIENTED_EDGE('',*,*,#11166,.F.);
#11166 = EDGE_CURVE('',#11119,#11143,#11167,.T.);
#11167 = LINE('',#11168,#11169);
#11168 = CARTESIAN_POINT('',(-0.125,1.325,0.));
#11169 = VECTOR('',#11170,1.);
#11170 = DIRECTION('',(4.555315873023E-16,1.,0.));
#11171 = ORIENTED_EDGE('',*,*,#11128,.T.);
#11172 = ORIENTED_EDGE('',*,*,#9955,.F.);
#11173 = ORIENTED_EDGE('',*,*,#11150,.F.);
#11174 = PLANE('',#11175);
#11175 = AXIS2_PLACEMENT_3D('',#11176,#11177,#11178);
#11176 = CARTESIAN_POINT('',(-0.125,1.325,0.));
#11177 = DIRECTION('',(-1.,4.555315873023E-16,0.));
#11178 = DIRECTION('',(4.555315873023E-16,1.,0.));
#11179 = ADVANCED_FACE('',(#11180),#11205,.F.);
#11180 = FACE_BOUND('',#11181,.F.);
#11181 = EDGE_LOOP('',(#11182,#11192,#11198,#11199));
#11182 = ORIENTED_EDGE('',*,*,#11183,.F.);
#11183 = EDGE_CURVE('',#11184,#11186,#11188,.T.);
#11184 = VERTEX_POINT('',#11185);
#11185 = CARTESIAN_POINT('',(0.875,1.8,0.));
#11186 = VERTEX_POINT('',#11187);
#11187 = CARTESIAN_POINT('',(0.625,1.8,0.));
#11188 = LINE('',#11189,#11190);
#11189 = CARTESIAN_POINT('',(0.875,1.8,0.));
#11190 = VECTOR('',#11191,1.);
#11191 = DIRECTION('',(-1.,4.555315873023E-16,0.));
#11192 = ORIENTED_EDGE('',*,*,#11193,.T.);
#11193 = EDGE_CURVE('',#11184,#9974,#11194,.T.);
#11194 = LINE('',#11195,#11196);
#11195 = CARTESIAN_POINT('',(0.875,1.8,0.));
#11196 = VECTOR('',#11197,1.);
#11197 = DIRECTION('',(0.,0.,1.));
#11198 = ORIENTED_EDGE('',*,*,#9971,.F.);
#11199 = ORIENTED_EDGE('',*,*,#11200,.F.);
#11200 = EDGE_CURVE('',#11186,#9972,#11201,.T.);
#11201 = LINE('',#11202,#11203);
#11202 = CARTESIAN_POINT('',(0.625,1.8,0.));
#11203 = VECTOR('',#11204,1.);
#11204 = DIRECTION('',(0.,0.,1.));
#11205 = PLANE('',#11206);
#11206 = AXIS2_PLACEMENT_3D('',#11207,#11208,#11209);
#11207 = CARTESIAN_POINT('',(0.875,1.8,0.));
#11208 = DIRECTION('',(-4.555315873023E-16,-1.,0.));
#11209 = DIRECTION('',(-1.,4.555315873023E-16,0.));
#11210 = ADVANCED_FACE('',(#11211),#11229,.F.);
#11211 = FACE_BOUND('',#11212,.F.);
#11212 = EDGE_LOOP('',(#11213,#11221,#11222,#11223));
#11213 = ORIENTED_EDGE('',*,*,#11214,.F.);
#11214 = EDGE_CURVE('',#11186,#11215,#11217,.T.);
#11215 = VERTEX_POINT('',#11216);
#11216 = CARTESIAN_POINT('',(0.625,1.325,0.));
#11217 = LINE('',#11218,#11219);
#11218 = CARTESIAN_POINT('',(0.625,1.8,0.));
#11219 = VECTOR('',#11220,1.);
#11220 = DIRECTION('',(-4.555315873023E-16,-1.,0.));
#11221 = ORIENTED_EDGE('',*,*,#11200,.T.);
#11222 = ORIENTED_EDGE('',*,*,#9997,.F.);
#11223 = ORIENTED_EDGE('',*,*,#11224,.F.);
#11224 = EDGE_CURVE('',#11215,#9990,#11225,.T.);
#11225 = LINE('',#11226,#11227);
#11226 = CARTESIAN_POINT('',(0.625,1.325,0.));
#11227 = VECTOR('',#11228,1.);
#11228 = DIRECTION('',(0.,0.,1.));
#11229 = PLANE('',#11230);
#11230 = AXIS2_PLACEMENT_3D('',#11231,#11232,#11233);
#11231 = CARTESIAN_POINT('',(0.625,1.8,0.));
#11232 = DIRECTION('',(1.,-4.555315873023E-16,0.));
#11233 = DIRECTION('',(-4.555315873023E-16,-1.,0.));
#11234 = ADVANCED_FACE('',(#11235),#11253,.F.);
#11235 = FACE_BOUND('',#11236,.F.);
#11236 = EDGE_LOOP('',(#11237,#11245,#11251,#11252));
#11237 = ORIENTED_EDGE('',*,*,#11238,.F.);
#11238 = EDGE_CURVE('',#11239,#11184,#11241,.T.);
#11239 = VERTEX_POINT('',#11240);
#11240 = CARTESIAN_POINT('',(0.875,1.325,0.));
#11241 = LINE('',#11242,#11243);
#11242 = CARTESIAN_POINT('',(0.875,1.325,0.));
#11243 = VECTOR('',#11244,1.);
#11244 = DIRECTION('',(4.555315873023E-16,1.,0.));
#11245 = ORIENTED_EDGE('',*,*,#11246,.T.);
#11246 = EDGE_CURVE('',#11239,#9982,#11247,.T.);
#11247 = LINE('',#11248,#11249);
#11248 = CARTESIAN_POINT('',(0.875,1.325,0.));
#11249 = VECTOR('',#11250,1.);
#11250 = DIRECTION('',(0.,0.,1.));
#11251 = ORIENTED_EDGE('',*,*,#9981,.F.);
#11252 = ORIENTED_EDGE('',*,*,#11193,.F.);
#11253 = PLANE('',#11254);
#11254 = AXIS2_PLACEMENT_3D('',#11255,#11256,#11257);
#11255 = CARTESIAN_POINT('',(0.875,1.325,0.));
#11256 = DIRECTION('',(-1.,4.555315873023E-16,0.));
#11257 = DIRECTION('',(4.555315873023E-16,1.,0.));
#11258 = ADVANCED_FACE('',(#11259),#11270,.F.);
#11259 = FACE_BOUND('',#11260,.F.);
#11260 = EDGE_LOOP('',(#11261,#11267,#11268,#11269));
#11261 = ORIENTED_EDGE('',*,*,#11262,.F.);
#11262 = EDGE_CURVE('',#11215,#11239,#11263,.T.);
#11263 = LINE('',#11264,#11265);
#11264 = CARTESIAN_POINT('',(0.625,1.325,0.));
#11265 = VECTOR('',#11266,1.);
#11266 = DIRECTION('',(1.,-4.555315873023E-16,0.));
#11267 = ORIENTED_EDGE('',*,*,#11224,.T.);
#11268 = ORIENTED_EDGE('',*,*,#9989,.F.);
#11269 = ORIENTED_EDGE('',*,*,#11246,.F.);
#11270 = PLANE('',#11271);
#11271 = AXIS2_PLACEMENT_3D('',#11272,#11273,#11274);
#11272 = CARTESIAN_POINT('',(0.625,1.325,0.));
#11273 = DIRECTION('',(4.555315873023E-16,1.,0.));
#11274 = DIRECTION('',(1.,-4.555315873023E-16,0.));
#11275 = ADVANCED_FACE('',(#11276),#11301,.F.);
#11276 = FACE_BOUND('',#11277,.F.);
#11277 = EDGE_LOOP('',(#11278,#11288,#11294,#11295));
#11278 = ORIENTED_EDGE('',*,*,#11279,.F.);
#11279 = EDGE_CURVE('',#11280,#11282,#11284,.T.);
#11280 = VERTEX_POINT('',#11281);
#11281 = CARTESIAN_POINT('',(0.375,1.325,0.));
#11282 = VERTEX_POINT('',#11283);
#11283 = CARTESIAN_POINT('',(0.375,1.8,0.));
#11284 = LINE('',#11285,#11286);
#11285 = CARTESIAN_POINT('',(0.375,1.325,0.));
#11286 = VECTOR('',#11287,1.);
#11287 = DIRECTION('',(4.555315873023E-16,1.,0.));
#11288 = ORIENTED_EDGE('',*,*,#11289,.T.);
#11289 = EDGE_CURVE('',#11280,#10008,#11290,.T.);
#11290 = LINE('',#11291,#11292);
#11291 = CARTESIAN_POINT('',(0.375,1.325,0.));
#11292 = VECTOR('',#11293,1.);
#11293 = DIRECTION('',(0.,0.,1.));
#11294 = ORIENTED_EDGE('',*,*,#10005,.F.);
#11295 = ORIENTED_EDGE('',*,*,#11296,.F.);
#11296 = EDGE_CURVE('',#11282,#10006,#11297,.T.);
#11297 = LINE('',#11298,#11299);
#11298 = CARTESIAN_POINT('',(0.375,1.8,0.));
#11299 = VECTOR('',#11300,1.);
#11300 = DIRECTION('',(0.,0.,1.));
#11301 = PLANE('',#11302);
#11302 = AXIS2_PLACEMENT_3D('',#11303,#11304,#11305);
#11303 = CARTESIAN_POINT('',(0.375,1.325,0.));
#11304 = DIRECTION('',(-1.,4.555315873023E-16,0.));
#11305 = DIRECTION('',(4.555315873023E-16,1.,0.));
#11306 = ADVANCED_FACE('',(#11307),#11325,.F.);
#11307 = FACE_BOUND('',#11308,.F.);
#11308 = EDGE_LOOP('',(#11309,#11317,#11318,#11319));
#11309 = ORIENTED_EDGE('',*,*,#11310,.F.);
#11310 = EDGE_CURVE('',#11282,#11311,#11313,.T.);
#11311 = VERTEX_POINT('',#11312);
#11312 = CARTESIAN_POINT('',(0.125,1.8,0.));
#11313 = LINE('',#11314,#11315);
#11314 = CARTESIAN_POINT('',(0.375,1.8,0.));
#11315 = VECTOR('',#11316,1.);
#11316 = DIRECTION('',(-1.,4.555315873023E-16,0.));
#11317 = ORIENTED_EDGE('',*,*,#11296,.T.);
#11318 = ORIENTED_EDGE('',*,*,#10031,.F.);
#11319 = ORIENTED_EDGE('',*,*,#11320,.F.);
#11320 = EDGE_CURVE('',#11311,#10024,#11321,.T.);
#11321 = LINE('',#11322,#11323);
#11322 = CARTESIAN_POINT('',(0.125,1.8,0.));
#11323 = VECTOR('',#11324,1.);
#11324 = DIRECTION('',(0.,0.,1.));
#11325 = PLANE('',#11326);
#11326 = AXIS2_PLACEMENT_3D('',#11327,#11328,#11329);
#11327 = CARTESIAN_POINT('',(0.375,1.8,0.));
#11328 = DIRECTION('',(-4.555315873023E-16,-1.,0.));
#11329 = DIRECTION('',(-1.,4.555315873023E-16,0.));
#11330 = ADVANCED_FACE('',(#11331),#11349,.F.);
#11331 = FACE_BOUND('',#11332,.F.);
#11332 = EDGE_LOOP('',(#11333,#11341,#11347,#11348));
#11333 = ORIENTED_EDGE('',*,*,#11334,.F.);
#11334 = EDGE_CURVE('',#11335,#11280,#11337,.T.);
#11335 = VERTEX_POINT('',#11336);
#11336 = CARTESIAN_POINT('',(0.125,1.325,0.));
#11337 = LINE('',#11338,#11339);
#11338 = CARTESIAN_POINT('',(0.125,1.325,0.));
#11339 = VECTOR('',#11340,1.);
#11340 = DIRECTION('',(1.,-4.555315873023E-16,0.));
#11341 = ORIENTED_EDGE('',*,*,#11342,.T.);
#11342 = EDGE_CURVE('',#11335,#10016,#11343,.T.);
#11343 = LINE('',#11344,#11345);
#11344 = CARTESIAN_POINT('',(0.125,1.325,0.));
#11345 = VECTOR('',#11346,1.);
#11346 = DIRECTION('',(0.,0.,1.));
#11347 = ORIENTED_EDGE('',*,*,#10015,.F.);
#11348 = ORIENTED_EDGE('',*,*,#11289,.F.);
#11349 = PLANE('',#11350);
#11350 = AXIS2_PLACEMENT_3D('',#11351,#11352,#11353);
#11351 = CARTESIAN_POINT('',(0.125,1.325,0.));
#11352 = DIRECTION('',(4.555315873023E-16,1.,0.));
#11353 = DIRECTION('',(1.,-4.555315873023E-16,0.));
#11354 = ADVANCED_FACE('',(#11355),#11366,.F.);
#11355 = FACE_BOUND('',#11356,.F.);
#11356 = EDGE_LOOP('',(#11357,#11363,#11364,#11365));
#11357 = ORIENTED_EDGE('',*,*,#11358,.F.);
#11358 = EDGE_CURVE('',#11311,#11335,#11359,.T.);
#11359 = LINE('',#11360,#11361);
#11360 = CARTESIAN_POINT('',(0.125,1.8,0.));
#11361 = VECTOR('',#11362,1.);
#11362 = DIRECTION('',(-4.555315873023E-16,-1.,0.));
#11363 = ORIENTED_EDGE('',*,*,#11320,.T.);
#11364 = ORIENTED_EDGE('',*,*,#10023,.F.);
#11365 = ORIENTED_EDGE('',*,*,#11342,.F.);
#11366 = PLANE('',#11367);
#11367 = AXIS2_PLACEMENT_3D('',#11368,#11369,#11370);
#11368 = CARTESIAN_POINT('',(0.125,1.8,0.));
#11369 = DIRECTION('',(1.,-4.555315873023E-16,0.));
#11370 = DIRECTION('',(-4.555315873023E-16,-1.,0.));
#11371 = ADVANCED_FACE('',(#11372),#11397,.F.);
#11372 = FACE_BOUND('',#11373,.F.);
#11373 = EDGE_LOOP('',(#11374,#11384,#11390,#11391));
#11374 = ORIENTED_EDGE('',*,*,#11375,.F.);
#11375 = EDGE_CURVE('',#11376,#11378,#11380,.T.);
#11376 = VERTEX_POINT('',#11377);
#11377 = CARTESIAN_POINT('',(2.025,0.125,0.));
#11378 = VERTEX_POINT('',#11379);
#11379 = CARTESIAN_POINT('',(2.5,0.125,0.));
#11380 = LINE('',#11381,#11382);
#11381 = CARTESIAN_POINT('',(2.025,0.125,0.));
#11382 = VECTOR('',#11383,1.);
#11383 = DIRECTION('',(1.,-3.445092848398E-16,0.));
#11384 = ORIENTED_EDGE('',*,*,#11385,.T.);
#11385 = EDGE_CURVE('',#11376,#10042,#11386,.T.);
#11386 = LINE('',#11387,#11388);
#11387 = CARTESIAN_POINT('',(2.025,0.125,0.));
#11388 = VECTOR('',#11389,1.);
#11389 = DIRECTION('',(0.,0.,1.));
#11390 = ORIENTED_EDGE('',*,*,#10039,.F.);
#11391 = ORIENTED_EDGE('',*,*,#11392,.F.);
#11392 = EDGE_CURVE('',#11378,#10040,#11393,.T.);
#11393 = LINE('',#11394,#11395);
#11394 = CARTESIAN_POINT('',(2.5,0.125,0.));
#11395 = VECTOR('',#11396,1.);
#11396 = DIRECTION('',(0.,0.,1.));
#11397 = PLANE('',#11398);
#11398 = AXIS2_PLACEMENT_3D('',#11399,#11400,#11401);
#11399 = CARTESIAN_POINT('',(2.025,0.125,0.));
#11400 = DIRECTION('',(3.445092848398E-16,1.,0.));
#11401 = DIRECTION('',(1.,-3.445092848398E-16,0.));
#11402 = ADVANCED_FACE('',(#11403),#11421,.F.);
#11403 = FACE_BOUND('',#11404,.F.);
#11404 = EDGE_LOOP('',(#11405,#11413,#11414,#11415));
#11405 = ORIENTED_EDGE('',*,*,#11406,.F.);
#11406 = EDGE_CURVE('',#11378,#11407,#11409,.T.);
#11407 = VERTEX_POINT('',#11408);
#11408 = CARTESIAN_POINT('',(2.5,0.375,0.));
#11409 = LINE('',#11410,#11411);
#11410 = CARTESIAN_POINT('',(2.5,0.125,0.));
#11411 = VECTOR('',#11412,1.);
#11412 = DIRECTION('',(3.445092848398E-16,1.,0.));
#11413 = ORIENTED_EDGE('',*,*,#11392,.T.);
#11414 = ORIENTED_EDGE('',*,*,#10065,.F.);
#11415 = ORIENTED_EDGE('',*,*,#11416,.F.);
#11416 = EDGE_CURVE('',#11407,#10058,#11417,.T.);
#11417 = LINE('',#11418,#11419);
#11418 = CARTESIAN_POINT('',(2.5,0.375,0.));
#11419 = VECTOR('',#11420,1.);
#11420 = DIRECTION('',(0.,0.,1.));
#11421 = PLANE('',#11422);
#11422 = AXIS2_PLACEMENT_3D('',#11423,#11424,#11425);
#11423 = CARTESIAN_POINT('',(2.5,0.125,0.));
#11424 = DIRECTION('',(-1.,3.445092848398E-16,0.));
#11425 = DIRECTION('',(3.445092848398E-16,1.,0.));
#11426 = ADVANCED_FACE('',(#11427),#11445,.F.);
#11427 = FACE_BOUND('',#11428,.F.);
#11428 = EDGE_LOOP('',(#11429,#11437,#11443,#11444));
#11429 = ORIENTED_EDGE('',*,*,#11430,.F.);
#11430 = EDGE_CURVE('',#11431,#11376,#11433,.T.);
#11431 = VERTEX_POINT('',#11432);
#11432 = CARTESIAN_POINT('',(2.025,0.375,0.));
#11433 = LINE('',#11434,#11435);
#11434 = CARTESIAN_POINT('',(2.025,0.375,0.));
#11435 = VECTOR('',#11436,1.);
#11436 = DIRECTION('',(-3.445092848398E-16,-1.,0.));
#11437 = ORIENTED_EDGE('',*,*,#11438,.T.);
#11438 = EDGE_CURVE('',#11431,#10050,#11439,.T.);
#11439 = LINE('',#11440,#11441);
#11440 = CARTESIAN_POINT('',(2.025,0.375,0.));
#11441 = VECTOR('',#11442,1.);
#11442 = DIRECTION('',(0.,0.,1.));
#11443 = ORIENTED_EDGE('',*,*,#10049,.F.);
#11444 = ORIENTED_EDGE('',*,*,#11385,.F.);
#11445 = PLANE('',#11446);
#11446 = AXIS2_PLACEMENT_3D('',#11447,#11448,#11449);
#11447 = CARTESIAN_POINT('',(2.025,0.375,0.));
#11448 = DIRECTION('',(1.,-3.445092848398E-16,0.));
#11449 = DIRECTION('',(-3.445092848398E-16,-1.,0.));
#11450 = ADVANCED_FACE('',(#11451),#11462,.F.);
#11451 = FACE_BOUND('',#11452,.F.);
#11452 = EDGE_LOOP('',(#11453,#11459,#11460,#11461));
#11453 = ORIENTED_EDGE('',*,*,#11454,.F.);
#11454 = EDGE_CURVE('',#11407,#11431,#11455,.T.);
#11455 = LINE('',#11456,#11457);
#11456 = CARTESIAN_POINT('',(2.5,0.375,0.));
#11457 = VECTOR('',#11458,1.);
#11458 = DIRECTION('',(-1.,3.445092848398E-16,0.));
#11459 = ORIENTED_EDGE('',*,*,#11416,.T.);
#11460 = ORIENTED_EDGE('',*,*,#10057,.F.);
#11461 = ORIENTED_EDGE('',*,*,#11438,.F.);
#11462 = PLANE('',#11463);
#11463 = AXIS2_PLACEMENT_3D('',#11464,#11465,#11466);
#11464 = CARTESIAN_POINT('',(2.5,0.375,0.));
#11465 = DIRECTION('',(-3.445092848398E-16,-1.,0.));
#11466 = DIRECTION('',(-1.,3.445092848398E-16,0.));
#11467 = ADVANCED_FACE('',(#11468),#11493,.F.);
#11468 = FACE_BOUND('',#11469,.F.);
#11469 = EDGE_LOOP('',(#11470,#11480,#11486,#11487));
#11470 = ORIENTED_EDGE('',*,*,#11471,.F.);
#11471 = EDGE_CURVE('',#11472,#11474,#11476,.T.);
#11472 = VERTEX_POINT('',#11473);
#11473 = CARTESIAN_POINT('',(2.5,0.625,0.));
#11474 = VERTEX_POINT('',#11475);
#11475 = CARTESIAN_POINT('',(2.5,0.875,0.));
#11476 = LINE('',#11477,#11478);
#11477 = CARTESIAN_POINT('',(2.5,0.625,0.));
#11478 = VECTOR('',#11479,1.);
#11479 = DIRECTION('',(3.445092848398E-16,1.,0.));
#11480 = ORIENTED_EDGE('',*,*,#11481,.T.);
#11481 = EDGE_CURVE('',#11472,#10076,#11482,.T.);
#11482 = LINE('',#11483,#11484);
#11483 = CARTESIAN_POINT('',(2.5,0.625,0.));
#11484 = VECTOR('',#11485,1.);
#11485 = DIRECTION('',(0.,0.,1.));
#11486 = ORIENTED_EDGE('',*,*,#10073,.F.);
#11487 = ORIENTED_EDGE('',*,*,#11488,.F.);
#11488 = EDGE_CURVE('',#11474,#10074,#11489,.T.);
#11489 = LINE('',#11490,#11491);
#11490 = CARTESIAN_POINT('',(2.5,0.875,0.));
#11491 = VECTOR('',#11492,1.);
#11492 = DIRECTION('',(0.,0.,1.));
#11493 = PLANE('',#11494);
#11494 = AXIS2_PLACEMENT_3D('',#11495,#11496,#11497);
#11495 = CARTESIAN_POINT('',(2.5,0.625,0.));
#11496 = DIRECTION('',(-1.,3.445092848398E-16,0.));
#11497 = DIRECTION('',(3.445092848398E-16,1.,0.));
#11498 = ADVANCED_FACE('',(#11499),#11517,.F.);
#11499 = FACE_BOUND('',#11500,.F.);
#11500 = EDGE_LOOP('',(#11501,#11509,#11510,#11511));
#11501 = ORIENTED_EDGE('',*,*,#11502,.F.);
#11502 = EDGE_CURVE('',#11474,#11503,#11505,.T.);
#11503 = VERTEX_POINT('',#11504);
#11504 = CARTESIAN_POINT('',(2.025,0.875,0.));
#11505 = LINE('',#11506,#11507);
#11506 = CARTESIAN_POINT('',(2.5,0.875,0.));
#11507 = VECTOR('',#11508,1.);
#11508 = DIRECTION('',(-1.,3.445092848398E-16,0.));
#11509 = ORIENTED_EDGE('',*,*,#11488,.T.);
#11510 = ORIENTED_EDGE('',*,*,#10099,.F.);
#11511 = ORIENTED_EDGE('',*,*,#11512,.F.);
#11512 = EDGE_CURVE('',#11503,#10092,#11513,.T.);
#11513 = LINE('',#11514,#11515);
#11514 = CARTESIAN_POINT('',(2.025,0.875,0.));
#11515 = VECTOR('',#11516,1.);
#11516 = DIRECTION('',(0.,0.,1.));
#11517 = PLANE('',#11518);
#11518 = AXIS2_PLACEMENT_3D('',#11519,#11520,#11521);
#11519 = CARTESIAN_POINT('',(2.5,0.875,0.));
#11520 = DIRECTION('',(-3.445092848398E-16,-1.,0.));
#11521 = DIRECTION('',(-1.,3.445092848398E-16,0.));
#11522 = ADVANCED_FACE('',(#11523),#11541,.F.);
#11523 = FACE_BOUND('',#11524,.F.);
#11524 = EDGE_LOOP('',(#11525,#11533,#11539,#11540));
#11525 = ORIENTED_EDGE('',*,*,#11526,.F.);
#11526 = EDGE_CURVE('',#11527,#11472,#11529,.T.);
#11527 = VERTEX_POINT('',#11528);
#11528 = CARTESIAN_POINT('',(2.025,0.625,0.));
#11529 = LINE('',#11530,#11531);
#11530 = CARTESIAN_POINT('',(2.025,0.625,0.));
#11531 = VECTOR('',#11532,1.);
#11532 = DIRECTION('',(1.,-3.445092848398E-16,0.));
#11533 = ORIENTED_EDGE('',*,*,#11534,.T.);
#11534 = EDGE_CURVE('',#11527,#10084,#11535,.T.);
#11535 = LINE('',#11536,#11537);
#11536 = CARTESIAN_POINT('',(2.025,0.625,0.));
#11537 = VECTOR('',#11538,1.);
#11538 = DIRECTION('',(0.,0.,1.));
#11539 = ORIENTED_EDGE('',*,*,#10083,.F.);
#11540 = ORIENTED_EDGE('',*,*,#11481,.F.);
#11541 = PLANE('',#11542);
#11542 = AXIS2_PLACEMENT_3D('',#11543,#11544,#11545);
#11543 = CARTESIAN_POINT('',(2.025,0.625,0.));
#11544 = DIRECTION('',(3.445092848398E-16,1.,0.));
#11545 = DIRECTION('',(1.,-3.445092848398E-16,0.));
#11546 = ADVANCED_FACE('',(#11547),#11558,.F.);
#11547 = FACE_BOUND('',#11548,.F.);
#11548 = EDGE_LOOP('',(#11549,#11555,#11556,#11557));
#11549 = ORIENTED_EDGE('',*,*,#11550,.F.);
#11550 = EDGE_CURVE('',#11503,#11527,#11551,.T.);
#11551 = LINE('',#11552,#11553);
#11552 = CARTESIAN_POINT('',(2.025,0.875,0.));
#11553 = VECTOR('',#11554,1.);
#11554 = DIRECTION('',(-3.445092848398E-16,-1.,0.));
#11555 = ORIENTED_EDGE('',*,*,#11512,.T.);
#11556 = ORIENTED_EDGE('',*,*,#10091,.F.);
#11557 = ORIENTED_EDGE('',*,*,#11534,.F.);
#11558 = PLANE('',#11559);
#11559 = AXIS2_PLACEMENT_3D('',#11560,#11561,#11562);
#11560 = CARTESIAN_POINT('',(2.025,0.875,0.));
#11561 = DIRECTION('',(1.,-3.445092848398E-16,0.));
#11562 = DIRECTION('',(-3.445092848398E-16,-1.,0.));
#11563 = ADVANCED_FACE('',(#11564),#11589,.F.);
#11564 = FACE_BOUND('',#11565,.F.);
#11565 = EDGE_LOOP('',(#11566,#11576,#11582,#11583));
#11566 = ORIENTED_EDGE('',*,*,#11567,.F.);
#11567 = EDGE_CURVE('',#11568,#11570,#11572,.T.);
#11568 = VERTEX_POINT('',#11569);
#11569 = CARTESIAN_POINT('',(2.375,1.8,0.));
#11570 = VERTEX_POINT('',#11571);
#11571 = CARTESIAN_POINT('',(2.125,1.8,0.));
#11572 = LINE('',#11573,#11574);
#11573 = CARTESIAN_POINT('',(2.375,1.8,0.));
#11574 = VECTOR('',#11575,1.);
#11575 = DIRECTION('',(-1.,4.555315873023E-16,0.));
#11576 = ORIENTED_EDGE('',*,*,#11577,.T.);
#11577 = EDGE_CURVE('',#11568,#10110,#11578,.T.);
#11578 = LINE('',#11579,#11580);
#11579 = CARTESIAN_POINT('',(2.375,1.8,0.));
#11580 = VECTOR('',#11581,1.);
#11581 = DIRECTION('',(0.,0.,1.));
#11582 = ORIENTED_EDGE('',*,*,#10107,.F.);
#11583 = ORIENTED_EDGE('',*,*,#11584,.F.);
#11584 = EDGE_CURVE('',#11570,#10108,#11585,.T.);
#11585 = LINE('',#11586,#11587);
#11586 = CARTESIAN_POINT('',(2.125,1.8,0.));
#11587 = VECTOR('',#11588,1.);
#11588 = DIRECTION('',(0.,0.,1.));
#11589 = PLANE('',#11590);
#11590 = AXIS2_PLACEMENT_3D('',#11591,#11592,#11593);
#11591 = CARTESIAN_POINT('',(2.375,1.8,0.));
#11592 = DIRECTION('',(-4.555315873023E-16,-1.,0.));
#11593 = DIRECTION('',(-1.,4.555315873023E-16,0.));
#11594 = ADVANCED_FACE('',(#11595),#11613,.F.);
#11595 = FACE_BOUND('',#11596,.F.);
#11596 = EDGE_LOOP('',(#11597,#11605,#11606,#11607));
#11597 = ORIENTED_EDGE('',*,*,#11598,.F.);
#11598 = EDGE_CURVE('',#11570,#11599,#11601,.T.);
#11599 = VERTEX_POINT('',#11600);
#11600 = CARTESIAN_POINT('',(2.125,1.325,0.));
#11601 = LINE('',#11602,#11603);
#11602 = CARTESIAN_POINT('',(2.125,1.8,0.));
#11603 = VECTOR('',#11604,1.);
#11604 = DIRECTION('',(-4.555315873023E-16,-1.,0.));
#11605 = ORIENTED_EDGE('',*,*,#11584,.T.);
#11606 = ORIENTED_EDGE('',*,*,#10133,.F.);
#11607 = ORIENTED_EDGE('',*,*,#11608,.F.);
#11608 = EDGE_CURVE('',#11599,#10126,#11609,.T.);
#11609 = LINE('',#11610,#11611);
#11610 = CARTESIAN_POINT('',(2.125,1.325,0.));
#11611 = VECTOR('',#11612,1.);
#11612 = DIRECTION('',(0.,0.,1.));
#11613 = PLANE('',#11614);
#11614 = AXIS2_PLACEMENT_3D('',#11615,#11616,#11617);
#11615 = CARTESIAN_POINT('',(2.125,1.8,0.));
#11616 = DIRECTION('',(1.,-4.555315873023E-16,0.));
#11617 = DIRECTION('',(-4.555315873023E-16,-1.,0.));
#11618 = ADVANCED_FACE('',(#11619),#11637,.F.);
#11619 = FACE_BOUND('',#11620,.F.);
#11620 = EDGE_LOOP('',(#11621,#11629,#11635,#11636));
#11621 = ORIENTED_EDGE('',*,*,#11622,.F.);
#11622 = EDGE_CURVE('',#11623,#11568,#11625,.T.);
#11623 = VERTEX_POINT('',#11624);
#11624 = CARTESIAN_POINT('',(2.375,1.325,0.));
#11625 = LINE('',#11626,#11627);
#11626 = CARTESIAN_POINT('',(2.375,1.325,0.));
#11627 = VECTOR('',#11628,1.);
#11628 = DIRECTION('',(4.555315873023E-16,1.,0.));
#11629 = ORIENTED_EDGE('',*,*,#11630,.T.);
#11630 = EDGE_CURVE('',#11623,#10118,#11631,.T.);
#11631 = LINE('',#11632,#11633);
#11632 = CARTESIAN_POINT('',(2.375,1.325,0.));
#11633 = VECTOR('',#11634,1.);
#11634 = DIRECTION('',(0.,0.,1.));
#11635 = ORIENTED_EDGE('',*,*,#10117,.F.);
#11636 = ORIENTED_EDGE('',*,*,#11577,.F.);
#11637 = PLANE('',#11638);
#11638 = AXIS2_PLACEMENT_3D('',#11639,#11640,#11641);
#11639 = CARTESIAN_POINT('',(2.375,1.325,0.));
#11640 = DIRECTION('',(-1.,4.555315873023E-16,0.));
#11641 = DIRECTION('',(4.555315873023E-16,1.,0.));
#11642 = ADVANCED_FACE('',(#11643),#11654,.F.);
#11643 = FACE_BOUND('',#11644,.F.);
#11644 = EDGE_LOOP('',(#11645,#11651,#11652,#11653));
#11645 = ORIENTED_EDGE('',*,*,#11646,.F.);
#11646 = EDGE_CURVE('',#11599,#11623,#11647,.T.);
#11647 = LINE('',#11648,#11649);
#11648 = CARTESIAN_POINT('',(2.125,1.325,0.));
#11649 = VECTOR('',#11650,1.);
#11650 = DIRECTION('',(1.,-4.555315873023E-16,0.));
#11651 = ORIENTED_EDGE('',*,*,#11608,.T.);
#11652 = ORIENTED_EDGE('',*,*,#10125,.F.);
#11653 = ORIENTED_EDGE('',*,*,#11630,.F.);
#11654 = PLANE('',#11655);
#11655 = AXIS2_PLACEMENT_3D('',#11656,#11657,#11658);
#11656 = CARTESIAN_POINT('',(2.125,1.325,0.));
#11657 = DIRECTION('',(4.555315873023E-16,1.,0.));
#11658 = DIRECTION('',(1.,-4.555315873023E-16,0.));
#11659 = ADVANCED_FACE('',(#11660),#11685,.F.);
#11660 = FACE_BOUND('',#11661,.F.);
#11661 = EDGE_LOOP('',(#11662,#11672,#11678,#11679));
#11662 = ORIENTED_EDGE('',*,*,#11663,.F.);
#11663 = EDGE_CURVE('',#11664,#11666,#11668,.T.);
#11664 = VERTEX_POINT('',#11665);
#11665 = CARTESIAN_POINT('',(1.625,1.325,0.));
#11666 = VERTEX_POINT('',#11667);
#11667 = CARTESIAN_POINT('',(1.875,1.325,0.));
#11668 = LINE('',#11669,#11670);
#11669 = CARTESIAN_POINT('',(1.625,1.325,0.));
#11670 = VECTOR('',#11671,1.);
#11671 = DIRECTION('',(1.,-4.555315873023E-16,0.));
#11672 = ORIENTED_EDGE('',*,*,#11673,.T.);
#11673 = EDGE_CURVE('',#11664,#10144,#11674,.T.);
#11674 = LINE('',#11675,#11676);
#11675 = CARTESIAN_POINT('',(1.625,1.325,0.));
#11676 = VECTOR('',#11677,1.);
#11677 = DIRECTION('',(0.,0.,1.));
#11678 = ORIENTED_EDGE('',*,*,#10141,.F.);
#11679 = ORIENTED_EDGE('',*,*,#11680,.F.);
#11680 = EDGE_CURVE('',#11666,#10142,#11681,.T.);
#11681 = LINE('',#11682,#11683);
#11682 = CARTESIAN_POINT('',(1.875,1.325,0.));
#11683 = VECTOR('',#11684,1.);
#11684 = DIRECTION('',(0.,0.,1.));
#11685 = PLANE('',#11686);
#11686 = AXIS2_PLACEMENT_3D('',#11687,#11688,#11689);
#11687 = CARTESIAN_POINT('',(1.625,1.325,0.));
#11688 = DIRECTION('',(4.555315873023E-16,1.,0.));
#11689 = DIRECTION('',(1.,-4.555315873023E-16,0.));
#11690 = ADVANCED_FACE('',(#11691),#11709,.F.);
#11691 = FACE_BOUND('',#11692,.F.);
#11692 = EDGE_LOOP('',(#11693,#11701,#11702,#11703));
#11693 = ORIENTED_EDGE('',*,*,#11694,.F.);
#11694 = EDGE_CURVE('',#11666,#11695,#11697,.T.);
#11695 = VERTEX_POINT('',#11696);
#11696 = CARTESIAN_POINT('',(1.875,1.8,0.));
#11697 = LINE('',#11698,#11699);
#11698 = CARTESIAN_POINT('',(1.875,1.325,0.));
#11699 = VECTOR('',#11700,1.);
#11700 = DIRECTION('',(4.555315873023E-16,1.,0.));
#11701 = ORIENTED_EDGE('',*,*,#11680,.T.);
#11702 = ORIENTED_EDGE('',*,*,#10167,.F.);
#11703 = ORIENTED_EDGE('',*,*,#11704,.F.);
#11704 = EDGE_CURVE('',#11695,#10160,#11705,.T.);
#11705 = LINE('',#11706,#11707);
#11706 = CARTESIAN_POINT('',(1.875,1.8,0.));
#11707 = VECTOR('',#11708,1.);
#11708 = DIRECTION('',(0.,0.,1.));
#11709 = PLANE('',#11710);
#11710 = AXIS2_PLACEMENT_3D('',#11711,#11712,#11713);
#11711 = CARTESIAN_POINT('',(1.875,1.325,0.));
#11712 = DIRECTION('',(-1.,4.555315873023E-16,0.));
#11713 = DIRECTION('',(4.555315873023E-16,1.,0.));
#11714 = ADVANCED_FACE('',(#11715),#11733,.F.);
#11715 = FACE_BOUND('',#11716,.F.);
#11716 = EDGE_LOOP('',(#11717,#11725,#11731,#11732));
#11717 = ORIENTED_EDGE('',*,*,#11718,.F.);
#11718 = EDGE_CURVE('',#11719,#11664,#11721,.T.);
#11719 = VERTEX_POINT('',#11720);
#11720 = CARTESIAN_POINT('',(1.625,1.8,0.));
#11721 = LINE('',#11722,#11723);
#11722 = CARTESIAN_POINT('',(1.625,1.8,0.));
#11723 = VECTOR('',#11724,1.);
#11724 = DIRECTION('',(-4.555315873023E-16,-1.,0.));
#11725 = ORIENTED_EDGE('',*,*,#11726,.T.);
#11726 = EDGE_CURVE('',#11719,#10152,#11727,.T.);
#11727 = LINE('',#11728,#11729);
#11728 = CARTESIAN_POINT('',(1.625,1.8,0.));
#11729 = VECTOR('',#11730,1.);
#11730 = DIRECTION('',(0.,0.,1.));
#11731 = ORIENTED_EDGE('',*,*,#10151,.F.);
#11732 = ORIENTED_EDGE('',*,*,#11673,.F.);
#11733 = PLANE('',#11734);
#11734 = AXIS2_PLACEMENT_3D('',#11735,#11736,#11737);
#11735 = CARTESIAN_POINT('',(1.625,1.8,0.));
#11736 = DIRECTION('',(1.,-4.555315873023E-16,0.));
#11737 = DIRECTION('',(-4.555315873023E-16,-1.,0.));
#11738 = ADVANCED_FACE('',(#11739),#11750,.F.);
#11739 = FACE_BOUND('',#11740,.F.);
#11740 = EDGE_LOOP('',(#11741,#11747,#11748,#11749));
#11741 = ORIENTED_EDGE('',*,*,#11742,.F.);
#11742 = EDGE_CURVE('',#11695,#11719,#11743,.T.);
#11743 = LINE('',#11744,#11745);
#11744 = CARTESIAN_POINT('',(1.875,1.8,0.));
#11745 = VECTOR('',#11746,1.);
#11746 = DIRECTION('',(-1.,4.555315873023E-16,0.));
#11747 = ORIENTED_EDGE('',*,*,#11704,.T.);
#11748 = ORIENTED_EDGE('',*,*,#10159,.F.);
#11749 = ORIENTED_EDGE('',*,*,#11726,.F.);
#11750 = PLANE('',#11751);
#11751 = AXIS2_PLACEMENT_3D('',#11752,#11753,#11754);
#11752 = CARTESIAN_POINT('',(1.875,1.8,0.));
#11753 = DIRECTION('',(-4.555315873023E-16,-1.,0.));
#11754 = DIRECTION('',(-1.,4.555315873023E-16,0.));
#11755 = ADVANCED_FACE('',(#11756),#11781,.F.);
#11756 = FACE_BOUND('',#11757,.F.);
#11757 = EDGE_LOOP('',(#11758,#11768,#11774,#11775));
#11758 = ORIENTED_EDGE('',*,*,#11759,.F.);
#11759 = EDGE_CURVE('',#11760,#11762,#11764,.T.);
#11760 = VERTEX_POINT('',#11761);
#11761 = CARTESIAN_POINT('',(1.375,1.8,0.));
#11762 = VERTEX_POINT('',#11763);
#11763 = CARTESIAN_POINT('',(1.125,1.8,0.));
#11764 = LINE('',#11765,#11766);
#11765 = CARTESIAN_POINT('',(1.375,1.8,0.));
#11766 = VECTOR('',#11767,1.);
#11767 = DIRECTION('',(-1.,4.555315873023E-16,0.));
#11768 = ORIENTED_EDGE('',*,*,#11769,.T.);
#11769 = EDGE_CURVE('',#11760,#10178,#11770,.T.);
#11770 = LINE('',#11771,#11772);
#11771 = CARTESIAN_POINT('',(1.375,1.8,0.));
#11772 = VECTOR('',#11773,1.);
#11773 = DIRECTION('',(0.,0.,1.));
#11774 = ORIENTED_EDGE('',*,*,#10175,.F.);
#11775 = ORIENTED_EDGE('',*,*,#11776,.F.);
#11776 = EDGE_CURVE('',#11762,#10176,#11777,.T.);
#11777 = LINE('',#11778,#11779);
#11778 = CARTESIAN_POINT('',(1.125,1.8,0.));
#11779 = VECTOR('',#11780,1.);
#11780 = DIRECTION('',(0.,0.,1.));
#11781 = PLANE('',#11782);
#11782 = AXIS2_PLACEMENT_3D('',#11783,#11784,#11785);
#11783 = CARTESIAN_POINT('',(1.375,1.8,0.));
#11784 = DIRECTION('',(-4.555315873023E-16,-1.,0.));
#11785 = DIRECTION('',(-1.,4.555315873023E-16,0.));
#11786 = ADVANCED_FACE('',(#11787),#11805,.F.);
#11787 = FACE_BOUND('',#11788,.F.);
#11788 = EDGE_LOOP('',(#11789,#11797,#11798,#11799));
#11789 = ORIENTED_EDGE('',*,*,#11790,.F.);
#11790 = EDGE_CURVE('',#11762,#11791,#11793,.T.);
#11791 = VERTEX_POINT('',#11792);
#11792 = CARTESIAN_POINT('',(1.125,1.325,0.));
#11793 = LINE('',#11794,#11795);
#11794 = CARTESIAN_POINT('',(1.125,1.8,0.));
#11795 = VECTOR('',#11796,1.);
#11796 = DIRECTION('',(-4.555315873023E-16,-1.,0.));
#11797 = ORIENTED_EDGE('',*,*,#11776,.T.);
#11798 = ORIENTED_EDGE('',*,*,#10201,.F.);
#11799 = ORIENTED_EDGE('',*,*,#11800,.F.);
#11800 = EDGE_CURVE('',#11791,#10194,#11801,.T.);
#11801 = LINE('',#11802,#11803);
#11802 = CARTESIAN_POINT('',(1.125,1.325,0.));
#11803 = VECTOR('',#11804,1.);
#11804 = DIRECTION('',(0.,0.,1.));
#11805 = PLANE('',#11806);
#11806 = AXIS2_PLACEMENT_3D('',#11807,#11808,#11809);
#11807 = CARTESIAN_POINT('',(1.125,1.8,0.));
#11808 = DIRECTION('',(1.,-4.555315873023E-16,0.));
#11809 = DIRECTION('',(-4.555315873023E-16,-1.,0.));
#11810 = ADVANCED_FACE('',(#11811),#11829,.F.);
#11811 = FACE_BOUND('',#11812,.F.);
#11812 = EDGE_LOOP('',(#11813,#11821,#11827,#11828));
#11813 = ORIENTED_EDGE('',*,*,#11814,.F.);
#11814 = EDGE_CURVE('',#11815,#11760,#11817,.T.);
#11815 = VERTEX_POINT('',#11816);
#11816 = CARTESIAN_POINT('',(1.375,1.325,0.));
#11817 = LINE('',#11818,#11819);
#11818 = CARTESIAN_POINT('',(1.375,1.325,0.));
#11819 = VECTOR('',#11820,1.);
#11820 = DIRECTION('',(4.555315873023E-16,1.,0.));
#11821 = ORIENTED_EDGE('',*,*,#11822,.T.);
#11822 = EDGE_CURVE('',#11815,#10186,#11823,.T.);
#11823 = LINE('',#11824,#11825);
#11824 = CARTESIAN_POINT('',(1.375,1.325,0.));
#11825 = VECTOR('',#11826,1.);
#11826 = DIRECTION('',(0.,0.,1.));
#11827 = ORIENTED_EDGE('',*,*,#10185,.F.);
#11828 = ORIENTED_EDGE('',*,*,#11769,.F.);
#11829 = PLANE('',#11830);
#11830 = AXIS2_PLACEMENT_3D('',#11831,#11832,#11833);
#11831 = CARTESIAN_POINT('',(1.375,1.325,0.));
#11832 = DIRECTION('',(-1.,4.555315873023E-16,0.));
#11833 = DIRECTION('',(4.555315873023E-16,1.,0.));
#11834 = ADVANCED_FACE('',(#11835),#11846,.F.);
#11835 = FACE_BOUND('',#11836,.F.);
#11836 = EDGE_LOOP('',(#11837,#11843,#11844,#11845));
#11837 = ORIENTED_EDGE('',*,*,#11838,.F.);
#11838 = EDGE_CURVE('',#11791,#11815,#11839,.T.);
#11839 = LINE('',#11840,#11841);
#11840 = CARTESIAN_POINT('',(1.125,1.325,0.));
#11841 = VECTOR('',#11842,1.);
#11842 = DIRECTION('',(1.,-4.555315873023E-16,0.));
#11843 = ORIENTED_EDGE('',*,*,#11800,.T.);
#11844 = ORIENTED_EDGE('',*,*,#10193,.F.);
#11845 = ORIENTED_EDGE('',*,*,#11822,.F.);
#11846 = PLANE('',#11847);
#11847 = AXIS2_PLACEMENT_3D('',#11848,#11849,#11850);
#11848 = CARTESIAN_POINT('',(1.125,1.325,0.));
#11849 = DIRECTION('',(4.555315873023E-16,1.,0.));
#11850 = DIRECTION('',(1.,-4.555315873023E-16,0.));
#11851 = ADVANCED_FACE('',(#11852),#11877,.F.);
#11852 = FACE_BOUND('',#11853,.F.);
#11853 = EDGE_LOOP('',(#11854,#11864,#11870,#11871));
#11854 = ORIENTED_EDGE('',*,*,#11855,.F.);
#11855 = EDGE_CURVE('',#11856,#11858,#11860,.T.);
#11856 = VERTEX_POINT('',#11857);
#11857 = CARTESIAN_POINT('',(2.5,-0.125,0.));
#11858 = VERTEX_POINT('',#11859);
#11859 = CARTESIAN_POINT('',(2.025,-0.125,0.));
#11860 = LINE('',#11861,#11862);
#11861 = CARTESIAN_POINT('',(2.5,-0.125,0.));
#11862 = VECTOR('',#11863,1.);
#11863 = DIRECTION('',(-1.,3.445092848398E-16,0.));
#11864 = ORIENTED_EDGE('',*,*,#11865,.T.);
#11865 = EDGE_CURVE('',#11856,#10212,#11866,.T.);
#11866 = LINE('',#11867,#11868);
#11867 = CARTESIAN_POINT('',(2.5,-0.125,0.));
#11868 = VECTOR('',#11869,1.);
#11869 = DIRECTION('',(0.,0.,1.));
#11870 = ORIENTED_EDGE('',*,*,#10209,.F.);
#11871 = ORIENTED_EDGE('',*,*,#11872,.F.);
#11872 = EDGE_CURVE('',#11858,#10210,#11873,.T.);
#11873 = LINE('',#11874,#11875);
#11874 = CARTESIAN_POINT('',(2.025,-0.125,0.));
#11875 = VECTOR('',#11876,1.);
#11876 = DIRECTION('',(0.,0.,1.));
#11877 = PLANE('',#11878);
#11878 = AXIS2_PLACEMENT_3D('',#11879,#11880,#11881);
#11879 = CARTESIAN_POINT('',(2.5,-0.125,0.));
#11880 = DIRECTION('',(-3.445092848398E-16,-1.,0.));
#11881 = DIRECTION('',(-1.,3.445092848398E-16,0.));
#11882 = ADVANCED_FACE('',(#11883),#11901,.F.);
#11883 = FACE_BOUND('',#11884,.F.);
#11884 = EDGE_LOOP('',(#11885,#11893,#11894,#11895));
#11885 = ORIENTED_EDGE('',*,*,#11886,.F.);
#11886 = EDGE_CURVE('',#11858,#11887,#11889,.T.);
#11887 = VERTEX_POINT('',#11888);
#11888 = CARTESIAN_POINT('',(2.025,-0.375,0.));
#11889 = LINE('',#11890,#11891);
#11890 = CARTESIAN_POINT('',(2.025,-0.125,0.));
#11891 = VECTOR('',#11892,1.);
#11892 = DIRECTION('',(-3.445092848398E-16,-1.,0.));
#11893 = ORIENTED_EDGE('',*,*,#11872,.T.);
#11894 = ORIENTED_EDGE('',*,*,#10235,.F.);
#11895 = ORIENTED_EDGE('',*,*,#11896,.F.);
#11896 = EDGE_CURVE('',#11887,#10228,#11897,.T.);
#11897 = LINE('',#11898,#11899);
#11898 = CARTESIAN_POINT('',(2.025,-0.375,0.));
#11899 = VECTOR('',#11900,1.);
#11900 = DIRECTION('',(0.,0.,1.));
#11901 = PLANE('',#11902);
#11902 = AXIS2_PLACEMENT_3D('',#11903,#11904,#11905);
#11903 = CARTESIAN_POINT('',(2.025,-0.125,0.));
#11904 = DIRECTION('',(1.,-3.445092848398E-16,0.));
#11905 = DIRECTION('',(-3.445092848398E-16,-1.,0.));
#11906 = ADVANCED_FACE('',(#11907),#11925,.F.);
#11907 = FACE_BOUND('',#11908,.F.);
#11908 = EDGE_LOOP('',(#11909,#11917,#11923,#11924));
#11909 = ORIENTED_EDGE('',*,*,#11910,.F.);
#11910 = EDGE_CURVE('',#11911,#11856,#11913,.T.);
#11911 = VERTEX_POINT('',#11912);
#11912 = CARTESIAN_POINT('',(2.5,-0.375,0.));
#11913 = LINE('',#11914,#11915);
#11914 = CARTESIAN_POINT('',(2.5,-0.375,0.));
#11915 = VECTOR('',#11916,1.);
#11916 = DIRECTION('',(3.445092848398E-16,1.,0.));
#11917 = ORIENTED_EDGE('',*,*,#11918,.T.);
#11918 = EDGE_CURVE('',#11911,#10220,#11919,.T.);
#11919 = LINE('',#11920,#11921);
#11920 = CARTESIAN_POINT('',(2.5,-0.375,0.));
#11921 = VECTOR('',#11922,1.);
#11922 = DIRECTION('',(0.,0.,1.));
#11923 = ORIENTED_EDGE('',*,*,#10219,.F.);
#11924 = ORIENTED_EDGE('',*,*,#11865,.F.);
#11925 = PLANE('',#11926);
#11926 = AXIS2_PLACEMENT_3D('',#11927,#11928,#11929);
#11927 = CARTESIAN_POINT('',(2.5,-0.375,0.));
#11928 = DIRECTION('',(-1.,3.445092848398E-16,0.));
#11929 = DIRECTION('',(3.445092848398E-16,1.,0.));
#11930 = ADVANCED_FACE('',(#11931),#11942,.F.);
#11931 = FACE_BOUND('',#11932,.F.);
#11932 = EDGE_LOOP('',(#11933,#11939,#11940,#11941));
#11933 = ORIENTED_EDGE('',*,*,#11934,.F.);
#11934 = EDGE_CURVE('',#11887,#11911,#11935,.T.);
#11935 = LINE('',#11936,#11937);
#11936 = CARTESIAN_POINT('',(2.025,-0.375,0.));
#11937 = VECTOR('',#11938,1.);
#11938 = DIRECTION('',(1.,-3.445092848398E-16,0.));
#11939 = ORIENTED_EDGE('',*,*,#11896,.T.);
#11940 = ORIENTED_EDGE('',*,*,#10227,.F.);
#11941 = ORIENTED_EDGE('',*,*,#11918,.F.);
#11942 = PLANE('',#11943);
#11943 = AXIS2_PLACEMENT_3D('',#11944,#11945,#11946);
#11944 = CARTESIAN_POINT('',(2.025,-0.375,0.));
#11945 = DIRECTION('',(3.445092848398E-16,1.,0.));
#11946 = DIRECTION('',(1.,-3.445092848398E-16,0.));
#11947 = ADVANCED_FACE('',(#11948),#11973,.F.);
#11948 = FACE_BOUND('',#11949,.F.);
#11949 = EDGE_LOOP('',(#11950,#11960,#11966,#11967));
#11950 = ORIENTED_EDGE('',*,*,#11951,.F.);
#11951 = EDGE_CURVE('',#11952,#11954,#11956,.T.);
#11952 = VERTEX_POINT('',#11953);
#11953 = CARTESIAN_POINT('',(2.5,-0.875,0.));
#11954 = VERTEX_POINT('',#11955);
#11955 = CARTESIAN_POINT('',(2.5,-0.625,0.));
#11956 = LINE('',#11957,#11958);
#11957 = CARTESIAN_POINT('',(2.5,-0.875,0.));
#11958 = VECTOR('',#11959,1.);
#11959 = DIRECTION('',(3.445092848398E-16,1.,0.));
#11960 = ORIENTED_EDGE('',*,*,#11961,.T.);
#11961 = EDGE_CURVE('',#11952,#10246,#11962,.T.);
#11962 = LINE('',#11963,#11964);
#11963 = CARTESIAN_POINT('',(2.5,-0.875,0.));
#11964 = VECTOR('',#11965,1.);
#11965 = DIRECTION('',(0.,0.,1.));
#11966 = ORIENTED_EDGE('',*,*,#10243,.F.);
#11967 = ORIENTED_EDGE('',*,*,#11968,.F.);
#11968 = EDGE_CURVE('',#11954,#10244,#11969,.T.);
#11969 = LINE('',#11970,#11971);
#11970 = CARTESIAN_POINT('',(2.5,-0.625,0.));
#11971 = VECTOR('',#11972,1.);
#11972 = DIRECTION('',(0.,0.,1.));
#11973 = PLANE('',#11974);
#11974 = AXIS2_PLACEMENT_3D('',#11975,#11976,#11977);
#11975 = CARTESIAN_POINT('',(2.5,-0.875,0.));
#11976 = DIRECTION('',(-1.,3.445092848398E-16,0.));
#11977 = DIRECTION('',(3.445092848398E-16,1.,0.));
#11978 = ADVANCED_FACE('',(#11979),#11997,.F.);
#11979 = FACE_BOUND('',#11980,.F.);
#11980 = EDGE_LOOP('',(#11981,#11989,#11990,#11991));
#11981 = ORIENTED_EDGE('',*,*,#11982,.F.);
#11982 = EDGE_CURVE('',#11954,#11983,#11985,.T.);
#11983 = VERTEX_POINT('',#11984);
#11984 = CARTESIAN_POINT('',(2.025,-0.625,0.));
#11985 = LINE('',#11986,#11987);
#11986 = CARTESIAN_POINT('',(2.5,-0.625,0.));
#11987 = VECTOR('',#11988,1.);
#11988 = DIRECTION('',(-1.,3.445092848398E-16,0.));
#11989 = ORIENTED_EDGE('',*,*,#11968,.T.);
#11990 = ORIENTED_EDGE('',*,*,#10269,.F.);
#11991 = ORIENTED_EDGE('',*,*,#11992,.F.);
#11992 = EDGE_CURVE('',#11983,#10262,#11993,.T.);
#11993 = LINE('',#11994,#11995);
#11994 = CARTESIAN_POINT('',(2.025,-0.625,0.));
#11995 = VECTOR('',#11996,1.);
#11996 = DIRECTION('',(0.,0.,1.));
#11997 = PLANE('',#11998);
#11998 = AXIS2_PLACEMENT_3D('',#11999,#12000,#12001);
#11999 = CARTESIAN_POINT('',(2.5,-0.625,0.));
#12000 = DIRECTION('',(-3.445092848398E-16,-1.,0.));
#12001 = DIRECTION('',(-1.,3.445092848398E-16,0.));
#12002 = ADVANCED_FACE('',(#12003),#12021,.F.);
#12003 = FACE_BOUND('',#12004,.F.);
#12004 = EDGE_LOOP('',(#12005,#12013,#12019,#12020));
#12005 = ORIENTED_EDGE('',*,*,#12006,.F.);
#12006 = EDGE_CURVE('',#12007,#11952,#12009,.T.);
#12007 = VERTEX_POINT('',#12008);
#12008 = CARTESIAN_POINT('',(2.025,-0.875,0.));
#12009 = LINE('',#12010,#12011);
#12010 = CARTESIAN_POINT('',(2.025,-0.875,0.));
#12011 = VECTOR('',#12012,1.);
#12012 = DIRECTION('',(1.,-3.445092848398E-16,0.));
#12013 = ORIENTED_EDGE('',*,*,#12014,.T.);
#12014 = EDGE_CURVE('',#12007,#10254,#12015,.T.);
#12015 = LINE('',#12016,#12017);
#12016 = CARTESIAN_POINT('',(2.025,-0.875,0.));
#12017 = VECTOR('',#12018,1.);
#12018 = DIRECTION('',(0.,0.,1.));
#12019 = ORIENTED_EDGE('',*,*,#10253,.F.);
#12020 = ORIENTED_EDGE('',*,*,#11961,.F.);
#12021 = PLANE('',#12022);
#12022 = AXIS2_PLACEMENT_3D('',#12023,#12024,#12025);
#12023 = CARTESIAN_POINT('',(2.025,-0.875,0.));
#12024 = DIRECTION('',(3.445092848398E-16,1.,0.));
#12025 = DIRECTION('',(1.,-3.445092848398E-16,0.));
#12026 = ADVANCED_FACE('',(#12027),#12038,.F.);
#12027 = FACE_BOUND('',#12028,.F.);
#12028 = EDGE_LOOP('',(#12029,#12035,#12036,#12037));
#12029 = ORIENTED_EDGE('',*,*,#12030,.F.);
#12030 = EDGE_CURVE('',#11983,#12007,#12031,.T.);
#12031 = LINE('',#12032,#12033);
#12032 = CARTESIAN_POINT('',(2.025,-0.625,0.));
#12033 = VECTOR('',#12034,1.);
#12034 = DIRECTION('',(-3.445092848398E-16,-1.,0.));
#12035 = ORIENTED_EDGE('',*,*,#11992,.T.);
#12036 = ORIENTED_EDGE('',*,*,#10261,.F.);
#12037 = ORIENTED_EDGE('',*,*,#12014,.F.);
#12038 = PLANE('',#12039);
#12039 = AXIS2_PLACEMENT_3D('',#12040,#12041,#12042);
#12040 = CARTESIAN_POINT('',(2.025,-0.625,0.));
#12041 = DIRECTION('',(1.,-3.445092848398E-16,0.));
#12042 = DIRECTION('',(-3.445092848398E-16,-1.,0.));
#12043 = ADVANCED_FACE('',(#12044),#12069,.F.);
#12044 = FACE_BOUND('',#12045,.F.);
#12045 = EDGE_LOOP('',(#12046,#12056,#12062,#12063));
#12046 = ORIENTED_EDGE('',*,*,#12047,.F.);
#12047 = EDGE_CURVE('',#12048,#12050,#12052,.T.);
#12048 = VERTEX_POINT('',#12049);
#12049 = CARTESIAN_POINT('',(-2.5,-0.625,0.));
#12050 = VERTEX_POINT('',#12051);
#12051 = CARTESIAN_POINT('',(-2.5,-0.875,0.));
#12052 = LINE('',#12053,#12054);
#12053 = CARTESIAN_POINT('',(-2.5,-0.625,0.));
#12054 = VECTOR('',#12055,1.);
#12055 = DIRECTION('',(-4.669739647545E-16,-1.,0.));
#12056 = ORIENTED_EDGE('',*,*,#12057,.T.);
#12057 = EDGE_CURVE('',#12048,#10280,#12058,.T.);
#12058 = LINE('',#12059,#12060);
#12059 = CARTESIAN_POINT('',(-2.5,-0.625,0.));
#12060 = VECTOR('',#12061,1.);
#12061 = DIRECTION('',(0.,0.,1.));
#12062 = ORIENTED_EDGE('',*,*,#10277,.F.);
#12063 = ORIENTED_EDGE('',*,*,#12064,.F.);
#12064 = EDGE_CURVE('',#12050,#10278,#12065,.T.);
#12065 = LINE('',#12066,#12067);
#12066 = CARTESIAN_POINT('',(-2.5,-0.875,0.));
#12067 = VECTOR('',#12068,1.);
#12068 = DIRECTION('',(0.,0.,1.));
#12069 = PLANE('',#12070);
#12070 = AXIS2_PLACEMENT_3D('',#12071,#12072,#12073);
#12071 = CARTESIAN_POINT('',(-2.5,-0.625,0.));
#12072 = DIRECTION('',(1.,-4.669739647545E-16,0.));
#12073 = DIRECTION('',(-4.669739647545E-16,-1.,0.));
#12074 = ADVANCED_FACE('',(#12075),#12093,.F.);
#12075 = FACE_BOUND('',#12076,.F.);
#12076 = EDGE_LOOP('',(#12077,#12085,#12086,#12087));
#12077 = ORIENTED_EDGE('',*,*,#12078,.F.);
#12078 = EDGE_CURVE('',#12050,#12079,#12081,.T.);
#12079 = VERTEX_POINT('',#12080);
#12080 = CARTESIAN_POINT('',(-2.025,-0.875,0.));
#12081 = LINE('',#12082,#12083);
#12082 = CARTESIAN_POINT('',(-2.5,-0.875,0.));
#12083 = VECTOR('',#12084,1.);
#12084 = DIRECTION('',(1.,-4.669739647545E-16,0.));
#12085 = ORIENTED_EDGE('',*,*,#12064,.T.);
#12086 = ORIENTED_EDGE('',*,*,#10303,.F.);
#12087 = ORIENTED_EDGE('',*,*,#12088,.F.);
#12088 = EDGE_CURVE('',#12079,#10296,#12089,.T.);
#12089 = LINE('',#12090,#12091);
#12090 = CARTESIAN_POINT('',(-2.025,-0.875,0.));
#12091 = VECTOR('',#12092,1.);
#12092 = DIRECTION('',(0.,0.,1.));
#12093 = PLANE('',#12094);
#12094 = AXIS2_PLACEMENT_3D('',#12095,#12096,#12097);
#12095 = CARTESIAN_POINT('',(-2.5,-0.875,0.));
#12096 = DIRECTION('',(4.669739647545E-16,1.,0.));
#12097 = DIRECTION('',(1.,-4.669739647545E-16,0.));
#12098 = ADVANCED_FACE('',(#12099),#12117,.F.);
#12099 = FACE_BOUND('',#12100,.F.);
#12100 = EDGE_LOOP('',(#12101,#12109,#12115,#12116));
#12101 = ORIENTED_EDGE('',*,*,#12102,.F.);
#12102 = EDGE_CURVE('',#12103,#12048,#12105,.T.);
#12103 = VERTEX_POINT('',#12104);
#12104 = CARTESIAN_POINT('',(-2.025,-0.625,0.));
#12105 = LINE('',#12106,#12107);
#12106 = CARTESIAN_POINT('',(-2.025,-0.625,0.));
#12107 = VECTOR('',#12108,1.);
#12108 = DIRECTION('',(-1.,4.669739647545E-16,0.));
#12109 = ORIENTED_EDGE('',*,*,#12110,.T.);
#12110 = EDGE_CURVE('',#12103,#10288,#12111,.T.);
#12111 = LINE('',#12112,#12113);
#12112 = CARTESIAN_POINT('',(-2.025,-0.625,0.));
#12113 = VECTOR('',#12114,1.);
#12114 = DIRECTION('',(0.,0.,1.));
#12115 = ORIENTED_EDGE('',*,*,#10287,.F.);
#12116 = ORIENTED_EDGE('',*,*,#12057,.F.);
#12117 = PLANE('',#12118);
#12118 = AXIS2_PLACEMENT_3D('',#12119,#12120,#12121);
#12119 = CARTESIAN_POINT('',(-2.025,-0.625,0.));
#12120 = DIRECTION('',(-4.669739647545E-16,-1.,0.));
#12121 = DIRECTION('',(-1.,4.669739647545E-16,0.));
#12122 = ADVANCED_FACE('',(#12123),#12134,.F.);
#12123 = FACE_BOUND('',#12124,.F.);
#12124 = EDGE_LOOP('',(#12125,#12131,#12132,#12133));
#12125 = ORIENTED_EDGE('',*,*,#12126,.F.);
#12126 = EDGE_CURVE('',#12079,#12103,#12127,.T.);
#12127 = LINE('',#12128,#12129);
#12128 = CARTESIAN_POINT('',(-2.025,-0.875,0.));
#12129 = VECTOR('',#12130,1.);
#12130 = DIRECTION('',(4.669739647545E-16,1.,0.));
#12131 = ORIENTED_EDGE('',*,*,#12088,.T.);
#12132 = ORIENTED_EDGE('',*,*,#10295,.F.);
#12133 = ORIENTED_EDGE('',*,*,#12110,.F.);
#12134 = PLANE('',#12135);
#12135 = AXIS2_PLACEMENT_3D('',#12136,#12137,#12138);
#12136 = CARTESIAN_POINT('',(-2.025,-0.875,0.));
#12137 = DIRECTION('',(-1.,4.669739647545E-16,0.));
#12138 = DIRECTION('',(4.669739647545E-16,1.,0.));
#12139 = ADVANCED_FACE('',(#12140),#12165,.F.);
#12140 = FACE_BOUND('',#12141,.F.);
#12141 = EDGE_LOOP('',(#12142,#12152,#12158,#12159));
#12142 = ORIENTED_EDGE('',*,*,#12143,.F.);
#12143 = EDGE_CURVE('',#12144,#12146,#12148,.T.);
#12144 = VERTEX_POINT('',#12145);
#12145 = CARTESIAN_POINT('',(-2.025,0.375,0.));
#12146 = VERTEX_POINT('',#12147);
#12147 = CARTESIAN_POINT('',(-2.5,0.375,0.));
#12148 = LINE('',#12149,#12150);
#12149 = CARTESIAN_POINT('',(-2.025,0.375,0.));
#12150 = VECTOR('',#12151,1.);
#12151 = DIRECTION('',(-1.,4.669739647545E-16,0.));
#12152 = ORIENTED_EDGE('',*,*,#12153,.T.);
#12153 = EDGE_CURVE('',#12144,#10314,#12154,.T.);
#12154 = LINE('',#12155,#12156);
#12155 = CARTESIAN_POINT('',(-2.025,0.375,0.));
#12156 = VECTOR('',#12157,1.);
#12157 = DIRECTION('',(0.,0.,1.));
#12158 = ORIENTED_EDGE('',*,*,#10311,.F.);
#12159 = ORIENTED_EDGE('',*,*,#12160,.F.);
#12160 = EDGE_CURVE('',#12146,#10312,#12161,.T.);
#12161 = LINE('',#12162,#12163);
#12162 = CARTESIAN_POINT('',(-2.5,0.375,0.));
#12163 = VECTOR('',#12164,1.);
#12164 = DIRECTION('',(0.,0.,1.));
#12165 = PLANE('',#12166);
#12166 = AXIS2_PLACEMENT_3D('',#12167,#12168,#12169);
#12167 = CARTESIAN_POINT('',(-2.025,0.375,0.));
#12168 = DIRECTION('',(-4.669739647545E-16,-1.,0.));
#12169 = DIRECTION('',(-1.,4.669739647545E-16,0.));
#12170 = ADVANCED_FACE('',(#12171),#12189,.F.);
#12171 = FACE_BOUND('',#12172,.F.);
#12172 = EDGE_LOOP('',(#12173,#12181,#12182,#12183));
#12173 = ORIENTED_EDGE('',*,*,#12174,.F.);
#12174 = EDGE_CURVE('',#12146,#12175,#12177,.T.);
#12175 = VERTEX_POINT('',#12176);
#12176 = CARTESIAN_POINT('',(-2.5,0.125,0.));
#12177 = LINE('',#12178,#12179);
#12178 = CARTESIAN_POINT('',(-2.5,0.375,0.));
#12179 = VECTOR('',#12180,1.);
#12180 = DIRECTION('',(-4.669739647545E-16,-1.,0.));
#12181 = ORIENTED_EDGE('',*,*,#12160,.T.);
#12182 = ORIENTED_EDGE('',*,*,#10337,.F.);
#12183 = ORIENTED_EDGE('',*,*,#12184,.F.);
#12184 = EDGE_CURVE('',#12175,#10330,#12185,.T.);
#12185 = LINE('',#12186,#12187);
#12186 = CARTESIAN_POINT('',(-2.5,0.125,0.));
#12187 = VECTOR('',#12188,1.);
#12188 = DIRECTION('',(0.,0.,1.));
#12189 = PLANE('',#12190);
#12190 = AXIS2_PLACEMENT_3D('',#12191,#12192,#12193);
#12191 = CARTESIAN_POINT('',(-2.5,0.375,0.));
#12192 = DIRECTION('',(1.,-4.669739647545E-16,0.));
#12193 = DIRECTION('',(-4.669739647545E-16,-1.,0.));
#12194 = ADVANCED_FACE('',(#12195),#12213,.F.);
#12195 = FACE_BOUND('',#12196,.F.);
#12196 = EDGE_LOOP('',(#12197,#12205,#12211,#12212));
#12197 = ORIENTED_EDGE('',*,*,#12198,.F.);
#12198 = EDGE_CURVE('',#12199,#12144,#12201,.T.);
#12199 = VERTEX_POINT('',#12200);
#12200 = CARTESIAN_POINT('',(-2.025,0.125,0.));
#12201 = LINE('',#12202,#12203);
#12202 = CARTESIAN_POINT('',(-2.025,0.125,0.));
#12203 = VECTOR('',#12204,1.);
#12204 = DIRECTION('',(4.669739647545E-16,1.,0.));
#12205 = ORIENTED_EDGE('',*,*,#12206,.T.);
#12206 = EDGE_CURVE('',#12199,#10322,#12207,.T.);
#12207 = LINE('',#12208,#12209);
#12208 = CARTESIAN_POINT('',(-2.025,0.125,0.));
#12209 = VECTOR('',#12210,1.);
#12210 = DIRECTION('',(0.,0.,1.));
#12211 = ORIENTED_EDGE('',*,*,#10321,.F.);
#12212 = ORIENTED_EDGE('',*,*,#12153,.F.);
#12213 = PLANE('',#12214);
#12214 = AXIS2_PLACEMENT_3D('',#12215,#12216,#12217);
#12215 = CARTESIAN_POINT('',(-2.025,0.125,0.));
#12216 = DIRECTION('',(-1.,4.669739647545E-16,0.));
#12217 = DIRECTION('',(4.669739647545E-16,1.,0.));
#12218 = ADVANCED_FACE('',(#12219),#12230,.F.);
#12219 = FACE_BOUND('',#12220,.F.);
#12220 = EDGE_LOOP('',(#12221,#12227,#12228,#12229));
#12221 = ORIENTED_EDGE('',*,*,#12222,.F.);
#12222 = EDGE_CURVE('',#12175,#12199,#12223,.T.);
#12223 = LINE('',#12224,#12225);
#12224 = CARTESIAN_POINT('',(-2.5,0.125,0.));
#12225 = VECTOR('',#12226,1.);
#12226 = DIRECTION('',(1.,-4.669739647545E-16,0.));
#12227 = ORIENTED_EDGE('',*,*,#12184,.T.);
#12228 = ORIENTED_EDGE('',*,*,#10329,.F.);
#12229 = ORIENTED_EDGE('',*,*,#12206,.F.);
#12230 = PLANE('',#12231);
#12231 = AXIS2_PLACEMENT_3D('',#12232,#12233,#12234);
#12232 = CARTESIAN_POINT('',(-2.5,0.125,0.));
#12233 = DIRECTION('',(4.669739647545E-16,1.,0.));
#12234 = DIRECTION('',(1.,-4.669739647545E-16,0.));
#12235 = ADVANCED_FACE('',(#12236),#12261,.F.);
#12236 = FACE_BOUND('',#12237,.F.);
#12237 = EDGE_LOOP('',(#12238,#12248,#12254,#12255));
#12238 = ORIENTED_EDGE('',*,*,#12239,.F.);
#12239 = EDGE_CURVE('',#12240,#12242,#12244,.T.);
#12240 = VERTEX_POINT('',#12241);
#12241 = CARTESIAN_POINT('',(-2.025,-0.375,0.));
#12242 = VERTEX_POINT('',#12243);
#12243 = CARTESIAN_POINT('',(-2.025,-0.125,0.));
#12244 = LINE('',#12245,#12246);
#12245 = CARTESIAN_POINT('',(-2.025,-0.375,0.));
#12246 = VECTOR('',#12247,1.);
#12247 = DIRECTION('',(4.669739647545E-16,1.,0.));
#12248 = ORIENTED_EDGE('',*,*,#12249,.T.);
#12249 = EDGE_CURVE('',#12240,#10348,#12250,.T.);
#12250 = LINE('',#12251,#12252);
#12251 = CARTESIAN_POINT('',(-2.025,-0.375,0.));
#12252 = VECTOR('',#12253,1.);
#12253 = DIRECTION('',(0.,0.,1.));
#12254 = ORIENTED_EDGE('',*,*,#10345,.F.);
#12255 = ORIENTED_EDGE('',*,*,#12256,.F.);
#12256 = EDGE_CURVE('',#12242,#10346,#12257,.T.);
#12257 = LINE('',#12258,#12259);
#12258 = CARTESIAN_POINT('',(-2.025,-0.125,0.));
#12259 = VECTOR('',#12260,1.);
#12260 = DIRECTION('',(0.,0.,1.));
#12261 = PLANE('',#12262);
#12262 = AXIS2_PLACEMENT_3D('',#12263,#12264,#12265);
#12263 = CARTESIAN_POINT('',(-2.025,-0.375,0.));
#12264 = DIRECTION('',(-1.,4.669739647545E-16,0.));
#12265 = DIRECTION('',(4.669739647545E-16,1.,0.));
#12266 = ADVANCED_FACE('',(#12267),#12285,.F.);
#12267 = FACE_BOUND('',#12268,.F.);
#12268 = EDGE_LOOP('',(#12269,#12277,#12278,#12279));
#12269 = ORIENTED_EDGE('',*,*,#12270,.F.);
#12270 = EDGE_CURVE('',#12242,#12271,#12273,.T.);
#12271 = VERTEX_POINT('',#12272);
#12272 = CARTESIAN_POINT('',(-2.5,-0.125,0.));
#12273 = LINE('',#12274,#12275);
#12274 = CARTESIAN_POINT('',(-2.025,-0.125,0.));
#12275 = VECTOR('',#12276,1.);
#12276 = DIRECTION('',(-1.,4.669739647545E-16,0.));
#12277 = ORIENTED_EDGE('',*,*,#12256,.T.);
#12278 = ORIENTED_EDGE('',*,*,#10371,.F.);
#12279 = ORIENTED_EDGE('',*,*,#12280,.F.);
#12280 = EDGE_CURVE('',#12271,#10364,#12281,.T.);
#12281 = LINE('',#12282,#12283);
#12282 = CARTESIAN_POINT('',(-2.5,-0.125,0.));
#12283 = VECTOR('',#12284,1.);
#12284 = DIRECTION('',(0.,0.,1.));
#12285 = PLANE('',#12286);
#12286 = AXIS2_PLACEMENT_3D('',#12287,#12288,#12289);
#12287 = CARTESIAN_POINT('',(-2.025,-0.125,0.));
#12288 = DIRECTION('',(-4.669739647545E-16,-1.,0.));
#12289 = DIRECTION('',(-1.,4.669739647545E-16,0.));
#12290 = ADVANCED_FACE('',(#12291),#12309,.F.);
#12291 = FACE_BOUND('',#12292,.F.);
#12292 = EDGE_LOOP('',(#12293,#12301,#12307,#12308));
#12293 = ORIENTED_EDGE('',*,*,#12294,.F.);
#12294 = EDGE_CURVE('',#12295,#12240,#12297,.T.);
#12295 = VERTEX_POINT('',#12296);
#12296 = CARTESIAN_POINT('',(-2.5,-0.375,0.));
#12297 = LINE('',#12298,#12299);
#12298 = CARTESIAN_POINT('',(-2.5,-0.375,0.));
#12299 = VECTOR('',#12300,1.);
#12300 = DIRECTION('',(1.,-4.669739647545E-16,0.));
#12301 = ORIENTED_EDGE('',*,*,#12302,.T.);
#12302 = EDGE_CURVE('',#12295,#10356,#12303,.T.);
#12303 = LINE('',#12304,#12305);
#12304 = CARTESIAN_POINT('',(-2.5,-0.375,0.));
#12305 = VECTOR('',#12306,1.);
#12306 = DIRECTION('',(0.,0.,1.));
#12307 = ORIENTED_EDGE('',*,*,#10355,.F.);
#12308 = ORIENTED_EDGE('',*,*,#12249,.F.);
#12309 = PLANE('',#12310);
#12310 = AXIS2_PLACEMENT_3D('',#12311,#12312,#12313);
#12311 = CARTESIAN_POINT('',(-2.5,-0.375,0.));
#12312 = DIRECTION('',(4.669739647545E-16,1.,0.));
#12313 = DIRECTION('',(1.,-4.669739647545E-16,0.));
#12314 = ADVANCED_FACE('',(#12315),#12326,.F.);
#12315 = FACE_BOUND('',#12316,.F.);
#12316 = EDGE_LOOP('',(#12317,#12323,#12324,#12325));
#12317 = ORIENTED_EDGE('',*,*,#12318,.F.);
#12318 = EDGE_CURVE('',#12271,#12295,#12319,.T.);
#12319 = LINE('',#12320,#12321);
#12320 = CARTESIAN_POINT('',(-2.5,-0.125,0.));
#12321 = VECTOR('',#12322,1.);
#12322 = DIRECTION('',(-4.669739647545E-16,-1.,0.));
#12323 = ORIENTED_EDGE('',*,*,#12280,.T.);
#12324 = ORIENTED_EDGE('',*,*,#10363,.F.);
#12325 = ORIENTED_EDGE('',*,*,#12302,.F.);
#12326 = PLANE('',#12327);
#12327 = AXIS2_PLACEMENT_3D('',#12328,#12329,#12330);
#12328 = CARTESIAN_POINT('',(-2.5,-0.125,0.));
#12329 = DIRECTION('',(1.,-4.669739647545E-16,0.));
#12330 = DIRECTION('',(-4.669739647545E-16,-1.,0.));
#12331 = ADVANCED_FACE('',(#12332),#12357,.F.);
#12332 = FACE_BOUND('',#12333,.F.);
#12333 = EDGE_LOOP('',(#12334,#12344,#12350,#12351));
#12334 = ORIENTED_EDGE('',*,*,#12335,.F.);
#12335 = EDGE_CURVE('',#12336,#12338,#12340,.T.);
#12336 = VERTEX_POINT('',#12337);
#12337 = CARTESIAN_POINT('',(-2.025,0.875,0.));
#12338 = VERTEX_POINT('',#12339);
#12339 = CARTESIAN_POINT('',(-2.5,0.875,0.));
#12340 = LINE('',#12341,#12342);
#12341 = CARTESIAN_POINT('',(-2.025,0.875,0.));
#12342 = VECTOR('',#12343,1.);
#12343 = DIRECTION('',(-1.,4.669739647545E-16,0.));
#12344 = ORIENTED_EDGE('',*,*,#12345,.T.);
#12345 = EDGE_CURVE('',#12336,#10388,#12346,.T.);
#12346 = LINE('',#12347,#12348);
#12347 = CARTESIAN_POINT('',(-2.025,0.875,0.));
#12348 = VECTOR('',#12349,1.);
#12349 = DIRECTION('',(0.,0.,1.));
#12350 = ORIENTED_EDGE('',*,*,#10385,.F.);
#12351 = ORIENTED_EDGE('',*,*,#12352,.F.);
#12352 = EDGE_CURVE('',#12338,#10386,#12353,.T.);
#12353 = LINE('',#12354,#12355);
#12354 = CARTESIAN_POINT('',(-2.5,0.875,0.));
#12355 = VECTOR('',#12356,1.);
#12356 = DIRECTION('',(0.,0.,1.));
#12357 = PLANE('',#12358);
#12358 = AXIS2_PLACEMENT_3D('',#12359,#12360,#12361);
#12359 = CARTESIAN_POINT('',(-2.025,0.875,0.));
#12360 = DIRECTION('',(-4.669739647545E-16,-1.,0.));
#12361 = DIRECTION('',(-1.,4.669739647545E-16,0.));
#12362 = ADVANCED_FACE('',(#12363),#12381,.F.);
#12363 = FACE_BOUND('',#12364,.F.);
#12364 = EDGE_LOOP('',(#12365,#12373,#12374,#12375));
#12365 = ORIENTED_EDGE('',*,*,#12366,.F.);
#12366 = EDGE_CURVE('',#12338,#12367,#12369,.T.);
#12367 = VERTEX_POINT('',#12368);
#12368 = CARTESIAN_POINT('',(-2.5,0.625,0.));
#12369 = LINE('',#12370,#12371);
#12370 = CARTESIAN_POINT('',(-2.5,0.875,0.));
#12371 = VECTOR('',#12372,1.);
#12372 = DIRECTION('',(-4.669739647545E-16,-1.,0.));
#12373 = ORIENTED_EDGE('',*,*,#12352,.T.);
#12374 = ORIENTED_EDGE('',*,*,#10411,.F.);
#12375 = ORIENTED_EDGE('',*,*,#12376,.F.);
#12376 = EDGE_CURVE('',#12367,#10404,#12377,.T.);
#12377 = LINE('',#12378,#12379);
#12378 = CARTESIAN_POINT('',(-2.5,0.625,0.));
#12379 = VECTOR('',#12380,1.);
#12380 = DIRECTION('',(0.,0.,1.));
#12381 = PLANE('',#12382);
#12382 = AXIS2_PLACEMENT_3D('',#12383,#12384,#12385);
#12383 = CARTESIAN_POINT('',(-2.5,0.875,0.));
#12384 = DIRECTION('',(1.,-4.669739647545E-16,0.));
#12385 = DIRECTION('',(-4.669739647545E-16,-1.,0.));
#12386 = ADVANCED_FACE('',(#12387),#12405,.F.);
#12387 = FACE_BOUND('',#12388,.F.);
#12388 = EDGE_LOOP('',(#12389,#12397,#12403,#12404));
#12389 = ORIENTED_EDGE('',*,*,#12390,.F.);
#12390 = EDGE_CURVE('',#12391,#12336,#12393,.T.);
#12391 = VERTEX_POINT('',#12392);
#12392 = CARTESIAN_POINT('',(-2.025,0.625,0.));
#12393 = LINE('',#12394,#12395);
#12394 = CARTESIAN_POINT('',(-2.025,0.625,0.));
#12395 = VECTOR('',#12396,1.);
#12396 = DIRECTION('',(4.669739647545E-16,1.,0.));
#12397 = ORIENTED_EDGE('',*,*,#12398,.T.);
#12398 = EDGE_CURVE('',#12391,#10396,#12399,.T.);
#12399 = LINE('',#12400,#12401);
#12400 = CARTESIAN_POINT('',(-2.025,0.625,0.));
#12401 = VECTOR('',#12402,1.);
#12402 = DIRECTION('',(0.,0.,1.));
#12403 = ORIENTED_EDGE('',*,*,#10395,.F.);
#12404 = ORIENTED_EDGE('',*,*,#12345,.F.);
#12405 = PLANE('',#12406);
#12406 = AXIS2_PLACEMENT_3D('',#12407,#12408,#12409);
#12407 = CARTESIAN_POINT('',(-2.025,0.625,0.));
#12408 = DIRECTION('',(-1.,4.669739647545E-16,0.));
#12409 = DIRECTION('',(4.669739647545E-16,1.,0.));
#12410 = ADVANCED_FACE('',(#12411),#12422,.F.);
#12411 = FACE_BOUND('',#12412,.F.);
#12412 = EDGE_LOOP('',(#12413,#12419,#12420,#12421));
#12413 = ORIENTED_EDGE('',*,*,#12414,.F.);
#12414 = EDGE_CURVE('',#12367,#12391,#12415,.T.);
#12415 = LINE('',#12416,#12417);
#12416 = CARTESIAN_POINT('',(-2.5,0.625,0.));
#12417 = VECTOR('',#12418,1.);
#12418 = DIRECTION('',(1.,-4.669739647545E-16,0.));
#12419 = ORIENTED_EDGE('',*,*,#12376,.T.);
#12420 = ORIENTED_EDGE('',*,*,#10403,.F.);
#12421 = ORIENTED_EDGE('',*,*,#12398,.F.);
#12422 = PLANE('',#12423);
#12423 = AXIS2_PLACEMENT_3D('',#12424,#12425,#12426);
#12424 = CARTESIAN_POINT('',(-2.5,0.625,0.));
#12425 = DIRECTION('',(4.669739647545E-16,1.,0.));
#12426 = DIRECTION('',(1.,-4.669739647545E-16,0.));
#12427 = ADVANCED_FACE('',(#12428),#12453,.F.);
#12428 = FACE_BOUND('',#12429,.F.);
#12429 = EDGE_LOOP('',(#12430,#12440,#12446,#12447));
#12430 = ORIENTED_EDGE('',*,*,#12431,.F.);
#12431 = EDGE_CURVE('',#12432,#12434,#12436,.T.);
#12432 = VERTEX_POINT('',#12433);
#12433 = CARTESIAN_POINT('',(-1.625,1.8,0.));
#12434 = VERTEX_POINT('',#12435);
#12435 = CARTESIAN_POINT('',(-1.875,1.8,0.));
#12436 = LINE('',#12437,#12438);
#12437 = CARTESIAN_POINT('',(-1.625,1.8,0.));
#12438 = VECTOR('',#12439,1.);
#12439 = DIRECTION('',(-1.,4.555315873023E-16,0.));
#12440 = ORIENTED_EDGE('',*,*,#12441,.T.);
#12441 = EDGE_CURVE('',#12432,#10422,#12442,.T.);
#12442 = LINE('',#12443,#12444);
#12443 = CARTESIAN_POINT('',(-1.625,1.8,0.));
#12444 = VECTOR('',#12445,1.);
#12445 = DIRECTION('',(0.,0.,1.));
#12446 = ORIENTED_EDGE('',*,*,#10419,.F.);
#12447 = ORIENTED_EDGE('',*,*,#12448,.F.);
#12448 = EDGE_CURVE('',#12434,#10420,#12449,.T.);
#12449 = LINE('',#12450,#12451);
#12450 = CARTESIAN_POINT('',(-1.875,1.8,0.));
#12451 = VECTOR('',#12452,1.);
#12452 = DIRECTION('',(0.,0.,1.));
#12453 = PLANE('',#12454);
#12454 = AXIS2_PLACEMENT_3D('',#12455,#12456,#12457);
#12455 = CARTESIAN_POINT('',(-1.625,1.8,0.));
#12456 = DIRECTION('',(-4.555315873023E-16,-1.,0.));
#12457 = DIRECTION('',(-1.,4.555315873023E-16,0.));
#12458 = ADVANCED_FACE('',(#12459),#12477,.F.);
#12459 = FACE_BOUND('',#12460,.F.);
#12460 = EDGE_LOOP('',(#12461,#12469,#12470,#12471));
#12461 = ORIENTED_EDGE('',*,*,#12462,.F.);
#12462 = EDGE_CURVE('',#12434,#12463,#12465,.T.);
#12463 = VERTEX_POINT('',#12464);
#12464 = CARTESIAN_POINT('',(-1.875,1.325,0.));
#12465 = LINE('',#12466,#12467);
#12466 = CARTESIAN_POINT('',(-1.875,1.8,0.));
#12467 = VECTOR('',#12468,1.);
#12468 = DIRECTION('',(-4.555315873023E-16,-1.,0.));
#12469 = ORIENTED_EDGE('',*,*,#12448,.T.);
#12470 = ORIENTED_EDGE('',*,*,#10445,.F.);
#12471 = ORIENTED_EDGE('',*,*,#12472,.F.);
#12472 = EDGE_CURVE('',#12463,#10438,#12473,.T.);
#12473 = LINE('',#12474,#12475);
#12474 = CARTESIAN_POINT('',(-1.875,1.325,0.));
#12475 = VECTOR('',#12476,1.);
#12476 = DIRECTION('',(0.,0.,1.));
#12477 = PLANE('',#12478);
#12478 = AXIS2_PLACEMENT_3D('',#12479,#12480,#12481);
#12479 = CARTESIAN_POINT('',(-1.875,1.8,0.));
#12480 = DIRECTION('',(1.,-4.555315873023E-16,0.));
#12481 = DIRECTION('',(-4.555315873023E-16,-1.,0.));
#12482 = ADVANCED_FACE('',(#12483),#12501,.F.);
#12483 = FACE_BOUND('',#12484,.F.);
#12484 = EDGE_LOOP('',(#12485,#12493,#12499,#12500));
#12485 = ORIENTED_EDGE('',*,*,#12486,.F.);
#12486 = EDGE_CURVE('',#12487,#12432,#12489,.T.);
#12487 = VERTEX_POINT('',#12488);
#12488 = CARTESIAN_POINT('',(-1.625,1.325,0.));
#12489 = LINE('',#12490,#12491);
#12490 = CARTESIAN_POINT('',(-1.625,1.325,0.));
#12491 = VECTOR('',#12492,1.);
#12492 = DIRECTION('',(4.555315873023E-16,1.,0.));
#12493 = ORIENTED_EDGE('',*,*,#12494,.T.);
#12494 = EDGE_CURVE('',#12487,#10430,#12495,.T.);
#12495 = LINE('',#12496,#12497);
#12496 = CARTESIAN_POINT('',(-1.625,1.325,0.));
#12497 = VECTOR('',#12498,1.);
#12498 = DIRECTION('',(0.,0.,1.));
#12499 = ORIENTED_EDGE('',*,*,#10429,.F.);
#12500 = ORIENTED_EDGE('',*,*,#12441,.F.);
#12501 = PLANE('',#12502);
#12502 = AXIS2_PLACEMENT_3D('',#12503,#12504,#12505);
#12503 = CARTESIAN_POINT('',(-1.625,1.325,0.));
#12504 = DIRECTION('',(-1.,4.555315873023E-16,0.));
#12505 = DIRECTION('',(4.555315873023E-16,1.,0.));
#12506 = ADVANCED_FACE('',(#12507),#12518,.F.);
#12507 = FACE_BOUND('',#12508,.F.);
#12508 = EDGE_LOOP('',(#12509,#12515,#12516,#12517));
#12509 = ORIENTED_EDGE('',*,*,#12510,.F.);
#12510 = EDGE_CURVE('',#12463,#12487,#12511,.T.);
#12511 = LINE('',#12512,#12513);
#12512 = CARTESIAN_POINT('',(-1.875,1.325,0.));
#12513 = VECTOR('',#12514,1.);
#12514 = DIRECTION('',(1.,-4.555315873023E-16,0.));
#12515 = ORIENTED_EDGE('',*,*,#12472,.T.);
#12516 = ORIENTED_EDGE('',*,*,#10437,.F.);
#12517 = ORIENTED_EDGE('',*,*,#12494,.F.);
#12518 = PLANE('',#12519);
#12519 = AXIS2_PLACEMENT_3D('',#12520,#12521,#12522);
#12520 = CARTESIAN_POINT('',(-1.875,1.325,0.));
#12521 = DIRECTION('',(4.555315873023E-16,1.,0.));
#12522 = DIRECTION('',(1.,-4.555315873023E-16,0.));
#12523 = ADVANCED_FACE('',(#12524),#12549,.F.);
#12524 = FACE_BOUND('',#12525,.F.);
#12525 = EDGE_LOOP('',(#12526,#12536,#12542,#12543));
#12526 = ORIENTED_EDGE('',*,*,#12527,.F.);
#12527 = EDGE_CURVE('',#12528,#12530,#12532,.T.);
#12528 = VERTEX_POINT('',#12529);
#12529 = CARTESIAN_POINT('',(-1.875,-1.8,0.));
#12530 = VERTEX_POINT('',#12531);
#12531 = CARTESIAN_POINT('',(-1.625,-1.8,0.));
#12532 = LINE('',#12533,#12534);
#12533 = CARTESIAN_POINT('',(-1.875,-1.8,0.));
#12534 = VECTOR('',#12535,1.);
#12535 = DIRECTION('',(1.,-5.665538897648E-16,0.));
#12536 = ORIENTED_EDGE('',*,*,#12537,.T.);
#12537 = EDGE_CURVE('',#12528,#10456,#12538,.T.);
#12538 = LINE('',#12539,#12540);
#12539 = CARTESIAN_POINT('',(-1.875,-1.8,0.));
#12540 = VECTOR('',#12541,1.);
#12541 = DIRECTION('',(0.,0.,1.));
#12542 = ORIENTED_EDGE('',*,*,#10453,.F.);
#12543 = ORIENTED_EDGE('',*,*,#12544,.F.);
#12544 = EDGE_CURVE('',#12530,#10454,#12545,.T.);
#12545 = LINE('',#12546,#12547);
#12546 = CARTESIAN_POINT('',(-1.625,-1.8,0.));
#12547 = VECTOR('',#12548,1.);
#12548 = DIRECTION('',(0.,0.,1.));
#12549 = PLANE('',#12550);
#12550 = AXIS2_PLACEMENT_3D('',#12551,#12552,#12553);
#12551 = CARTESIAN_POINT('',(-1.875,-1.8,0.));
#12552 = DIRECTION('',(5.665538897648E-16,1.,0.));
#12553 = DIRECTION('',(1.,-5.665538897648E-16,0.));
#12554 = ADVANCED_FACE('',(#12555),#12573,.F.);
#12555 = FACE_BOUND('',#12556,.F.);
#12556 = EDGE_LOOP('',(#12557,#12565,#12566,#12567));
#12557 = ORIENTED_EDGE('',*,*,#12558,.F.);
#12558 = EDGE_CURVE('',#12530,#12559,#12561,.T.);
#12559 = VERTEX_POINT('',#12560);
#12560 = CARTESIAN_POINT('',(-1.625,-1.325,0.));
#12561 = LINE('',#12562,#12563);
#12562 = CARTESIAN_POINT('',(-1.625,-1.8,0.));
#12563 = VECTOR('',#12564,1.);
#12564 = DIRECTION('',(5.665538897648E-16,1.,0.));
#12565 = ORIENTED_EDGE('',*,*,#12544,.T.);
#12566 = ORIENTED_EDGE('',*,*,#10479,.F.);
#12567 = ORIENTED_EDGE('',*,*,#12568,.F.);
#12568 = EDGE_CURVE('',#12559,#10472,#12569,.T.);
#12569 = LINE('',#12570,#12571);
#12570 = CARTESIAN_POINT('',(-1.625,-1.325,0.));
#12571 = VECTOR('',#12572,1.);
#12572 = DIRECTION('',(0.,0.,1.));
#12573 = PLANE('',#12574);
#12574 = AXIS2_PLACEMENT_3D('',#12575,#12576,#12577);
#12575 = CARTESIAN_POINT('',(-1.625,-1.8,0.));
#12576 = DIRECTION('',(-1.,5.665538897648E-16,0.));
#12577 = DIRECTION('',(5.665538897648E-16,1.,0.));
#12578 = ADVANCED_FACE('',(#12579),#12597,.F.);
#12579 = FACE_BOUND('',#12580,.F.);
#12580 = EDGE_LOOP('',(#12581,#12589,#12595,#12596));
#12581 = ORIENTED_EDGE('',*,*,#12582,.F.);
#12582 = EDGE_CURVE('',#12583,#12528,#12585,.T.);
#12583 = VERTEX_POINT('',#12584);
#12584 = CARTESIAN_POINT('',(-1.875,-1.325,0.));
#12585 = LINE('',#12586,#12587);
#12586 = CARTESIAN_POINT('',(-1.875,-1.325,0.));
#12587 = VECTOR('',#12588,1.);
#12588 = DIRECTION('',(-5.665538897648E-16,-1.,0.));
#12589 = ORIENTED_EDGE('',*,*,#12590,.T.);
#12590 = EDGE_CURVE('',#12583,#10464,#12591,.T.);
#12591 = LINE('',#12592,#12593);
#12592 = CARTESIAN_POINT('',(-1.875,-1.325,0.));
#12593 = VECTOR('',#12594,1.);
#12594 = DIRECTION('',(0.,0.,1.));
#12595 = ORIENTED_EDGE('',*,*,#10463,.F.);
#12596 = ORIENTED_EDGE('',*,*,#12537,.F.);
#12597 = PLANE('',#12598);
#12598 = AXIS2_PLACEMENT_3D('',#12599,#12600,#12601);
#12599 = CARTESIAN_POINT('',(-1.875,-1.325,0.));
#12600 = DIRECTION('',(1.,-5.665538897648E-16,0.));
#12601 = DIRECTION('',(-5.665538897648E-16,-1.,0.));
#12602 = ADVANCED_FACE('',(#12603),#12614,.F.);
#12603 = FACE_BOUND('',#12604,.F.);
#12604 = EDGE_LOOP('',(#12605,#12611,#12612,#12613));
#12605 = ORIENTED_EDGE('',*,*,#12606,.F.);
#12606 = EDGE_CURVE('',#12559,#12583,#12607,.T.);
#12607 = LINE('',#12608,#12609);
#12608 = CARTESIAN_POINT('',(-1.625,-1.325,0.));
#12609 = VECTOR('',#12610,1.);
#12610 = DIRECTION('',(-1.,5.665538897648E-16,0.));
#12611 = ORIENTED_EDGE('',*,*,#12568,.T.);
#12612 = ORIENTED_EDGE('',*,*,#10471,.F.);
#12613 = ORIENTED_EDGE('',*,*,#12590,.F.);
#12614 = PLANE('',#12615);
#12615 = AXIS2_PLACEMENT_3D('',#12616,#12617,#12618);
#12616 = CARTESIAN_POINT('',(-1.625,-1.325,0.));
#12617 = DIRECTION('',(-5.665538897648E-16,-1.,0.));
#12618 = DIRECTION('',(-1.,5.665538897648E-16,0.));
#12619 = ADVANCED_FACE('',(#12620),#12645,.F.);
#12620 = FACE_BOUND('',#12621,.F.);
#12621 = EDGE_LOOP('',(#12622,#12632,#12638,#12639));
#12622 = ORIENTED_EDGE('',*,*,#12623,.F.);
#12623 = EDGE_CURVE('',#12624,#12626,#12628,.T.);
#12624 = VERTEX_POINT('',#12625);
#12625 = CARTESIAN_POINT('',(-1.125,-1.8,0.));
#12626 = VERTEX_POINT('',#12627);
#12627 = CARTESIAN_POINT('',(-1.125,-1.325,0.));
#12628 = LINE('',#12629,#12630);
#12629 = CARTESIAN_POINT('',(-1.125,-1.8,0.));
#12630 = VECTOR('',#12631,1.);
#12631 = DIRECTION('',(5.665538897648E-16,1.,0.));
#12632 = ORIENTED_EDGE('',*,*,#12633,.T.);
#12633 = EDGE_CURVE('',#12624,#10490,#12634,.T.);
#12634 = LINE('',#12635,#12636);
#12635 = CARTESIAN_POINT('',(-1.125,-1.8,0.));
#12636 = VECTOR('',#12637,1.);
#12637 = DIRECTION('',(0.,0.,1.));
#12638 = ORIENTED_EDGE('',*,*,#10487,.F.);
#12639 = ORIENTED_EDGE('',*,*,#12640,.F.);
#12640 = EDGE_CURVE('',#12626,#10488,#12641,.T.);
#12641 = LINE('',#12642,#12643);
#12642 = CARTESIAN_POINT('',(-1.125,-1.325,0.));
#12643 = VECTOR('',#12644,1.);
#12644 = DIRECTION('',(0.,0.,1.));
#12645 = PLANE('',#12646);
#12646 = AXIS2_PLACEMENT_3D('',#12647,#12648,#12649);
#12647 = CARTESIAN_POINT('',(-1.125,-1.8,0.));
#12648 = DIRECTION('',(-1.,5.665538897648E-16,0.));
#12649 = DIRECTION('',(5.665538897648E-16,1.,0.));
#12650 = ADVANCED_FACE('',(#12651),#12669,.F.);
#12651 = FACE_BOUND('',#12652,.F.);
#12652 = EDGE_LOOP('',(#12653,#12661,#12662,#12663));
#12653 = ORIENTED_EDGE('',*,*,#12654,.F.);
#12654 = EDGE_CURVE('',#12626,#12655,#12657,.T.);
#12655 = VERTEX_POINT('',#12656);
#12656 = CARTESIAN_POINT('',(-1.375,-1.325,0.));
#12657 = LINE('',#12658,#12659);
#12658 = CARTESIAN_POINT('',(-1.125,-1.325,0.));
#12659 = VECTOR('',#12660,1.);
#12660 = DIRECTION('',(-1.,5.665538897648E-16,0.));
#12661 = ORIENTED_EDGE('',*,*,#12640,.T.);
#12662 = ORIENTED_EDGE('',*,*,#10513,.F.);
#12663 = ORIENTED_EDGE('',*,*,#12664,.F.);
#12664 = EDGE_CURVE('',#12655,#10506,#12665,.T.);
#12665 = LINE('',#12666,#12667);
#12666 = CARTESIAN_POINT('',(-1.375,-1.325,0.));
#12667 = VECTOR('',#12668,1.);
#12668 = DIRECTION('',(0.,0.,1.));
#12669 = PLANE('',#12670);
#12670 = AXIS2_PLACEMENT_3D('',#12671,#12672,#12673);
#12671 = CARTESIAN_POINT('',(-1.125,-1.325,0.));
#12672 = DIRECTION('',(-5.665538897648E-16,-1.,0.));
#12673 = DIRECTION('',(-1.,5.665538897648E-16,0.));
#12674 = ADVANCED_FACE('',(#12675),#12693,.F.);
#12675 = FACE_BOUND('',#12676,.F.);
#12676 = EDGE_LOOP('',(#12677,#12685,#12691,#12692));
#12677 = ORIENTED_EDGE('',*,*,#12678,.F.);
#12678 = EDGE_CURVE('',#12679,#12624,#12681,.T.);
#12679 = VERTEX_POINT('',#12680);
#12680 = CARTESIAN_POINT('',(-1.375,-1.8,0.));
#12681 = LINE('',#12682,#12683);
#12682 = CARTESIAN_POINT('',(-1.375,-1.8,0.));
#12683 = VECTOR('',#12684,1.);
#12684 = DIRECTION('',(1.,-5.665538897648E-16,0.));
#12685 = ORIENTED_EDGE('',*,*,#12686,.T.);
#12686 = EDGE_CURVE('',#12679,#10498,#12687,.T.);
#12687 = LINE('',#12688,#12689);
#12688 = CARTESIAN_POINT('',(-1.375,-1.8,0.));
#12689 = VECTOR('',#12690,1.);
#12690 = DIRECTION('',(0.,0.,1.));
#12691 = ORIENTED_EDGE('',*,*,#10497,.F.);
#12692 = ORIENTED_EDGE('',*,*,#12633,.F.);
#12693 = PLANE('',#12694);
#12694 = AXIS2_PLACEMENT_3D('',#12695,#12696,#12697);
#12695 = CARTESIAN_POINT('',(-1.375,-1.8,0.));
#12696 = DIRECTION('',(5.665538897648E-16,1.,0.));
#12697 = DIRECTION('',(1.,-5.665538897648E-16,0.));
#12698 = ADVANCED_FACE('',(#12699),#12710,.F.);
#12699 = FACE_BOUND('',#12700,.F.);
#12700 = EDGE_LOOP('',(#12701,#12707,#12708,#12709));
#12701 = ORIENTED_EDGE('',*,*,#12702,.F.);
#12702 = EDGE_CURVE('',#12655,#12679,#12703,.T.);
#12703 = LINE('',#12704,#12705);
#12704 = CARTESIAN_POINT('',(-1.375,-1.325,0.));
#12705 = VECTOR('',#12706,1.);
#12706 = DIRECTION('',(-5.665538897648E-16,-1.,0.));
#12707 = ORIENTED_EDGE('',*,*,#12664,.T.);
#12708 = ORIENTED_EDGE('',*,*,#10505,.F.);
#12709 = ORIENTED_EDGE('',*,*,#12686,.F.);
#12710 = PLANE('',#12711);
#12711 = AXIS2_PLACEMENT_3D('',#12712,#12713,#12714);
#12712 = CARTESIAN_POINT('',(-1.375,-1.325,0.));
#12713 = DIRECTION('',(1.,-5.665538897648E-16,0.));
#12714 = DIRECTION('',(-5.665538897648E-16,-1.,0.));
#12715 = ADVANCED_FACE('',(#12716),#12741,.F.);
#12716 = FACE_BOUND('',#12717,.F.);
#12717 = EDGE_LOOP('',(#12718,#12728,#12734,#12735));
#12718 = ORIENTED_EDGE('',*,*,#12719,.F.);
#12719 = EDGE_CURVE('',#12720,#12722,#12724,.T.);
#12720 = VERTEX_POINT('',#12721);
#12721 = CARTESIAN_POINT('',(-0.625,-1.8,0.));
#12722 = VERTEX_POINT('',#12723);
#12723 = CARTESIAN_POINT('',(-0.625,-1.325,0.));
#12724 = LINE('',#12725,#12726);
#12725 = CARTESIAN_POINT('',(-0.625,-1.8,0.));
#12726 = VECTOR('',#12727,1.);
#12727 = DIRECTION('',(5.665538897648E-16,1.,0.));
#12728 = ORIENTED_EDGE('',*,*,#12729,.T.);
#12729 = EDGE_CURVE('',#12720,#10524,#12730,.T.);
#12730 = LINE('',#12731,#12732);
#12731 = CARTESIAN_POINT('',(-0.625,-1.8,0.));
#12732 = VECTOR('',#12733,1.);
#12733 = DIRECTION('',(0.,0.,1.));
#12734 = ORIENTED_EDGE('',*,*,#10521,.F.);
#12735 = ORIENTED_EDGE('',*,*,#12736,.F.);
#12736 = EDGE_CURVE('',#12722,#10522,#12737,.T.);
#12737 = LINE('',#12738,#12739);
#12738 = CARTESIAN_POINT('',(-0.625,-1.325,0.));
#12739 = VECTOR('',#12740,1.);
#12740 = DIRECTION('',(0.,0.,1.));
#12741 = PLANE('',#12742);
#12742 = AXIS2_PLACEMENT_3D('',#12743,#12744,#12745);
#12743 = CARTESIAN_POINT('',(-0.625,-1.8,0.));
#12744 = DIRECTION('',(-1.,5.665538897648E-16,0.));
#12745 = DIRECTION('',(5.665538897648E-16,1.,0.));
#12746 = ADVANCED_FACE('',(#12747),#12765,.F.);
#12747 = FACE_BOUND('',#12748,.F.);
#12748 = EDGE_LOOP('',(#12749,#12757,#12758,#12759));
#12749 = ORIENTED_EDGE('',*,*,#12750,.F.);
#12750 = EDGE_CURVE('',#12722,#12751,#12753,.T.);
#12751 = VERTEX_POINT('',#12752);
#12752 = CARTESIAN_POINT('',(-0.875,-1.325,0.));
#12753 = LINE('',#12754,#12755);
#12754 = CARTESIAN_POINT('',(-0.625,-1.325,0.));
#12755 = VECTOR('',#12756,1.);
#12756 = DIRECTION('',(-1.,5.665538897648E-16,0.));
#12757 = ORIENTED_EDGE('',*,*,#12736,.T.);
#12758 = ORIENTED_EDGE('',*,*,#10547,.F.);
#12759 = ORIENTED_EDGE('',*,*,#12760,.F.);
#12760 = EDGE_CURVE('',#12751,#10540,#12761,.T.);
#12761 = LINE('',#12762,#12763);
#12762 = CARTESIAN_POINT('',(-0.875,-1.325,0.));
#12763 = VECTOR('',#12764,1.);
#12764 = DIRECTION('',(0.,0.,1.));
#12765 = PLANE('',#12766);
#12766 = AXIS2_PLACEMENT_3D('',#12767,#12768,#12769);
#12767 = CARTESIAN_POINT('',(-0.625,-1.325,0.));
#12768 = DIRECTION('',(-5.665538897648E-16,-1.,0.));
#12769 = DIRECTION('',(-1.,5.665538897648E-16,0.));
#12770 = ADVANCED_FACE('',(#12771),#12789,.F.);
#12771 = FACE_BOUND('',#12772,.F.);
#12772 = EDGE_LOOP('',(#12773,#12781,#12787,#12788));
#12773 = ORIENTED_EDGE('',*,*,#12774,.F.);
#12774 = EDGE_CURVE('',#12775,#12720,#12777,.T.);
#12775 = VERTEX_POINT('',#12776);
#12776 = CARTESIAN_POINT('',(-0.875,-1.8,0.));
#12777 = LINE('',#12778,#12779);
#12778 = CARTESIAN_POINT('',(-0.875,-1.8,0.));
#12779 = VECTOR('',#12780,1.);
#12780 = DIRECTION('',(1.,-5.665538897648E-16,0.));
#12781 = ORIENTED_EDGE('',*,*,#12782,.T.);
#12782 = EDGE_CURVE('',#12775,#10532,#12783,.T.);
#12783 = LINE('',#12784,#12785);
#12784 = CARTESIAN_POINT('',(-0.875,-1.8,0.));
#12785 = VECTOR('',#12786,1.);
#12786 = DIRECTION('',(0.,0.,1.));
#12787 = ORIENTED_EDGE('',*,*,#10531,.F.);
#12788 = ORIENTED_EDGE('',*,*,#12729,.F.);
#12789 = PLANE('',#12790);
#12790 = AXIS2_PLACEMENT_3D('',#12791,#12792,#12793);
#12791 = CARTESIAN_POINT('',(-0.875,-1.8,0.));
#12792 = DIRECTION('',(5.665538897648E-16,1.,0.));
#12793 = DIRECTION('',(1.,-5.665538897648E-16,0.));
#12794 = ADVANCED_FACE('',(#12795),#12806,.F.);
#12795 = FACE_BOUND('',#12796,.F.);
#12796 = EDGE_LOOP('',(#12797,#12803,#12804,#12805));
#12797 = ORIENTED_EDGE('',*,*,#12798,.F.);
#12798 = EDGE_CURVE('',#12751,#12775,#12799,.T.);
#12799 = LINE('',#12800,#12801);
#12800 = CARTESIAN_POINT('',(-0.875,-1.325,0.));
#12801 = VECTOR('',#12802,1.);
#12802 = DIRECTION('',(-5.665538897648E-16,-1.,0.));
#12803 = ORIENTED_EDGE('',*,*,#12760,.T.);
#12804 = ORIENTED_EDGE('',*,*,#10539,.F.);
#12805 = ORIENTED_EDGE('',*,*,#12782,.F.);
#12806 = PLANE('',#12807);
#12807 = AXIS2_PLACEMENT_3D('',#12808,#12809,#12810);
#12808 = CARTESIAN_POINT('',(-0.875,-1.325,0.));
#12809 = DIRECTION('',(1.,-5.665538897648E-16,0.));
#12810 = DIRECTION('',(-5.665538897648E-16,-1.,0.));
#12811 = ADVANCED_FACE('',(#12812),#12837,.F.);
#12812 = FACE_BOUND('',#12813,.F.);
#12813 = EDGE_LOOP('',(#12814,#12824,#12830,#12831));
#12814 = ORIENTED_EDGE('',*,*,#12815,.F.);
#12815 = EDGE_CURVE('',#12816,#12818,#12820,.T.);
#12816 = VERTEX_POINT('',#12817);
#12817 = CARTESIAN_POINT('',(-0.375,-1.325,0.));
#12818 = VERTEX_POINT('',#12819);
#12819 = CARTESIAN_POINT('',(-0.375,-1.8,0.));
#12820 = LINE('',#12821,#12822);
#12821 = CARTESIAN_POINT('',(-0.375,-1.325,0.));
#12822 = VECTOR('',#12823,1.);
#12823 = DIRECTION('',(-5.665538897648E-16,-1.,0.));
#12824 = ORIENTED_EDGE('',*,*,#12825,.T.);
#12825 = EDGE_CURVE('',#12816,#10558,#12826,.T.);
#12826 = LINE('',#12827,#12828);
#12827 = CARTESIAN_POINT('',(-0.375,-1.325,0.));
#12828 = VECTOR('',#12829,1.);
#12829 = DIRECTION('',(0.,0.,1.));
#12830 = ORIENTED_EDGE('',*,*,#10555,.F.);
#12831 = ORIENTED_EDGE('',*,*,#12832,.F.);
#12832 = EDGE_CURVE('',#12818,#10556,#12833,.T.);
#12833 = LINE('',#12834,#12835);
#12834 = CARTESIAN_POINT('',(-0.375,-1.8,0.));
#12835 = VECTOR('',#12836,1.);
#12836 = DIRECTION('',(0.,0.,1.));
#12837 = PLANE('',#12838);
#12838 = AXIS2_PLACEMENT_3D('',#12839,#12840,#12841);
#12839 = CARTESIAN_POINT('',(-0.375,-1.325,0.));
#12840 = DIRECTION('',(1.,-5.665538897648E-16,0.));
#12841 = DIRECTION('',(-5.665538897648E-16,-1.,0.));
#12842 = ADVANCED_FACE('',(#12843),#12861,.F.);
#12843 = FACE_BOUND('',#12844,.F.);
#12844 = EDGE_LOOP('',(#12845,#12853,#12854,#12855));
#12845 = ORIENTED_EDGE('',*,*,#12846,.F.);
#12846 = EDGE_CURVE('',#12818,#12847,#12849,.T.);
#12847 = VERTEX_POINT('',#12848);
#12848 = CARTESIAN_POINT('',(-0.125,-1.8,0.));
#12849 = LINE('',#12850,#12851);
#12850 = CARTESIAN_POINT('',(-0.375,-1.8,0.));
#12851 = VECTOR('',#12852,1.);
#12852 = DIRECTION('',(1.,-5.665538897648E-16,0.));
#12853 = ORIENTED_EDGE('',*,*,#12832,.T.);
#12854 = ORIENTED_EDGE('',*,*,#10581,.F.);
#12855 = ORIENTED_EDGE('',*,*,#12856,.F.);
#12856 = EDGE_CURVE('',#12847,#10574,#12857,.T.);
#12857 = LINE('',#12858,#12859);
#12858 = CARTESIAN_POINT('',(-0.125,-1.8,0.));
#12859 = VECTOR('',#12860,1.);
#12860 = DIRECTION('',(0.,0.,1.));
#12861 = PLANE('',#12862);
#12862 = AXIS2_PLACEMENT_3D('',#12863,#12864,#12865);
#12863 = CARTESIAN_POINT('',(-0.375,-1.8,0.));
#12864 = DIRECTION('',(5.665538897648E-16,1.,0.));
#12865 = DIRECTION('',(1.,-5.665538897648E-16,0.));
#12866 = ADVANCED_FACE('',(#12867),#12885,.F.);
#12867 = FACE_BOUND('',#12868,.F.);
#12868 = EDGE_LOOP('',(#12869,#12877,#12883,#12884));
#12869 = ORIENTED_EDGE('',*,*,#12870,.F.);
#12870 = EDGE_CURVE('',#12871,#12816,#12873,.T.);
#12871 = VERTEX_POINT('',#12872);
#12872 = CARTESIAN_POINT('',(-0.125,-1.325,0.));
#12873 = LINE('',#12874,#12875);
#12874 = CARTESIAN_POINT('',(-0.125,-1.325,0.));
#12875 = VECTOR('',#12876,1.);
#12876 = DIRECTION('',(-1.,5.665538897648E-16,0.));
#12877 = ORIENTED_EDGE('',*,*,#12878,.T.);
#12878 = EDGE_CURVE('',#12871,#10566,#12879,.T.);
#12879 = LINE('',#12880,#12881);
#12880 = CARTESIAN_POINT('',(-0.125,-1.325,0.));
#12881 = VECTOR('',#12882,1.);
#12882 = DIRECTION('',(0.,0.,1.));
#12883 = ORIENTED_EDGE('',*,*,#10565,.F.);
#12884 = ORIENTED_EDGE('',*,*,#12825,.F.);
#12885 = PLANE('',#12886);
#12886 = AXIS2_PLACEMENT_3D('',#12887,#12888,#12889);
#12887 = CARTESIAN_POINT('',(-0.125,-1.325,0.));
#12888 = DIRECTION('',(-5.665538897648E-16,-1.,0.));
#12889 = DIRECTION('',(-1.,5.665538897648E-16,0.));
#12890 = ADVANCED_FACE('',(#12891),#12902,.F.);
#12891 = FACE_BOUND('',#12892,.F.);
#12892 = EDGE_LOOP('',(#12893,#12899,#12900,#12901));
#12893 = ORIENTED_EDGE('',*,*,#12894,.F.);
#12894 = EDGE_CURVE('',#12847,#12871,#12895,.T.);
#12895 = LINE('',#12896,#12897);
#12896 = CARTESIAN_POINT('',(-0.125,-1.8,0.));
#12897 = VECTOR('',#12898,1.);
#12898 = DIRECTION('',(5.665538897648E-16,1.,0.));
#12899 = ORIENTED_EDGE('',*,*,#12856,.T.);
#12900 = ORIENTED_EDGE('',*,*,#10573,.F.);
#12901 = ORIENTED_EDGE('',*,*,#12878,.F.);
#12902 = PLANE('',#12903);
#12903 = AXIS2_PLACEMENT_3D('',#12904,#12905,#12906);
#12904 = CARTESIAN_POINT('',(-0.125,-1.8,0.));
#12905 = DIRECTION('',(-1.,5.665538897648E-16,0.));
#12906 = DIRECTION('',(5.665538897648E-16,1.,0.));
#12907 = ADVANCED_FACE('',(#12908),#12933,.F.);
#12908 = FACE_BOUND('',#12909,.F.);
#12909 = EDGE_LOOP('',(#12910,#12920,#12926,#12927));
#12910 = ORIENTED_EDGE('',*,*,#12911,.F.);
#12911 = EDGE_CURVE('',#12912,#12914,#12916,.T.);
#12912 = VERTEX_POINT('',#12913);
#12913 = CARTESIAN_POINT('',(1.375,-1.325,0.));
#12914 = VERTEX_POINT('',#12915);
#12915 = CARTESIAN_POINT('',(1.125,-1.325,0.));
#12916 = LINE('',#12917,#12918);
#12917 = CARTESIAN_POINT('',(1.375,-1.325,0.));
#12918 = VECTOR('',#12919,1.);
#12919 = DIRECTION('',(-1.,5.665538897648E-16,0.));
#12920 = ORIENTED_EDGE('',*,*,#12921,.T.);
#12921 = EDGE_CURVE('',#12912,#10592,#12922,.T.);
#12922 = LINE('',#12923,#12924);
#12923 = CARTESIAN_POINT('',(1.375,-1.325,0.));
#12924 = VECTOR('',#12925,1.);
#12925 = DIRECTION('',(0.,0.,1.));
#12926 = ORIENTED_EDGE('',*,*,#10589,.F.);
#12927 = ORIENTED_EDGE('',*,*,#12928,.F.);
#12928 = EDGE_CURVE('',#12914,#10590,#12929,.T.);
#12929 = LINE('',#12930,#12931);
#12930 = CARTESIAN_POINT('',(1.125,-1.325,0.));
#12931 = VECTOR('',#12932,1.);
#12932 = DIRECTION('',(0.,0.,1.));
#12933 = PLANE('',#12934);
#12934 = AXIS2_PLACEMENT_3D('',#12935,#12936,#12937);
#12935 = CARTESIAN_POINT('',(1.375,-1.325,0.));
#12936 = DIRECTION('',(-5.665538897648E-16,-1.,0.));
#12937 = DIRECTION('',(-1.,5.665538897648E-16,0.));
#12938 = ADVANCED_FACE('',(#12939),#12957,.F.);
#12939 = FACE_BOUND('',#12940,.F.);
#12940 = EDGE_LOOP('',(#12941,#12949,#12950,#12951));
#12941 = ORIENTED_EDGE('',*,*,#12942,.F.);
#12942 = EDGE_CURVE('',#12914,#12943,#12945,.T.);
#12943 = VERTEX_POINT('',#12944);
#12944 = CARTESIAN_POINT('',(1.125,-1.8,0.));
#12945 = LINE('',#12946,#12947);
#12946 = CARTESIAN_POINT('',(1.125,-1.325,0.));
#12947 = VECTOR('',#12948,1.);
#12948 = DIRECTION('',(-5.665538897648E-16,-1.,0.));
#12949 = ORIENTED_EDGE('',*,*,#12928,.T.);
#12950 = ORIENTED_EDGE('',*,*,#10615,.F.);
#12951 = ORIENTED_EDGE('',*,*,#12952,.F.);
#12952 = EDGE_CURVE('',#12943,#10608,#12953,.T.);
#12953 = LINE('',#12954,#12955);
#12954 = CARTESIAN_POINT('',(1.125,-1.8,0.));
#12955 = VECTOR('',#12956,1.);
#12956 = DIRECTION('',(0.,0.,1.));
#12957 = PLANE('',#12958);
#12958 = AXIS2_PLACEMENT_3D('',#12959,#12960,#12961);
#12959 = CARTESIAN_POINT('',(1.125,-1.325,0.));
#12960 = DIRECTION('',(1.,-5.665538897648E-16,0.));
#12961 = DIRECTION('',(-5.665538897648E-16,-1.,0.));
#12962 = ADVANCED_FACE('',(#12963),#12981,.F.);
#12963 = FACE_BOUND('',#12964,.F.);
#12964 = EDGE_LOOP('',(#12965,#12973,#12979,#12980));
#12965 = ORIENTED_EDGE('',*,*,#12966,.F.);
#12966 = EDGE_CURVE('',#12967,#12912,#12969,.T.);
#12967 = VERTEX_POINT('',#12968);
#12968 = CARTESIAN_POINT('',(1.375,-1.8,0.));
#12969 = LINE('',#12970,#12971);
#12970 = CARTESIAN_POINT('',(1.375,-1.8,0.));
#12971 = VECTOR('',#12972,1.);
#12972 = DIRECTION('',(5.665538897648E-16,1.,0.));
#12973 = ORIENTED_EDGE('',*,*,#12974,.T.);
#12974 = EDGE_CURVE('',#12967,#10600,#12975,.T.);
#12975 = LINE('',#12976,#12977);
#12976 = CARTESIAN_POINT('',(1.375,-1.8,0.));
#12977 = VECTOR('',#12978,1.);
#12978 = DIRECTION('',(0.,0.,1.));
#12979 = ORIENTED_EDGE('',*,*,#10599,.F.);
#12980 = ORIENTED_EDGE('',*,*,#12921,.F.);
#12981 = PLANE('',#12982);
#12982 = AXIS2_PLACEMENT_3D('',#12983,#12984,#12985);
#12983 = CARTESIAN_POINT('',(1.375,-1.8,0.));
#12984 = DIRECTION('',(-1.,5.665538897648E-16,0.));
#12985 = DIRECTION('',(5.665538897648E-16,1.,0.));
#12986 = ADVANCED_FACE('',(#12987),#12998,.F.);
#12987 = FACE_BOUND('',#12988,.F.);
#12988 = EDGE_LOOP('',(#12989,#12995,#12996,#12997));
#12989 = ORIENTED_EDGE('',*,*,#12990,.F.);
#12990 = EDGE_CURVE('',#12943,#12967,#12991,.T.);
#12991 = LINE('',#12992,#12993);
#12992 = CARTESIAN_POINT('',(1.125,-1.8,0.));
#12993 = VECTOR('',#12994,1.);
#12994 = DIRECTION('',(1.,-5.665538897648E-16,0.));
#12995 = ORIENTED_EDGE('',*,*,#12952,.T.);
#12996 = ORIENTED_EDGE('',*,*,#10607,.F.);
#12997 = ORIENTED_EDGE('',*,*,#12974,.F.);
#12998 = PLANE('',#12999);
#12999 = AXIS2_PLACEMENT_3D('',#13000,#13001,#13002);
#13000 = CARTESIAN_POINT('',(1.125,-1.8,0.));
#13001 = DIRECTION('',(5.665538897648E-16,1.,0.));
#13002 = DIRECTION('',(1.,-5.665538897648E-16,0.));
#13003 = ADVANCED_FACE('',(#13004),#13029,.F.);
#13004 = FACE_BOUND('',#13005,.F.);
#13005 = EDGE_LOOP('',(#13006,#13016,#13022,#13023));
#13006 = ORIENTED_EDGE('',*,*,#13007,.F.);
#13007 = EDGE_CURVE('',#13008,#13010,#13012,.T.);
#13008 = VERTEX_POINT('',#13009);
#13009 = CARTESIAN_POINT('',(0.875,-1.8,0.));
#13010 = VERTEX_POINT('',#13011);
#13011 = CARTESIAN_POINT('',(0.875,-1.325,0.));
#13012 = LINE('',#13013,#13014);
#13013 = CARTESIAN_POINT('',(0.875,-1.8,0.));
#13014 = VECTOR('',#13015,1.);
#13015 = DIRECTION('',(5.665538897648E-16,1.,0.));
#13016 = ORIENTED_EDGE('',*,*,#13017,.T.);
#13017 = EDGE_CURVE('',#13008,#10626,#13018,.T.);
#13018 = LINE('',#13019,#13020);
#13019 = CARTESIAN_POINT('',(0.875,-1.8,0.));
#13020 = VECTOR('',#13021,1.);
#13021 = DIRECTION('',(0.,0.,1.));
#13022 = ORIENTED_EDGE('',*,*,#10623,.F.);
#13023 = ORIENTED_EDGE('',*,*,#13024,.F.);
#13024 = EDGE_CURVE('',#13010,#10624,#13025,.T.);
#13025 = LINE('',#13026,#13027);
#13026 = CARTESIAN_POINT('',(0.875,-1.325,0.));
#13027 = VECTOR('',#13028,1.);
#13028 = DIRECTION('',(0.,0.,1.));
#13029 = PLANE('',#13030);
#13030 = AXIS2_PLACEMENT_3D('',#13031,#13032,#13033);
#13031 = CARTESIAN_POINT('',(0.875,-1.8,0.));
#13032 = DIRECTION('',(-1.,5.665538897648E-16,0.));
#13033 = DIRECTION('',(5.665538897648E-16,1.,0.));
#13034 = ADVANCED_FACE('',(#13035),#13053,.F.);
#13035 = FACE_BOUND('',#13036,.F.);
#13036 = EDGE_LOOP('',(#13037,#13045,#13046,#13047));
#13037 = ORIENTED_EDGE('',*,*,#13038,.F.);
#13038 = EDGE_CURVE('',#13010,#13039,#13041,.T.);
#13039 = VERTEX_POINT('',#13040);
#13040 = CARTESIAN_POINT('',(0.625,-1.325,0.));
#13041 = LINE('',#13042,#13043);
#13042 = CARTESIAN_POINT('',(0.875,-1.325,0.));
#13043 = VECTOR('',#13044,1.);
#13044 = DIRECTION('',(-1.,5.665538897648E-16,0.));
#13045 = ORIENTED_EDGE('',*,*,#13024,.T.);
#13046 = ORIENTED_EDGE('',*,*,#10649,.F.);
#13047 = ORIENTED_EDGE('',*,*,#13048,.F.);
#13048 = EDGE_CURVE('',#13039,#10642,#13049,.T.);
#13049 = LINE('',#13050,#13051);
#13050 = CARTESIAN_POINT('',(0.625,-1.325,0.));
#13051 = VECTOR('',#13052,1.);
#13052 = DIRECTION('',(0.,0.,1.));
#13053 = PLANE('',#13054);
#13054 = AXIS2_PLACEMENT_3D('',#13055,#13056,#13057);
#13055 = CARTESIAN_POINT('',(0.875,-1.325,0.));
#13056 = DIRECTION('',(-5.665538897648E-16,-1.,0.));
#13057 = DIRECTION('',(-1.,5.665538897648E-16,0.));
#13058 = ADVANCED_FACE('',(#13059),#13077,.F.);
#13059 = FACE_BOUND('',#13060,.F.);
#13060 = EDGE_LOOP('',(#13061,#13069,#13075,#13076));
#13061 = ORIENTED_EDGE('',*,*,#13062,.F.);
#13062 = EDGE_CURVE('',#13063,#13008,#13065,.T.);
#13063 = VERTEX_POINT('',#13064);
#13064 = CARTESIAN_POINT('',(0.625,-1.8,0.));
#13065 = LINE('',#13066,#13067);
#13066 = CARTESIAN_POINT('',(0.625,-1.8,0.));
#13067 = VECTOR('',#13068,1.);
#13068 = DIRECTION('',(1.,-5.665538897648E-16,0.));
#13069 = ORIENTED_EDGE('',*,*,#13070,.T.);
#13070 = EDGE_CURVE('',#13063,#10634,#13071,.T.);
#13071 = LINE('',#13072,#13073);
#13072 = CARTESIAN_POINT('',(0.625,-1.8,0.));
#13073 = VECTOR('',#13074,1.);
#13074 = DIRECTION('',(0.,0.,1.));
#13075 = ORIENTED_EDGE('',*,*,#10633,.F.);
#13076 = ORIENTED_EDGE('',*,*,#13017,.F.);
#13077 = PLANE('',#13078);
#13078 = AXIS2_PLACEMENT_3D('',#13079,#13080,#13081);
#13079 = CARTESIAN_POINT('',(0.625,-1.8,0.));
#13080 = DIRECTION('',(5.665538897648E-16,1.,0.));
#13081 = DIRECTION('',(1.,-5.665538897648E-16,0.));
#13082 = ADVANCED_FACE('',(#13083),#13094,.F.);
#13083 = FACE_BOUND('',#13084,.F.);
#13084 = EDGE_LOOP('',(#13085,#13091,#13092,#13093));
#13085 = ORIENTED_EDGE('',*,*,#13086,.F.);
#13086 = EDGE_CURVE('',#13039,#13063,#13087,.T.);
#13087 = LINE('',#13088,#13089);
#13088 = CARTESIAN_POINT('',(0.625,-1.325,0.));
#13089 = VECTOR('',#13090,1.);
#13090 = DIRECTION('',(-5.665538897648E-16,-1.,0.));
#13091 = ORIENTED_EDGE('',*,*,#13048,.T.);
#13092 = ORIENTED_EDGE('',*,*,#10641,.F.);
#13093 = ORIENTED_EDGE('',*,*,#13070,.F.);
#13094 = PLANE('',#13095);
#13095 = AXIS2_PLACEMENT_3D('',#13096,#13097,#13098);
#13096 = CARTESIAN_POINT('',(0.625,-1.325,0.));
#13097 = DIRECTION('',(1.,-5.665538897648E-16,0.));
#13098 = DIRECTION('',(-5.665538897648E-16,-1.,0.));
#13099 = ADVANCED_FACE('',(#13100),#13125,.F.);
#13100 = FACE_BOUND('',#13101,.F.);
#13101 = EDGE_LOOP('',(#13102,#13112,#13118,#13119));
#13102 = ORIENTED_EDGE('',*,*,#13103,.F.);
#13103 = EDGE_CURVE('',#13104,#13106,#13108,.T.);
#13104 = VERTEX_POINT('',#13105);
#13105 = CARTESIAN_POINT('',(0.375,-1.325,0.));
#13106 = VERTEX_POINT('',#13107);
#13107 = CARTESIAN_POINT('',(0.125,-1.325,0.));
#13108 = LINE('',#13109,#13110);
#13109 = CARTESIAN_POINT('',(0.375,-1.325,0.));
#13110 = VECTOR('',#13111,1.);
#13111 = DIRECTION('',(-1.,5.665538897648E-16,0.));
#13112 = ORIENTED_EDGE('',*,*,#13113,.T.);
#13113 = EDGE_CURVE('',#13104,#10660,#13114,.T.);
#13114 = LINE('',#13115,#13116);
#13115 = CARTESIAN_POINT('',(0.375,-1.325,0.));
#13116 = VECTOR('',#13117,1.);
#13117 = DIRECTION('',(0.,0.,1.));
#13118 = ORIENTED_EDGE('',*,*,#10657,.F.);
#13119 = ORIENTED_EDGE('',*,*,#13120,.F.);
#13120 = EDGE_CURVE('',#13106,#10658,#13121,.T.);
#13121 = LINE('',#13122,#13123);
#13122 = CARTESIAN_POINT('',(0.125,-1.325,0.));
#13123 = VECTOR('',#13124,1.);
#13124 = DIRECTION('',(0.,0.,1.));
#13125 = PLANE('',#13126);
#13126 = AXIS2_PLACEMENT_3D('',#13127,#13128,#13129);
#13127 = CARTESIAN_POINT('',(0.375,-1.325,0.));
#13128 = DIRECTION('',(-5.665538897648E-16,-1.,0.));
#13129 = DIRECTION('',(-1.,5.665538897648E-16,0.));
#13130 = ADVANCED_FACE('',(#13131),#13149,.F.);
#13131 = FACE_BOUND('',#13132,.F.);
#13132 = EDGE_LOOP('',(#13133,#13141,#13142,#13143));
#13133 = ORIENTED_EDGE('',*,*,#13134,.F.);
#13134 = EDGE_CURVE('',#13106,#13135,#13137,.T.);
#13135 = VERTEX_POINT('',#13136);
#13136 = CARTESIAN_POINT('',(0.125,-1.8,0.));
#13137 = LINE('',#13138,#13139);
#13138 = CARTESIAN_POINT('',(0.125,-1.325,0.));
#13139 = VECTOR('',#13140,1.);
#13140 = DIRECTION('',(-5.665538897648E-16,-1.,0.));
#13141 = ORIENTED_EDGE('',*,*,#13120,.T.);
#13142 = ORIENTED_EDGE('',*,*,#10683,.F.);
#13143 = ORIENTED_EDGE('',*,*,#13144,.F.);
#13144 = EDGE_CURVE('',#13135,#10676,#13145,.T.);
#13145 = LINE('',#13146,#13147);
#13146 = CARTESIAN_POINT('',(0.125,-1.8,0.));
#13147 = VECTOR('',#13148,1.);
#13148 = DIRECTION('',(0.,0.,1.));
#13149 = PLANE('',#13150);
#13150 = AXIS2_PLACEMENT_3D('',#13151,#13152,#13153);
#13151 = CARTESIAN_POINT('',(0.125,-1.325,0.));
#13152 = DIRECTION('',(1.,-5.665538897648E-16,0.));
#13153 = DIRECTION('',(-5.665538897648E-16,-1.,0.));
#13154 = ADVANCED_FACE('',(#13155),#13173,.F.);
#13155 = FACE_BOUND('',#13156,.F.);
#13156 = EDGE_LOOP('',(#13157,#13165,#13171,#13172));
#13157 = ORIENTED_EDGE('',*,*,#13158,.F.);
#13158 = EDGE_CURVE('',#13159,#13104,#13161,.T.);
#13159 = VERTEX_POINT('',#13160);
#13160 = CARTESIAN_POINT('',(0.375,-1.8,0.));
#13161 = LINE('',#13162,#13163);
#13162 = CARTESIAN_POINT('',(0.375,-1.8,0.));
#13163 = VECTOR('',#13164,1.);
#13164 = DIRECTION('',(5.665538897648E-16,1.,0.));
#13165 = ORIENTED_EDGE('',*,*,#13166,.T.);
#13166 = EDGE_CURVE('',#13159,#10668,#13167,.T.);
#13167 = LINE('',#13168,#13169);
#13168 = CARTESIAN_POINT('',(0.375,-1.8,0.));
#13169 = VECTOR('',#13170,1.);
#13170 = DIRECTION('',(0.,0.,1.));
#13171 = ORIENTED_EDGE('',*,*,#10667,.F.);
#13172 = ORIENTED_EDGE('',*,*,#13113,.F.);
#13173 = PLANE('',#13174);
#13174 = AXIS2_PLACEMENT_3D('',#13175,#13176,#13177);
#13175 = CARTESIAN_POINT('',(0.375,-1.8,0.));
#13176 = DIRECTION('',(-1.,5.665538897648E-16,0.));
#13177 = DIRECTION('',(5.665538897648E-16,1.,0.));
#13178 = ADVANCED_FACE('',(#13179),#13190,.F.);
#13179 = FACE_BOUND('',#13180,.F.);
#13180 = EDGE_LOOP('',(#13181,#13187,#13188,#13189));
#13181 = ORIENTED_EDGE('',*,*,#13182,.F.);
#13182 = EDGE_CURVE('',#13135,#13159,#13183,.T.);
#13183 = LINE('',#13184,#13185);
#13184 = CARTESIAN_POINT('',(0.125,-1.8,0.));
#13185 = VECTOR('',#13186,1.);
#13186 = DIRECTION('',(1.,-5.665538897648E-16,0.));
#13187 = ORIENTED_EDGE('',*,*,#13144,.T.);
#13188 = ORIENTED_EDGE('',*,*,#10675,.F.);
#13189 = ORIENTED_EDGE('',*,*,#13166,.F.);
#13190 = PLANE('',#13191);
#13191 = AXIS2_PLACEMENT_3D('',#13192,#13193,#13194);
#13192 = CARTESIAN_POINT('',(0.125,-1.8,0.));
#13193 = DIRECTION('',(5.665538897648E-16,1.,0.));
#13194 = DIRECTION('',(1.,-5.665538897648E-16,0.));
#13195 = ADVANCED_FACE('',(#13196),#13221,.F.);
#13196 = FACE_BOUND('',#13197,.F.);
#13197 = EDGE_LOOP('',(#13198,#13208,#13214,#13215));
#13198 = ORIENTED_EDGE('',*,*,#13199,.F.);
#13199 = EDGE_CURVE('',#13200,#13202,#13204,.T.);
#13200 = VERTEX_POINT('',#13201);
#13201 = CARTESIAN_POINT('',(2.125,-1.8,0.));
#13202 = VERTEX_POINT('',#13203);
#13203 = CARTESIAN_POINT('',(2.375,-1.8,0.));
#13204 = LINE('',#13205,#13206);
#13205 = CARTESIAN_POINT('',(2.125,-1.8,0.));
#13206 = VECTOR('',#13207,1.);
#13207 = DIRECTION('',(1.,-5.665538897648E-16,0.));
#13208 = ORIENTED_EDGE('',*,*,#13209,.T.);
#13209 = EDGE_CURVE('',#13200,#10694,#13210,.T.);
#13210 = LINE('',#13211,#13212);
#13211 = CARTESIAN_POINT('',(2.125,-1.8,0.));
#13212 = VECTOR('',#13213,1.);
#13213 = DIRECTION('',(0.,0.,1.));
#13214 = ORIENTED_EDGE('',*,*,#10691,.F.);
#13215 = ORIENTED_EDGE('',*,*,#13216,.F.);
#13216 = EDGE_CURVE('',#13202,#10692,#13217,.T.);
#13217 = LINE('',#13218,#13219);
#13218 = CARTESIAN_POINT('',(2.375,-1.8,0.));
#13219 = VECTOR('',#13220,1.);
#13220 = DIRECTION('',(0.,0.,1.));
#13221 = PLANE('',#13222);
#13222 = AXIS2_PLACEMENT_3D('',#13223,#13224,#13225);
#13223 = CARTESIAN_POINT('',(2.125,-1.8,0.));
#13224 = DIRECTION('',(5.665538897648E-16,1.,0.));
#13225 = DIRECTION('',(1.,-5.665538897648E-16,0.));
#13226 = ADVANCED_FACE('',(#13227),#13245,.F.);
#13227 = FACE_BOUND('',#13228,.F.);
#13228 = EDGE_LOOP('',(#13229,#13237,#13238,#13239));
#13229 = ORIENTED_EDGE('',*,*,#13230,.F.);
#13230 = EDGE_CURVE('',#13202,#13231,#13233,.T.);
#13231 = VERTEX_POINT('',#13232);
#13232 = CARTESIAN_POINT('',(2.375,-1.325,0.));
#13233 = LINE('',#13234,#13235);
#13234 = CARTESIAN_POINT('',(2.375,-1.8,0.));
#13235 = VECTOR('',#13236,1.);
#13236 = DIRECTION('',(5.665538897648E-16,1.,0.));
#13237 = ORIENTED_EDGE('',*,*,#13216,.T.);
#13238 = ORIENTED_EDGE('',*,*,#10717,.F.);
#13239 = ORIENTED_EDGE('',*,*,#13240,.F.);
#13240 = EDGE_CURVE('',#13231,#10710,#13241,.T.);
#13241 = LINE('',#13242,#13243);
#13242 = CARTESIAN_POINT('',(2.375,-1.325,0.));
#13243 = VECTOR('',#13244,1.);
#13244 = DIRECTION('',(0.,0.,1.));
#13245 = PLANE('',#13246);
#13246 = AXIS2_PLACEMENT_3D('',#13247,#13248,#13249);
#13247 = CARTESIAN_POINT('',(2.375,-1.8,0.));
#13248 = DIRECTION('',(-1.,5.665538897648E-16,0.));
#13249 = DIRECTION('',(5.665538897648E-16,1.,0.));
#13250 = ADVANCED_FACE('',(#13251),#13269,.F.);
#13251 = FACE_BOUND('',#13252,.F.);
#13252 = EDGE_LOOP('',(#13253,#13261,#13267,#13268));
#13253 = ORIENTED_EDGE('',*,*,#13254,.F.);
#13254 = EDGE_CURVE('',#13255,#13200,#13257,.T.);
#13255 = VERTEX_POINT('',#13256);
#13256 = CARTESIAN_POINT('',(2.125,-1.325,0.));
#13257 = LINE('',#13258,#13259);
#13258 = CARTESIAN_POINT('',(2.125,-1.325,0.));
#13259 = VECTOR('',#13260,1.);
#13260 = DIRECTION('',(-5.665538897648E-16,-1.,0.));
#13261 = ORIENTED_EDGE('',*,*,#13262,.T.);
#13262 = EDGE_CURVE('',#13255,#10702,#13263,.T.);
#13263 = LINE('',#13264,#13265);
#13264 = CARTESIAN_POINT('',(2.125,-1.325,0.));
#13265 = VECTOR('',#13266,1.);
#13266 = DIRECTION('',(0.,0.,1.));
#13267 = ORIENTED_EDGE('',*,*,#10701,.F.);
#13268 = ORIENTED_EDGE('',*,*,#13209,.F.);
#13269 = PLANE('',#13270);
#13270 = AXIS2_PLACEMENT_3D('',#13271,#13272,#13273);
#13271 = CARTESIAN_POINT('',(2.125,-1.325,0.));
#13272 = DIRECTION('',(1.,-5.665538897648E-16,0.));
#13273 = DIRECTION('',(-5.665538897648E-16,-1.,0.));
#13274 = ADVANCED_FACE('',(#13275),#13286,.F.);
#13275 = FACE_BOUND('',#13276,.F.);
#13276 = EDGE_LOOP('',(#13277,#13283,#13284,#13285));
#13277 = ORIENTED_EDGE('',*,*,#13278,.F.);
#13278 = EDGE_CURVE('',#13231,#13255,#13279,.T.);
#13279 = LINE('',#13280,#13281);
#13280 = CARTESIAN_POINT('',(2.375,-1.325,0.));
#13281 = VECTOR('',#13282,1.);
#13282 = DIRECTION('',(-1.,5.665538897648E-16,0.));
#13283 = ORIENTED_EDGE('',*,*,#13240,.T.);
#13284 = ORIENTED_EDGE('',*,*,#10709,.F.);
#13285 = ORIENTED_EDGE('',*,*,#13262,.F.);
#13286 = PLANE('',#13287);
#13287 = AXIS2_PLACEMENT_3D('',#13288,#13289,#13290);
#13288 = CARTESIAN_POINT('',(2.375,-1.325,0.));
#13289 = DIRECTION('',(-5.665538897648E-16,-1.,0.));
#13290 = DIRECTION('',(-1.,5.665538897648E-16,0.));
#13291 = ADVANCED_FACE('',(#13292),#13317,.F.);
#13292 = FACE_BOUND('',#13293,.F.);
#13293 = EDGE_LOOP('',(#13294,#13304,#13310,#13311));
#13294 = ORIENTED_EDGE('',*,*,#13295,.F.);
#13295 = EDGE_CURVE('',#13296,#13298,#13300,.T.);
#13296 = VERTEX_POINT('',#13297);
#13297 = CARTESIAN_POINT('',(1.875,-1.8,0.));
#13298 = VERTEX_POINT('',#13299);
#13299 = CARTESIAN_POINT('',(1.875,-1.325,0.));
#13300 = LINE('',#13301,#13302);
#13301 = CARTESIAN_POINT('',(1.875,-1.8,0.));
#13302 = VECTOR('',#13303,1.);
#13303 = DIRECTION('',(5.665538897648E-16,1.,0.));
#13304 = ORIENTED_EDGE('',*,*,#13305,.T.);
#13305 = EDGE_CURVE('',#13296,#10728,#13306,.T.);
#13306 = LINE('',#13307,#13308);
#13307 = CARTESIAN_POINT('',(1.875,-1.8,0.));
#13308 = VECTOR('',#13309,1.);
#13309 = DIRECTION('',(0.,0.,1.));
#13310 = ORIENTED_EDGE('',*,*,#10725,.F.);
#13311 = ORIENTED_EDGE('',*,*,#13312,.F.);
#13312 = EDGE_CURVE('',#13298,#10726,#13313,.T.);
#13313 = LINE('',#13314,#13315);
#13314 = CARTESIAN_POINT('',(1.875,-1.325,0.));
#13315 = VECTOR('',#13316,1.);
#13316 = DIRECTION('',(0.,0.,1.));
#13317 = PLANE('',#13318);
#13318 = AXIS2_PLACEMENT_3D('',#13319,#13320,#13321);
#13319 = CARTESIAN_POINT('',(1.875,-1.8,0.));
#13320 = DIRECTION('',(-1.,5.665538897648E-16,0.));
#13321 = DIRECTION('',(5.665538897648E-16,1.,0.));
#13322 = ADVANCED_FACE('',(#13323),#13341,.F.);
#13323 = FACE_BOUND('',#13324,.F.);
#13324 = EDGE_LOOP('',(#13325,#13333,#13334,#13335));
#13325 = ORIENTED_EDGE('',*,*,#13326,.F.);
#13326 = EDGE_CURVE('',#13298,#13327,#13329,.T.);
#13327 = VERTEX_POINT('',#13328);
#13328 = CARTESIAN_POINT('',(1.625,-1.325,0.));
#13329 = LINE('',#13330,#13331);
#13330 = CARTESIAN_POINT('',(1.875,-1.325,0.));
#13331 = VECTOR('',#13332,1.);
#13332 = DIRECTION('',(-1.,5.665538897648E-16,0.));
#13333 = ORIENTED_EDGE('',*,*,#13312,.T.);
#13334 = ORIENTED_EDGE('',*,*,#10751,.F.);
#13335 = ORIENTED_EDGE('',*,*,#13336,.F.);
#13336 = EDGE_CURVE('',#13327,#10744,#13337,.T.);
#13337 = LINE('',#13338,#13339);
#13338 = CARTESIAN_POINT('',(1.625,-1.325,0.));
#13339 = VECTOR('',#13340,1.);
#13340 = DIRECTION('',(0.,0.,1.));
#13341 = PLANE('',#13342);
#13342 = AXIS2_PLACEMENT_3D('',#13343,#13344,#13345);
#13343 = CARTESIAN_POINT('',(1.875,-1.325,0.));
#13344 = DIRECTION('',(-5.665538897648E-16,-1.,0.));
#13345 = DIRECTION('',(-1.,5.665538897648E-16,0.));
#13346 = ADVANCED_FACE('',(#13347),#13365,.F.);
#13347 = FACE_BOUND('',#13348,.F.);
#13348 = EDGE_LOOP('',(#13349,#13357,#13363,#13364));
#13349 = ORIENTED_EDGE('',*,*,#13350,.F.);
#13350 = EDGE_CURVE('',#13351,#13296,#13353,.T.);
#13351 = VERTEX_POINT('',#13352);
#13352 = CARTESIAN_POINT('',(1.625,-1.8,0.));
#13353 = LINE('',#13354,#13355);
#13354 = CARTESIAN_POINT('',(1.625,-1.8,0.));
#13355 = VECTOR('',#13356,1.);
#13356 = DIRECTION('',(1.,-5.665538897648E-16,0.));
#13357 = ORIENTED_EDGE('',*,*,#13358,.T.);
#13358 = EDGE_CURVE('',#13351,#10736,#13359,.T.);
#13359 = LINE('',#13360,#13361);
#13360 = CARTESIAN_POINT('',(1.625,-1.8,0.));
#13361 = VECTOR('',#13362,1.);
#13362 = DIRECTION('',(0.,0.,1.));
#13363 = ORIENTED_EDGE('',*,*,#10735,.F.);
#13364 = ORIENTED_EDGE('',*,*,#13305,.F.);
#13365 = PLANE('',#13366);
#13366 = AXIS2_PLACEMENT_3D('',#13367,#13368,#13369);
#13367 = CARTESIAN_POINT('',(1.625,-1.8,0.));
#13368 = DIRECTION('',(5.665538897648E-16,1.,0.));
#13369 = DIRECTION('',(1.,-5.665538897648E-16,0.));
#13370 = ADVANCED_FACE('',(#13371),#13382,.F.);
#13371 = FACE_BOUND('',#13372,.F.);
#13372 = EDGE_LOOP('',(#13373,#13379,#13380,#13381));
#13373 = ORIENTED_EDGE('',*,*,#13374,.F.);
#13374 = EDGE_CURVE('',#13327,#13351,#13375,.T.);
#13375 = LINE('',#13376,#13377);
#13376 = CARTESIAN_POINT('',(1.625,-1.325,0.));
#13377 = VECTOR('',#13378,1.);
#13378 = DIRECTION('',(-5.665538897648E-16,-1.,0.));
#13379 = ORIENTED_EDGE('',*,*,#13336,.T.);
#13380 = ORIENTED_EDGE('',*,*,#10743,.F.);
#13381 = ORIENTED_EDGE('',*,*,#13358,.F.);
#13382 = PLANE('',#13383);
#13383 = AXIS2_PLACEMENT_3D('',#13384,#13385,#13386);
#13384 = CARTESIAN_POINT('',(1.625,-1.325,0.));
#13385 = DIRECTION('',(1.,-5.665538897648E-16,0.));
#13386 = DIRECTION('',(-5.665538897648E-16,-1.,0.));
#13387 = ADVANCED_FACE('',(#13388),#13413,.F.);
#13388 = FACE_BOUND('',#13389,.F.);
#13389 = EDGE_LOOP('',(#13390,#13400,#13406,#13407));
#13390 = ORIENTED_EDGE('',*,*,#13391,.F.);
#13391 = EDGE_CURVE('',#13392,#13394,#13396,.T.);
#13392 = VERTEX_POINT('',#13393);
#13393 = CARTESIAN_POINT('',(-2.375,-1.8,0.));
#13394 = VERTEX_POINT('',#13395);
#13395 = CARTESIAN_POINT('',(-2.125,-1.8,0.));
#13396 = LINE('',#13397,#13398);
#13397 = CARTESIAN_POINT('',(-2.375,-1.8,0.));
#13398 = VECTOR('',#13399,1.);
#13399 = DIRECTION('',(1.,-5.665538897648E-16,0.));
#13400 = ORIENTED_EDGE('',*,*,#13401,.T.);
#13401 = EDGE_CURVE('',#13392,#10762,#13402,.T.);
#13402 = LINE('',#13403,#13404);
#13403 = CARTESIAN_POINT('',(-2.375,-1.8,0.));
#13404 = VECTOR('',#13405,1.);
#13405 = DIRECTION('',(0.,0.,1.));
#13406 = ORIENTED_EDGE('',*,*,#10759,.F.);
#13407 = ORIENTED_EDGE('',*,*,#13408,.F.);
#13408 = EDGE_CURVE('',#13394,#10760,#13409,.T.);
#13409 = LINE('',#13410,#13411);
#13410 = CARTESIAN_POINT('',(-2.125,-1.8,0.));
#13411 = VECTOR('',#13412,1.);
#13412 = DIRECTION('',(0.,0.,1.));
#13413 = PLANE('',#13414);
#13414 = AXIS2_PLACEMENT_3D('',#13415,#13416,#13417);
#13415 = CARTESIAN_POINT('',(-2.375,-1.8,0.));
#13416 = DIRECTION('',(5.665538897648E-16,1.,0.));
#13417 = DIRECTION('',(1.,-5.665538897648E-16,0.));
#13418 = ADVANCED_FACE('',(#13419),#13437,.F.);
#13419 = FACE_BOUND('',#13420,.F.);
#13420 = EDGE_LOOP('',(#13421,#13429,#13430,#13431));
#13421 = ORIENTED_EDGE('',*,*,#13422,.F.);
#13422 = EDGE_CURVE('',#13394,#13423,#13425,.T.);
#13423 = VERTEX_POINT('',#13424);
#13424 = CARTESIAN_POINT('',(-2.125,-1.325,0.));
#13425 = LINE('',#13426,#13427);
#13426 = CARTESIAN_POINT('',(-2.125,-1.8,0.));
#13427 = VECTOR('',#13428,1.);
#13428 = DIRECTION('',(5.665538897648E-16,1.,0.));
#13429 = ORIENTED_EDGE('',*,*,#13408,.T.);
#13430 = ORIENTED_EDGE('',*,*,#10785,.F.);
#13431 = ORIENTED_EDGE('',*,*,#13432,.F.);
#13432 = EDGE_CURVE('',#13423,#10778,#13433,.T.);
#13433 = LINE('',#13434,#13435);
#13434 = CARTESIAN_POINT('',(-2.125,-1.325,0.));
#13435 = VECTOR('',#13436,1.);
#13436 = DIRECTION('',(0.,0.,1.));
#13437 = PLANE('',#13438);
#13438 = AXIS2_PLACEMENT_3D('',#13439,#13440,#13441);
#13439 = CARTESIAN_POINT('',(-2.125,-1.8,0.));
#13440 = DIRECTION('',(-1.,5.665538897648E-16,0.));
#13441 = DIRECTION('',(5.665538897648E-16,1.,0.));
#13442 = ADVANCED_FACE('',(#13443),#13461,.F.);
#13443 = FACE_BOUND('',#13444,.F.);
#13444 = EDGE_LOOP('',(#13445,#13453,#13459,#13460));
#13445 = ORIENTED_EDGE('',*,*,#13446,.F.);
#13446 = EDGE_CURVE('',#13447,#13392,#13449,.T.);
#13447 = VERTEX_POINT('',#13448);
#13448 = CARTESIAN_POINT('',(-2.375,-1.325,0.));
#13449 = LINE('',#13450,#13451);
#13450 = CARTESIAN_POINT('',(-2.375,-1.325,0.));
#13451 = VECTOR('',#13452,1.);
#13452 = DIRECTION('',(-5.665538897648E-16,-1.,0.));
#13453 = ORIENTED_EDGE('',*,*,#13454,.T.);
#13454 = EDGE_CURVE('',#13447,#10770,#13455,.T.);
#13455 = LINE('',#13456,#13457);
#13456 = CARTESIAN_POINT('',(-2.375,-1.325,0.));
#13457 = VECTOR('',#13458,1.);
#13458 = DIRECTION('',(0.,0.,1.));
#13459 = ORIENTED_EDGE('',*,*,#10769,.F.);
#13460 = ORIENTED_EDGE('',*,*,#13401,.F.);
#13461 = PLANE('',#13462);
#13462 = AXIS2_PLACEMENT_3D('',#13463,#13464,#13465);
#13463 = CARTESIAN_POINT('',(-2.375,-1.325,0.));
#13464 = DIRECTION('',(1.,-5.665538897648E-16,0.));
#13465 = DIRECTION('',(-5.665538897648E-16,-1.,0.));
#13466 = ADVANCED_FACE('',(#13467),#13478,.F.);
#13467 = FACE_BOUND('',#13468,.F.);
#13468 = EDGE_LOOP('',(#13469,#13475,#13476,#13477));
#13469 = ORIENTED_EDGE('',*,*,#13470,.F.);
#13470 = EDGE_CURVE('',#13423,#13447,#13471,.T.);
#13471 = LINE('',#13472,#13473);
#13472 = CARTESIAN_POINT('',(-2.125,-1.325,0.));
#13473 = VECTOR('',#13474,1.);
#13474 = DIRECTION('',(-1.,5.665538897648E-16,0.));
#13475 = ORIENTED_EDGE('',*,*,#13432,.T.);
#13476 = ORIENTED_EDGE('',*,*,#10777,.F.);
#13477 = ORIENTED_EDGE('',*,*,#13454,.F.);
#13478 = PLANE('',#13479);
#13479 = AXIS2_PLACEMENT_3D('',#13480,#13481,#13482);
#13480 = CARTESIAN_POINT('',(-2.125,-1.325,0.));
#13481 = DIRECTION('',(-5.665538897648E-16,-1.,0.));
#13482 = DIRECTION('',(-1.,5.665538897648E-16,0.));
#13483 = ADVANCED_FACE('',(#13484,#13490),#13501,.T.);
#13484 = FACE_BOUND('',#13485,.T.);
#13485 = EDGE_LOOP('',(#13486,#13487,#13488,#13489));
#13486 = ORIENTED_EDGE('',*,*,#10816,.F.);
#13487 = ORIENTED_EDGE('',*,*,#10856,.T.);
#13488 = ORIENTED_EDGE('',*,*,#10881,.T.);
#13489 = ORIENTED_EDGE('',*,*,#10832,.F.);
#13490 = FACE_BOUND('',#13491,.T.);
#13491 = EDGE_LOOP('',(#13492));
#13492 = ORIENTED_EDGE('',*,*,#13493,.T.);
#13493 = EDGE_CURVE('',#13494,#13494,#13496,.T.);
#13494 = VERTEX_POINT('',#13495);
#13495 = CARTESIAN_POINT('',(-2.15,1.275,1.025));
#13496 = CIRCLE('',#13497,0.175);
#13497 = AXIS2_PLACEMENT_3D('',#13498,#13499,#13500);
#13498 = CARTESIAN_POINT('',(-2.15,1.45,1.025));
#13499 = DIRECTION('',(-0.,0.,-1.));
#13500 = DIRECTION('',(-2.22044604925E-16,-1.,0.));
#13501 = PLANE('',#13502);
#13502 = AXIS2_PLACEMENT_3D('',#13503,#13504,#13505);
#13503 = CARTESIAN_POINT('',(-2.6,1.9,1.025));
#13504 = DIRECTION('',(0.,0.,1.));
#13505 = DIRECTION('',(-2.22044604925E-16,-1.,0.));
#13506 = ADVANCED_FACE('',(#13507),#13513,.F.);
#13507 = FACE_BOUND('',#13508,.F.);
#13508 = EDGE_LOOP('',(#13509,#13510,#13511,#13512));
#13509 = ORIENTED_EDGE('',*,*,#10950,.T.);
#13510 = ORIENTED_EDGE('',*,*,#10895,.T.);
#13511 = ORIENTED_EDGE('',*,*,#10926,.T.);
#13512 = ORIENTED_EDGE('',*,*,#10974,.T.);
#13513 = PLANE('',#13514);
#13514 = AXIS2_PLACEMENT_3D('',#13515,#13516,#13517);
#13515 = CARTESIAN_POINT('',(-1.25,1.5625,0.));
#13516 = DIRECTION('',(0.,0.,1.));
#13517 = DIRECTION('',(-1.,4.555315873023E-16,0.));
#13518 = ADVANCED_FACE('',(#13519),#13525,.F.);
#13519 = FACE_BOUND('',#13520,.F.);
#13520 = EDGE_LOOP('',(#13521,#13522,#13523,#13524));
#13521 = ORIENTED_EDGE('',*,*,#10991,.T.);
#13522 = ORIENTED_EDGE('',*,*,#11022,.T.);
#13523 = ORIENTED_EDGE('',*,*,#11070,.T.);
#13524 = ORIENTED_EDGE('',*,*,#11046,.T.);
#13525 = PLANE('',#13526);
#13526 = AXIS2_PLACEMENT_3D('',#13527,#13528,#13529);
#13527 = CARTESIAN_POINT('',(-0.75,1.5625,0.));
#13528 = DIRECTION('',(0.,0.,1.));
#13529 = DIRECTION('',(-1.,4.555315873023E-16,0.));
#13530 = ADVANCED_FACE('',(#13531),#13537,.F.);
#13531 = FACE_BOUND('',#13532,.F.);
#13532 = EDGE_LOOP('',(#13533,#13534,#13535,#13536));
#13533 = ORIENTED_EDGE('',*,*,#11087,.T.);
#13534 = ORIENTED_EDGE('',*,*,#11118,.T.);
#13535 = ORIENTED_EDGE('',*,*,#11166,.T.);
#13536 = ORIENTED_EDGE('',*,*,#11142,.T.);
#13537 = PLANE('',#13538);
#13538 = AXIS2_PLACEMENT_3D('',#13539,#13540,#13541);
#13539 = CARTESIAN_POINT('',(-0.25,1.5625,0.));
#13540 = DIRECTION('',(0.,0.,1.));
#13541 = DIRECTION('',(-1.,4.555315873023E-16,0.));
#13542 = ADVANCED_FACE('',(#13543),#13549,.F.);
#13543 = FACE_BOUND('',#13544,.F.);
#13544 = EDGE_LOOP('',(#13545,#13546,#13547,#13548));
#13545 = ORIENTED_EDGE('',*,*,#11214,.T.);
#13546 = ORIENTED_EDGE('',*,*,#11262,.T.);
#13547 = ORIENTED_EDGE('',*,*,#11238,.T.);
#13548 = ORIENTED_EDGE('',*,*,#11183,.T.);
#13549 = PLANE('',#13550);
#13550 = AXIS2_PLACEMENT_3D('',#13551,#13552,#13553);
#13551 = CARTESIAN_POINT('',(0.75,1.5625,0.));
#13552 = DIRECTION('',(0.,0.,1.));
#13553 = DIRECTION('',(-1.,4.555315873023E-16,0.));
#13554 = ADVANCED_FACE('',(#13555),#13561,.F.);
#13555 = FACE_BOUND('',#13556,.F.);
#13556 = EDGE_LOOP('',(#13557,#13558,#13559,#13560));
#13557 = ORIENTED_EDGE('',*,*,#11358,.T.);
#13558 = ORIENTED_EDGE('',*,*,#11334,.T.);
#13559 = ORIENTED_EDGE('',*,*,#11279,.T.);
#13560 = ORIENTED_EDGE('',*,*,#11310,.T.);
#13561 = PLANE('',#13562);
#13562 = AXIS2_PLACEMENT_3D('',#13563,#13564,#13565);
#13563 = CARTESIAN_POINT('',(0.25,1.5625,0.));
#13564 = DIRECTION('',(0.,0.,1.));
#13565 = DIRECTION('',(-1.,4.555315873023E-16,0.));
#13566 = ADVANCED_FACE('',(#13567),#13573,.F.);
#13567 = FACE_BOUND('',#13568,.F.);
#13568 = EDGE_LOOP('',(#13569,#13570,#13571,#13572));
#13569 = ORIENTED_EDGE('',*,*,#11454,.T.);
#13570 = ORIENTED_EDGE('',*,*,#11430,.T.);
#13571 = ORIENTED_EDGE('',*,*,#11375,.T.);
#13572 = ORIENTED_EDGE('',*,*,#11406,.T.);
#13573 = PLANE('',#13574);
#13574 = AXIS2_PLACEMENT_3D('',#13575,#13576,#13577);
#13575 = CARTESIAN_POINT('',(2.2625,0.25,0.));
#13576 = DIRECTION('',(0.,0.,1.));
#13577 = DIRECTION('',(3.445092848398E-16,1.,-0.));
#13578 = ADVANCED_FACE('',(#13579),#13585,.F.);
#13579 = FACE_BOUND('',#13580,.F.);
#13580 = EDGE_LOOP('',(#13581,#13582,#13583,#13584));
#13581 = ORIENTED_EDGE('',*,*,#11502,.T.);
#13582 = ORIENTED_EDGE('',*,*,#11550,.T.);
#13583 = ORIENTED_EDGE('',*,*,#11526,.T.);
#13584 = ORIENTED_EDGE('',*,*,#11471,.T.);
#13585 = PLANE('',#13586);
#13586 = AXIS2_PLACEMENT_3D('',#13587,#13588,#13589);
#13587 = CARTESIAN_POINT('',(2.2625,0.75,0.));
#13588 = DIRECTION('',(0.,0.,1.));
#13589 = DIRECTION('',(3.445092848398E-16,1.,-0.));
#13590 = ADVANCED_FACE('',(#13591),#13597,.F.);
#13591 = FACE_BOUND('',#13592,.F.);
#13592 = EDGE_LOOP('',(#13593,#13594,#13595,#13596));
#13593 = ORIENTED_EDGE('',*,*,#11598,.T.);
#13594 = ORIENTED_EDGE('',*,*,#11646,.T.);
#13595 = ORIENTED_EDGE('',*,*,#11622,.T.);
#13596 = ORIENTED_EDGE('',*,*,#11567,.T.);
#13597 = PLANE('',#13598);
#13598 = AXIS2_PLACEMENT_3D('',#13599,#13600,#13601);
#13599 = CARTESIAN_POINT('',(2.25,1.5625,0.));
#13600 = DIRECTION('',(0.,0.,1.));
#13601 = DIRECTION('',(-1.,4.555315873023E-16,0.));
#13602 = ADVANCED_FACE('',(#13603),#13609,.F.);
#13603 = FACE_BOUND('',#13604,.F.);
#13604 = EDGE_LOOP('',(#13605,#13606,#13607,#13608));
#13605 = ORIENTED_EDGE('',*,*,#11718,.T.);
#13606 = ORIENTED_EDGE('',*,*,#11663,.T.);
#13607 = ORIENTED_EDGE('',*,*,#11694,.T.);
#13608 = ORIENTED_EDGE('',*,*,#11742,.T.);
#13609 = PLANE('',#13610);
#13610 = AXIS2_PLACEMENT_3D('',#13611,#13612,#13613);
#13611 = CARTESIAN_POINT('',(1.75,1.5625,0.));
#13612 = DIRECTION('',(0.,0.,1.));
#13613 = DIRECTION('',(-1.,4.555315873023E-16,0.));
#13614 = ADVANCED_FACE('',(#13615),#13621,.F.);
#13615 = FACE_BOUND('',#13616,.F.);
#13616 = EDGE_LOOP('',(#13617,#13618,#13619,#13620));
#13617 = ORIENTED_EDGE('',*,*,#11790,.T.);
#13618 = ORIENTED_EDGE('',*,*,#11838,.T.);
#13619 = ORIENTED_EDGE('',*,*,#11814,.T.);
#13620 = ORIENTED_EDGE('',*,*,#11759,.T.);
#13621 = PLANE('',#13622);
#13622 = AXIS2_PLACEMENT_3D('',#13623,#13624,#13625);
#13623 = CARTESIAN_POINT('',(1.25,1.5625,0.));
#13624 = DIRECTION('',(0.,0.,1.));
#13625 = DIRECTION('',(-1.,4.555315873023E-16,0.));
#13626 = ADVANCED_FACE('',(#13627),#13633,.F.);
#13627 = FACE_BOUND('',#13628,.F.);
#13628 = EDGE_LOOP('',(#13629,#13630,#13631,#13632));
#13629 = ORIENTED_EDGE('',*,*,#11855,.T.);
#13630 = ORIENTED_EDGE('',*,*,#11886,.T.);
#13631 = ORIENTED_EDGE('',*,*,#11934,.T.);
#13632 = ORIENTED_EDGE('',*,*,#11910,.T.);
#13633 = PLANE('',#13634);
#13634 = AXIS2_PLACEMENT_3D('',#13635,#13636,#13637);
#13635 = CARTESIAN_POINT('',(2.2625,-0.25,0.));
#13636 = DIRECTION('',(0.,0.,1.));
#13637 = DIRECTION('',(3.445092848398E-16,1.,-0.));
#13638 = ADVANCED_FACE('',(#13639),#13645,.F.);
#13639 = FACE_BOUND('',#13640,.F.);
#13640 = EDGE_LOOP('',(#13641,#13642,#13643,#13644));
#13641 = ORIENTED_EDGE('',*,*,#11982,.T.);
#13642 = ORIENTED_EDGE('',*,*,#12030,.T.);
#13643 = ORIENTED_EDGE('',*,*,#12006,.T.);
#13644 = ORIENTED_EDGE('',*,*,#11951,.T.);
#13645 = PLANE('',#13646);
#13646 = AXIS2_PLACEMENT_3D('',#13647,#13648,#13649);
#13647 = CARTESIAN_POINT('',(2.2625,-0.75,0.));
#13648 = DIRECTION('',(0.,0.,1.));
#13649 = DIRECTION('',(3.445092848398E-16,1.,-0.));
#13650 = ADVANCED_FACE('',(#13651),#13657,.F.);
#13651 = FACE_BOUND('',#13652,.F.);
#13652 = EDGE_LOOP('',(#13653,#13654,#13655,#13656));
#13653 = ORIENTED_EDGE('',*,*,#12078,.T.);
#13654 = ORIENTED_EDGE('',*,*,#12126,.T.);
#13655 = ORIENTED_EDGE('',*,*,#12102,.T.);
#13656 = ORIENTED_EDGE('',*,*,#12047,.T.);
#13657 = PLANE('',#13658);
#13658 = AXIS2_PLACEMENT_3D('',#13659,#13660,#13661);
#13659 = CARTESIAN_POINT('',(-2.2625,-0.75,0.));
#13660 = DIRECTION('',(0.,0.,1.));
#13661 = DIRECTION('',(-4.669739647545E-16,-1.,0.));
#13662 = ADVANCED_FACE('',(#13663),#13669,.F.);
#13663 = FACE_BOUND('',#13664,.F.);
#13664 = EDGE_LOOP('',(#13665,#13666,#13667,#13668));
#13665 = ORIENTED_EDGE('',*,*,#12222,.T.);
#13666 = ORIENTED_EDGE('',*,*,#12198,.T.);
#13667 = ORIENTED_EDGE('',*,*,#12143,.T.);
#13668 = ORIENTED_EDGE('',*,*,#12174,.T.);
#13669 = PLANE('',#13670);
#13670 = AXIS2_PLACEMENT_3D('',#13671,#13672,#13673);
#13671 = CARTESIAN_POINT('',(-2.2625,0.25,0.));
#13672 = DIRECTION('',(0.,0.,1.));
#13673 = DIRECTION('',(-4.669739647545E-16,-1.,0.));
#13674 = ADVANCED_FACE('',(#13675),#13681,.F.);
#13675 = FACE_BOUND('',#13676,.F.);
#13676 = EDGE_LOOP('',(#13677,#13678,#13679,#13680));
#13677 = ORIENTED_EDGE('',*,*,#12294,.T.);
#13678 = ORIENTED_EDGE('',*,*,#12239,.T.);
#13679 = ORIENTED_EDGE('',*,*,#12270,.T.);
#13680 = ORIENTED_EDGE('',*,*,#12318,.T.);
#13681 = PLANE('',#13682);
#13682 = AXIS2_PLACEMENT_3D('',#13683,#13684,#13685);
#13683 = CARTESIAN_POINT('',(-2.2625,-0.25,0.));
#13684 = DIRECTION('',(0.,0.,1.));
#13685 = DIRECTION('',(-4.669739647545E-16,-1.,0.));
#13686 = ADVANCED_FACE('',(#13687),#13693,.F.);
#13687 = FACE_BOUND('',#13688,.F.);
#13688 = EDGE_LOOP('',(#13689,#13690,#13691,#13692));
#13689 = ORIENTED_EDGE('',*,*,#12414,.T.);
#13690 = ORIENTED_EDGE('',*,*,#12390,.T.);
#13691 = ORIENTED_EDGE('',*,*,#12335,.T.);
#13692 = ORIENTED_EDGE('',*,*,#12366,.T.);
#13693 = PLANE('',#13694);
#13694 = AXIS2_PLACEMENT_3D('',#13695,#13696,#13697);
#13695 = CARTESIAN_POINT('',(-2.2625,0.75,0.));
#13696 = DIRECTION('',(0.,0.,1.));
#13697 = DIRECTION('',(-4.669739647545E-16,-1.,0.));
#13698 = ADVANCED_FACE('',(#13699),#13705,.F.);
#13699 = FACE_BOUND('',#13700,.F.);
#13700 = EDGE_LOOP('',(#13701,#13702,#13703,#13704));
#13701 = ORIENTED_EDGE('',*,*,#12462,.T.);
#13702 = ORIENTED_EDGE('',*,*,#12510,.T.);
#13703 = ORIENTED_EDGE('',*,*,#12486,.T.);
#13704 = ORIENTED_EDGE('',*,*,#12431,.T.);
#13705 = PLANE('',#13706);
#13706 = AXIS2_PLACEMENT_3D('',#13707,#13708,#13709);
#13707 = CARTESIAN_POINT('',(-1.75,1.5625,0.));
#13708 = DIRECTION('',(0.,0.,1.));
#13709 = DIRECTION('',(-1.,4.555315873023E-16,0.));
#13710 = ADVANCED_FACE('',(#13711),#13717,.F.);
#13711 = FACE_BOUND('',#13712,.F.);
#13712 = EDGE_LOOP('',(#13713,#13714,#13715,#13716));
#13713 = ORIENTED_EDGE('',*,*,#12558,.T.);
#13714 = ORIENTED_EDGE('',*,*,#12606,.T.);
#13715 = ORIENTED_EDGE('',*,*,#12582,.T.);
#13716 = ORIENTED_EDGE('',*,*,#12527,.T.);
#13717 = PLANE('',#13718);
#13718 = AXIS2_PLACEMENT_3D('',#13719,#13720,#13721);
#13719 = CARTESIAN_POINT('',(-1.75,-1.5625,0.));
#13720 = DIRECTION('',(0.,0.,1.));
#13721 = DIRECTION('',(1.,-5.665538897648E-16,0.));
#13722 = ADVANCED_FACE('',(#13723),#13729,.F.);
#13723 = FACE_BOUND('',#13724,.F.);
#13724 = EDGE_LOOP('',(#13725,#13726,#13727,#13728));
#13725 = ORIENTED_EDGE('',*,*,#12623,.T.);
#13726 = ORIENTED_EDGE('',*,*,#12654,.T.);
#13727 = ORIENTED_EDGE('',*,*,#12702,.T.);
#13728 = ORIENTED_EDGE('',*,*,#12678,.T.);
#13729 = PLANE('',#13730);
#13730 = AXIS2_PLACEMENT_3D('',#13731,#13732,#13733);
#13731 = CARTESIAN_POINT('',(-1.25,-1.5625,0.));
#13732 = DIRECTION('',(0.,0.,1.));
#13733 = DIRECTION('',(1.,-5.665538897648E-16,0.));
#13734 = ADVANCED_FACE('',(#13735),#13741,.F.);
#13735 = FACE_BOUND('',#13736,.F.);
#13736 = EDGE_LOOP('',(#13737,#13738,#13739,#13740));
#13737 = ORIENTED_EDGE('',*,*,#12719,.T.);
#13738 = ORIENTED_EDGE('',*,*,#12750,.T.);
#13739 = ORIENTED_EDGE('',*,*,#12798,.T.);
#13740 = ORIENTED_EDGE('',*,*,#12774,.T.);
#13741 = PLANE('',#13742);
#13742 = AXIS2_PLACEMENT_3D('',#13743,#13744,#13745);
#13743 = CARTESIAN_POINT('',(-0.75,-1.5625,0.));
#13744 = DIRECTION('',(0.,0.,1.));
#13745 = DIRECTION('',(1.,-5.665538897648E-16,0.));
#13746 = ADVANCED_FACE('',(#13747),#13753,.F.);
#13747 = FACE_BOUND('',#13748,.F.);
#13748 = EDGE_LOOP('',(#13749,#13750,#13751,#13752));
#13749 = ORIENTED_EDGE('',*,*,#12894,.T.);
#13750 = ORIENTED_EDGE('',*,*,#12870,.T.);
#13751 = ORIENTED_EDGE('',*,*,#12815,.T.);
#13752 = ORIENTED_EDGE('',*,*,#12846,.T.);
#13753 = PLANE('',#13754);
#13754 = AXIS2_PLACEMENT_3D('',#13755,#13756,#13757);
#13755 = CARTESIAN_POINT('',(-0.25,-1.5625,0.));
#13756 = DIRECTION('',(0.,0.,1.));
#13757 = DIRECTION('',(1.,-5.665538897648E-16,0.));
#13758 = ADVANCED_FACE('',(#13759),#13765,.F.);
#13759 = FACE_BOUND('',#13760,.F.);
#13760 = EDGE_LOOP('',(#13761,#13762,#13763,#13764));
#13761 = ORIENTED_EDGE('',*,*,#12966,.T.);
#13762 = ORIENTED_EDGE('',*,*,#12911,.T.);
#13763 = ORIENTED_EDGE('',*,*,#12942,.T.);
#13764 = ORIENTED_EDGE('',*,*,#12990,.T.);
#13765 = PLANE('',#13766);
#13766 = AXIS2_PLACEMENT_3D('',#13767,#13768,#13769);
#13767 = CARTESIAN_POINT('',(1.25,-1.5625,0.));
#13768 = DIRECTION('',(0.,0.,1.));
#13769 = DIRECTION('',(1.,-5.665538897648E-16,0.));
#13770 = ADVANCED_FACE('',(#13771),#13777,.F.);
#13771 = FACE_BOUND('',#13772,.F.);
#13772 = EDGE_LOOP('',(#13773,#13774,#13775,#13776));
#13773 = ORIENTED_EDGE('',*,*,#13007,.T.);
#13774 = ORIENTED_EDGE('',*,*,#13038,.T.);
#13775 = ORIENTED_EDGE('',*,*,#13086,.T.);
#13776 = ORIENTED_EDGE('',*,*,#13062,.T.);
#13777 = PLANE('',#13778);
#13778 = AXIS2_PLACEMENT_3D('',#13779,#13780,#13781);
#13779 = CARTESIAN_POINT('',(0.75,-1.5625,0.));
#13780 = DIRECTION('',(0.,0.,1.));
#13781 = DIRECTION('',(1.,-5.665538897648E-16,0.));
#13782 = ADVANCED_FACE('',(#13783),#13789,.F.);
#13783 = FACE_BOUND('',#13784,.F.);
#13784 = EDGE_LOOP('',(#13785,#13786,#13787,#13788));
#13785 = ORIENTED_EDGE('',*,*,#13158,.T.);
#13786 = ORIENTED_EDGE('',*,*,#13103,.T.);
#13787 = ORIENTED_EDGE('',*,*,#13134,.T.);
#13788 = ORIENTED_EDGE('',*,*,#13182,.T.);
#13789 = PLANE('',#13790);
#13790 = AXIS2_PLACEMENT_3D('',#13791,#13792,#13793);
#13791 = CARTESIAN_POINT('',(0.25,-1.5625,0.));
#13792 = DIRECTION('',(0.,0.,1.));
#13793 = DIRECTION('',(1.,-5.665538897648E-16,0.));
#13794 = ADVANCED_FACE('',(#13795),#13801,.F.);
#13795 = FACE_BOUND('',#13796,.F.);
#13796 = EDGE_LOOP('',(#13797,#13798,#13799,#13800));
#13797 = ORIENTED_EDGE('',*,*,#13230,.T.);
#13798 = ORIENTED_EDGE('',*,*,#13278,.T.);
#13799 = ORIENTED_EDGE('',*,*,#13254,.T.);
#13800 = ORIENTED_EDGE('',*,*,#13199,.T.);
#13801 = PLANE('',#13802);
#13802 = AXIS2_PLACEMENT_3D('',#13803,#13804,#13805);
#13803 = CARTESIAN_POINT('',(2.25,-1.5625,0.));
#13804 = DIRECTION('',(0.,0.,1.));
#13805 = DIRECTION('',(1.,-5.665538897648E-16,0.));
#13806 = ADVANCED_FACE('',(#13807),#13813,.F.);
#13807 = FACE_BOUND('',#13808,.F.);
#13808 = EDGE_LOOP('',(#13809,#13810,#13811,#13812));
#13809 = ORIENTED_EDGE('',*,*,#13295,.T.);
#13810 = ORIENTED_EDGE('',*,*,#13326,.T.);
#13811 = ORIENTED_EDGE('',*,*,#13374,.T.);
#13812 = ORIENTED_EDGE('',*,*,#13350,.T.);
#13813 = PLANE('',#13814);
#13814 = AXIS2_PLACEMENT_3D('',#13815,#13816,#13817);
#13815 = CARTESIAN_POINT('',(1.75,-1.5625,0.));
#13816 = DIRECTION('',(0.,0.,1.));
#13817 = DIRECTION('',(1.,-5.665538897648E-16,0.));
#13818 = ADVANCED_FACE('',(#13819),#13825,.F.);
#13819 = FACE_BOUND('',#13820,.F.);
#13820 = EDGE_LOOP('',(#13821,#13822,#13823,#13824));
#13821 = ORIENTED_EDGE('',*,*,#13422,.T.);
#13822 = ORIENTED_EDGE('',*,*,#13470,.T.);
#13823 = ORIENTED_EDGE('',*,*,#13446,.T.);
#13824 = ORIENTED_EDGE('',*,*,#13391,.T.);
#13825 = PLANE('',#13826);
#13826 = AXIS2_PLACEMENT_3D('',#13827,#13828,#13829);
#13827 = CARTESIAN_POINT('',(-2.25,-1.5625,0.));
#13828 = DIRECTION('',(0.,0.,1.));
#13829 = DIRECTION('',(1.,-5.665538897648E-16,0.));
#13830 = ADVANCED_FACE('',(#13831),#13850,.F.);
#13831 = FACE_BOUND('',#13832,.F.);
#13832 = EDGE_LOOP('',(#13833,#13841,#13848,#13849));
#13833 = ORIENTED_EDGE('',*,*,#13834,.T.);
#13834 = EDGE_CURVE('',#13494,#13835,#13837,.T.);
#13835 = VERTEX_POINT('',#13836);
#13836 = CARTESIAN_POINT('',(-2.15,1.275,1.005));
#13837 = LINE('',#13838,#13839);
#13838 = CARTESIAN_POINT('',(-2.15,1.275,1.045));
#13839 = VECTOR('',#13840,1.);
#13840 = DIRECTION('',(-0.,0.,-1.));
#13841 = ORIENTED_EDGE('',*,*,#13842,.T.);
#13842 = EDGE_CURVE('',#13835,#13835,#13843,.T.);
#13843 = CIRCLE('',#13844,0.175);
#13844 = AXIS2_PLACEMENT_3D('',#13845,#13846,#13847);
#13845 = CARTESIAN_POINT('',(-2.15,1.45,1.005));
#13846 = DIRECTION('',(0.,0.,1.));
#13847 = DIRECTION('',(-2.22044604925E-16,-1.,0.));
#13848 = ORIENTED_EDGE('',*,*,#13834,.F.);
#13849 = ORIENTED_EDGE('',*,*,#13493,.T.);
#13850 = CYLINDRICAL_SURFACE('',#13851,0.175);
#13851 = AXIS2_PLACEMENT_3D('',#13852,#13853,#13854);
#13852 = CARTESIAN_POINT('',(-2.15,1.45,1.045));
#13853 = DIRECTION('',(0.,0.,-1.));
#13854 = DIRECTION('',(-2.22044604925E-16,-1.,-0.));
#13855 = ADVANCED_FACE('',(#13856),#13859,.T.);
#13856 = FACE_BOUND('',#13857,.T.);
#13857 = EDGE_LOOP('',(#13858));
#13858 = ORIENTED_EDGE('',*,*,#13842,.T.);
#13859 = PLANE('',#13860);
#13860 = AXIS2_PLACEMENT_3D('',#13861,#13862,#13863);
#13861 = CARTESIAN_POINT('',(-2.15,1.45,1.005));
#13862 = DIRECTION('',(0.,0.,1.));
#13863 = DIRECTION('',(-2.22044604925E-16,-1.,0.));
#13864 = ( GEOMETRIC_REPRESENTATION_CONTEXT(3) 
GLOBAL_UNCERTAINTY_ASSIGNED_CONTEXT((#13868)) 
GLOBAL_UNIT_ASSIGNED_CONTEXT((#13865,#13866,#13867)) 
REPRESENTATION_CONTEXT('Context #1',
  '3D Context with UNIT and UNCERTAINTY') );
#13865 = ( LENGTH_UNIT() NAMED_UNIT(*) SI_UNIT(.MILLI.,.METRE.) );
#13866 = ( NAMED_UNIT(*) PLANE_ANGLE_UNIT() SI_UNIT($,.RADIAN.) );
#13867 = ( NAMED_UNIT(*) SI_UNIT($,.STERADIAN.) SOLID_ANGLE_UNIT() );
#13868 = UNCERTAINTY_MEASURE_WITH_UNIT(LENGTH_MEASURE(1.E-07),#13865,
  'distance_accuracy_value','confusion accuracy');
#13869 = CONTEXT_DEPENDENT_SHAPE_REPRESENTATION(#13870,#13872);
#13870 = ( REPRESENTATION_RELATIONSHIP('','',#9692,#10) 
REPRESENTATION_RELATIONSHIP_WITH_TRANSFORMATION(#13871) 
SHAPE_REPRESENTATION_RELATIONSHIP() );
#13871 = ITEM_DEFINED_TRANSFORMATION('','',#11,#39);
#13872 = PRODUCT_DEFINITION_SHAPE('Placement','Placement of an item',
  #13873);
#13873 = NEXT_ASSEMBLY_USAGE_OCCURRENCE('7','BMO1','',#5,#9687,$);
#13874 = PRODUCT_RELATED_PRODUCT_CATEGORY('part',$,(#9689));
#13875 = CONTEXT_DEPENDENT_SHAPE_REPRESENTATION(#13876,#13878);
#13876 = ( REPRESENTATION_RELATIONSHIP('','',#120,#10) 
REPRESENTATION_RELATIONSHIP_WITH_TRANSFORMATION(#13877) 
SHAPE_REPRESENTATION_RELATIONSHIP() );
#13877 = ITEM_DEFINED_TRANSFORMATION('','',#11,#43);
#13878 = PRODUCT_DEFINITION_SHAPE('Placement','Placement of an item',
  #13879);
#13879 = NEXT_ASSEMBLY_USAGE_OCCURRENCE('8','R13','',#5,#115,$);
#13880 = CONTEXT_DEPENDENT_SHAPE_REPRESENTATION(#13881,#13883);
#13881 = ( REPRESENTATION_RELATIONSHIP('','',#929,#10) 
REPRESENTATION_RELATIONSHIP_WITH_TRANSFORMATION(#13882) 
SHAPE_REPRESENTATION_RELATIONSHIP() );
#13882 = ITEM_DEFINED_TRANSFORMATION('','',#11,#47);
#13883 = PRODUCT_DEFINITION_SHAPE('Placement','Placement of an item',
  #13884);
#13884 = NEXT_ASSEMBLY_USAGE_OCCURRENCE('9','C28','',#5,#924,$);
#13885 = CONTEXT_DEPENDENT_SHAPE_REPRESENTATION(#13886,#13888);
#13886 = ( REPRESENTATION_RELATIONSHIP('','',#929,#10) 
REPRESENTATION_RELATIONSHIP_WITH_TRANSFORMATION(#13887) 
SHAPE_REPRESENTATION_RELATIONSHIP() );
#13887 = ITEM_DEFINED_TRANSFORMATION('','',#11,#51);
#13888 = PRODUCT_DEFINITION_SHAPE('Placement','Placement of an item',
  #13889);
#13889 = NEXT_ASSEMBLY_USAGE_OCCURRENCE('10','C2','',#5,#924,$);
#13890 = CONTEXT_DEPENDENT_SHAPE_REPRESENTATION(#13891,#13893);
#13891 = ( REPRESENTATION_RELATIONSHIP('','',#120,#10) 
REPRESENTATION_RELATIONSHIP_WITH_TRANSFORMATION(#13892) 
SHAPE_REPRESENTATION_RELATIONSHIP() );
#13892 = ITEM_DEFINED_TRANSFORMATION('','',#11,#55);
#13893 = PRODUCT_DEFINITION_SHAPE('Placement','Placement of an item',
  #13894);
#13894 = NEXT_ASSEMBLY_USAGE_OCCURRENCE('11','R3','',#5,#115,$);
#13895 = CONTEXT_DEPENDENT_SHAPE_REPRESENTATION(#13896,#13898);
#13896 = ( REPRESENTATION_RELATIONSHIP('','',#929,#10) 
REPRESENTATION_RELATIONSHIP_WITH_TRANSFORMATION(#13897) 
SHAPE_REPRESENTATION_RELATIONSHIP() );
#13897 = ITEM_DEFINED_TRANSFORMATION('','',#11,#59);
#13898 = PRODUCT_DEFINITION_SHAPE('Placement','Placement of an item',
  #13899);
#13899 = NEXT_ASSEMBLY_USAGE_OCCURRENCE('12','C21','',#5,#924,$);
#13900 = CONTEXT_DEPENDENT_SHAPE_REPRESENTATION(#13901,#13903);
#13901 = ( REPRESENTATION_RELATIONSHIP('','',#929,#10) 
REPRESENTATION_RELATIONSHIP_WITH_TRANSFORMATION(#13902) 
SHAPE_REPRESENTATION_RELATIONSHIP() );
#13902 = ITEM_DEFINED_TRANSFORMATION('','',#11,#63);
#13903 = PRODUCT_DEFINITION_SHAPE('Placement','Placement of an item',
  #13904);
#13904 = NEXT_ASSEMBLY_USAGE_OCCURRENCE('13','C25','',#5,#924,$);
#13905 = SHAPE_DEFINITION_REPRESENTATION(#13906,#13912);
#13906 = PRODUCT_DEFINITION_SHAPE('','',#13907);
#13907 = PRODUCT_DEFINITION('design','',#13908,#13911);
#13908 = PRODUCT_DEFINITION_FORMATION('','',#13909);
#13909 = PRODUCT('R_1206_3216Metric','R_1206_3216Metric','',(#13910));
#13910 = PRODUCT_CONTEXT('',#2,'mechanical');
#13911 = PRODUCT_DEFINITION_CONTEXT('part definition',#2,'design');
#13912 = ADVANCED_BREP_SHAPE_REPRESENTATION('',(#11,#13913),#14703);
#13913 = MANIFOLD_SOLID_BREP('',#13914);
#13914 = CLOSED_SHELL('',(#13915,#13955,#14038,#14063,#14088,#14155,
    #14172,#14189,#14238,#14255,#14272,#14321,#14338,#14407,#14438,
    #14462,#14531,#14555,#14572,#14589,#14606,#14623,#14640,#14657,
    #14674,#14691));
#13915 = ADVANCED_FACE('',(#13916),#13950,.F.);
#13916 = FACE_BOUND('',#13917,.F.);
#13917 = EDGE_LOOP('',(#13918,#13928,#13936,#13944));
#13918 = ORIENTED_EDGE('',*,*,#13919,.F.);
#13919 = EDGE_CURVE('',#13920,#13922,#13924,.T.);
#13920 = VERTEX_POINT('',#13921);
#13921 = CARTESIAN_POINT('',(-1.6,-0.8,5.5E-02));
#13922 = VERTEX_POINT('',#13923);
#13923 = CARTESIAN_POINT('',(-1.6,-0.8,0.495));
#13924 = LINE('',#13925,#13926);
#13925 = CARTESIAN_POINT('',(-1.6,-0.8,0.));
#13926 = VECTOR('',#13927,1.);
#13927 = DIRECTION('',(0.,0.,1.));
#13928 = ORIENTED_EDGE('',*,*,#13929,.T.);
#13929 = EDGE_CURVE('',#13920,#13930,#13932,.T.);
#13930 = VERTEX_POINT('',#13931);
#13931 = CARTESIAN_POINT('',(-1.6,0.8,5.5E-02));
#13932 = LINE('',#13933,#13934);
#13933 = CARTESIAN_POINT('',(-1.6,-0.8,5.5E-02));
#13934 = VECTOR('',#13935,1.);
#13935 = DIRECTION('',(0.,1.,0.));
#13936 = ORIENTED_EDGE('',*,*,#13937,.T.);
#13937 = EDGE_CURVE('',#13930,#13938,#13940,.T.);
#13938 = VERTEX_POINT('',#13939);
#13939 = CARTESIAN_POINT('',(-1.6,0.8,0.495));
#13940 = LINE('',#13941,#13942);
#13941 = CARTESIAN_POINT('',(-1.6,0.8,0.));
#13942 = VECTOR('',#13943,1.);
#13943 = DIRECTION('',(0.,0.,1.));
#13944 = ORIENTED_EDGE('',*,*,#13945,.F.);
#13945 = EDGE_CURVE('',#13922,#13938,#13946,.T.);
#13946 = LINE('',#13947,#13948);
#13947 = CARTESIAN_POINT('',(-1.6,-0.8,0.495));
#13948 = VECTOR('',#13949,1.);
#13949 = DIRECTION('',(0.,1.,0.));
#13950 = PLANE('',#13951);
#13951 = AXIS2_PLACEMENT_3D('',#13952,#13953,#13954);
#13952 = CARTESIAN_POINT('',(-1.6,-0.8,0.));
#13953 = DIRECTION('',(1.,0.,0.));
#13954 = DIRECTION('',(0.,0.,1.));
#13955 = ADVANCED_FACE('',(#13956),#14033,.F.);
#13956 = FACE_BOUND('',#13957,.F.);
#13957 = EDGE_LOOP('',(#13958,#13968,#13975,#13976,#13985,#13993,#14002,
    #14010,#14018,#14026));
#13958 = ORIENTED_EDGE('',*,*,#13959,.F.);
#13959 = EDGE_CURVE('',#13960,#13962,#13964,.T.);
#13960 = VERTEX_POINT('',#13961);
#13961 = CARTESIAN_POINT('',(-1.545,-0.8,0.));
#13962 = VERTEX_POINT('',#13963);
#13963 = CARTESIAN_POINT('',(-1.255,-0.8,0.));
#13964 = LINE('',#13965,#13966);
#13965 = CARTESIAN_POINT('',(-1.6,-0.8,0.));
#13966 = VECTOR('',#13967,1.);
#13967 = DIRECTION('',(1.,0.,0.));
#13968 = ORIENTED_EDGE('',*,*,#13969,.F.);
#13969 = EDGE_CURVE('',#13920,#13960,#13970,.T.);
#13970 = CIRCLE('',#13971,5.5E-02);
#13971 = AXIS2_PLACEMENT_3D('',#13972,#13973,#13974);
#13972 = CARTESIAN_POINT('',(-1.545,-0.8,5.5E-02));
#13973 = DIRECTION('',(0.,-1.,0.));
#13974 = DIRECTION('',(0.,0.,1.));
#13975 = ORIENTED_EDGE('',*,*,#13919,.T.);
#13976 = ORIENTED_EDGE('',*,*,#13977,.T.);
#13977 = EDGE_CURVE('',#13922,#13978,#13980,.T.);
#13978 = VERTEX_POINT('',#13979);
#13979 = CARTESIAN_POINT('',(-1.545,-0.8,0.55));
#13980 = CIRCLE('',#13981,5.5E-02);
#13981 = AXIS2_PLACEMENT_3D('',#13982,#13983,#13984);
#13982 = CARTESIAN_POINT('',(-1.545,-0.8,0.495));
#13983 = DIRECTION('',(0.,1.,0.));
#13984 = DIRECTION('',(0.,-0.,1.));
#13985 = ORIENTED_EDGE('',*,*,#13986,.T.);
#13986 = EDGE_CURVE('',#13978,#13987,#13989,.T.);
#13987 = VERTEX_POINT('',#13988);
#13988 = CARTESIAN_POINT('',(-1.255,-0.8,0.55));
#13989 = LINE('',#13990,#13991);
#13990 = CARTESIAN_POINT('',(-1.6,-0.8,0.55));
#13991 = VECTOR('',#13992,1.);
#13992 = DIRECTION('',(1.,0.,0.));
#13993 = ORIENTED_EDGE('',*,*,#13994,.F.);
#13994 = EDGE_CURVE('',#13995,#13987,#13997,.T.);
#13995 = VERTEX_POINT('',#13996);
#13996 = CARTESIAN_POINT('',(-1.2,-0.8,0.495));
#13997 = CIRCLE('',#13998,5.5E-02);
#13998 = AXIS2_PLACEMENT_3D('',#13999,#14000,#14001);
#13999 = CARTESIAN_POINT('',(-1.255,-0.8,0.495));
#14000 = DIRECTION('',(0.,-1.,0.));
#14001 = DIRECTION('',(0.,0.,1.));
#14002 = ORIENTED_EDGE('',*,*,#14003,.F.);
#14003 = EDGE_CURVE('',#14004,#13995,#14006,.T.);
#14004 = VERTEX_POINT('',#14005);
#14005 = CARTESIAN_POINT('',(-1.545,-0.8,0.495));
#14006 = LINE('',#14007,#14008);
#14007 = CARTESIAN_POINT('',(-1.545,-0.8,0.495));
#14008 = VECTOR('',#14009,1.);
#14009 = DIRECTION('',(1.,0.,0.));
#14010 = ORIENTED_EDGE('',*,*,#14011,.F.);
#14011 = EDGE_CURVE('',#14012,#14004,#14014,.T.);
#14012 = VERTEX_POINT('',#14013);
#14013 = CARTESIAN_POINT('',(-1.545,-0.8,5.5E-02));
#14014 = LINE('',#14015,#14016);
#14015 = CARTESIAN_POINT('',(-1.545,-0.8,5.5E-02));
#14016 = VECTOR('',#14017,1.);
#14017 = DIRECTION('',(0.,0.,1.));
#14018 = ORIENTED_EDGE('',*,*,#14019,.T.);
#14019 = EDGE_CURVE('',#14012,#14020,#14022,.T.);
#14020 = VERTEX_POINT('',#14021);
#14021 = CARTESIAN_POINT('',(-1.2,-0.8,5.5E-02));
#14022 = LINE('',#14023,#14024);
#14023 = CARTESIAN_POINT('',(-1.545,-0.8,5.5E-02));
#14024 = VECTOR('',#14025,1.);
#14025 = DIRECTION('',(1.,0.,0.));
#14026 = ORIENTED_EDGE('',*,*,#14027,.T.);
#14027 = EDGE_CURVE('',#14020,#13962,#14028,.T.);
#14028 = CIRCLE('',#14029,5.5E-02);
#14029 = AXIS2_PLACEMENT_3D('',#14030,#14031,#14032);
#14030 = CARTESIAN_POINT('',(-1.255,-0.8,5.5E-02));
#14031 = DIRECTION('',(0.,1.,0.));
#14032 = DIRECTION('',(0.,-0.,1.));
#14033 = PLANE('',#14034);
#14034 = AXIS2_PLACEMENT_3D('',#14035,#14036,#14037);
#14035 = CARTESIAN_POINT('',(-1.6,-0.8,0.));
#14036 = DIRECTION('',(0.,1.,0.));
#14037 = DIRECTION('',(0.,-0.,1.));
#14038 = ADVANCED_FACE('',(#14039),#14058,.T.);
#14039 = FACE_BOUND('',#14040,.T.);
#14040 = EDGE_LOOP('',(#14041,#14042,#14051,#14057));
#14041 = ORIENTED_EDGE('',*,*,#13929,.T.);
#14042 = ORIENTED_EDGE('',*,*,#14043,.T.);
#14043 = EDGE_CURVE('',#13930,#14044,#14046,.T.);
#14044 = VERTEX_POINT('',#14045);
#14045 = CARTESIAN_POINT('',(-1.545,0.8,0.));
#14046 = CIRCLE('',#14047,5.5E-02);
#14047 = AXIS2_PLACEMENT_3D('',#14048,#14049,#14050);
#14048 = CARTESIAN_POINT('',(-1.545,0.8,5.5E-02));
#14049 = DIRECTION('',(0.,-1.,0.));
#14050 = DIRECTION('',(0.,0.,1.));
#14051 = ORIENTED_EDGE('',*,*,#14052,.F.);
#14052 = EDGE_CURVE('',#13960,#14044,#14053,.T.);
#14053 = LINE('',#14054,#14055);
#14054 = CARTESIAN_POINT('',(-1.545,-0.8,0.));
#14055 = VECTOR('',#14056,1.);
#14056 = DIRECTION('',(0.,1.,0.));
#14057 = ORIENTED_EDGE('',*,*,#13969,.F.);
#14058 = CYLINDRICAL_SURFACE('',#14059,5.5E-02);
#14059 = AXIS2_PLACEMENT_3D('',#14060,#14061,#14062);
#14060 = CARTESIAN_POINT('',(-1.545,-0.8,5.5E-02));
#14061 = DIRECTION('',(0.,1.,0.));
#14062 = DIRECTION('',(-1.,0.,0.));
#14063 = ADVANCED_FACE('',(#14064),#14083,.T.);
#14064 = FACE_BOUND('',#14065,.T.);
#14065 = EDGE_LOOP('',(#14066,#14067,#14075,#14082));
#14066 = ORIENTED_EDGE('',*,*,#13977,.T.);
#14067 = ORIENTED_EDGE('',*,*,#14068,.T.);
#14068 = EDGE_CURVE('',#13978,#14069,#14071,.T.);
#14069 = VERTEX_POINT('',#14070);
#14070 = CARTESIAN_POINT('',(-1.545,0.8,0.55));
#14071 = LINE('',#14072,#14073);
#14072 = CARTESIAN_POINT('',(-1.545,-0.8,0.55));
#14073 = VECTOR('',#14074,1.);
#14074 = DIRECTION('',(0.,1.,0.));
#14075 = ORIENTED_EDGE('',*,*,#14076,.F.);
#14076 = EDGE_CURVE('',#13938,#14069,#14077,.T.);
#14077 = CIRCLE('',#14078,5.5E-02);
#14078 = AXIS2_PLACEMENT_3D('',#14079,#14080,#14081);
#14079 = CARTESIAN_POINT('',(-1.545,0.8,0.495));
#14080 = DIRECTION('',(0.,1.,0.));
#14081 = DIRECTION('',(0.,-0.,1.));
#14082 = ORIENTED_EDGE('',*,*,#13945,.F.);
#14083 = CYLINDRICAL_SURFACE('',#14084,5.5E-02);
#14084 = AXIS2_PLACEMENT_3D('',#14085,#14086,#14087);
#14085 = CARTESIAN_POINT('',(-1.545,-0.8,0.495));
#14086 = DIRECTION('',(0.,1.,0.));
#14087 = DIRECTION('',(-1.,0.,0.));
#14088 = ADVANCED_FACE('',(#14089),#14150,.T.);
#14089 = FACE_BOUND('',#14090,.T.);
#14090 = EDGE_LOOP('',(#14091,#14099,#14100,#14101,#14102,#14110,#14119,
    #14127,#14135,#14143));
#14091 = ORIENTED_EDGE('',*,*,#14092,.F.);
#14092 = EDGE_CURVE('',#14044,#14093,#14095,.T.);
#14093 = VERTEX_POINT('',#14094);
#14094 = CARTESIAN_POINT('',(-1.255,0.8,0.));
#14095 = LINE('',#14096,#14097);
#14096 = CARTESIAN_POINT('',(-1.6,0.8,0.));
#14097 = VECTOR('',#14098,1.);
#14098 = DIRECTION('',(1.,0.,0.));
#14099 = ORIENTED_EDGE('',*,*,#14043,.F.);
#14100 = ORIENTED_EDGE('',*,*,#13937,.T.);
#14101 = ORIENTED_EDGE('',*,*,#14076,.T.);
#14102 = ORIENTED_EDGE('',*,*,#14103,.T.);
#14103 = EDGE_CURVE('',#14069,#14104,#14106,.T.);
#14104 = VERTEX_POINT('',#14105);
#14105 = CARTESIAN_POINT('',(-1.255,0.8,0.55));
#14106 = LINE('',#14107,#14108);
#14107 = CARTESIAN_POINT('',(-1.6,0.8,0.55));
#14108 = VECTOR('',#14109,1.);
#14109 = DIRECTION('',(1.,0.,0.));
#14110 = ORIENTED_EDGE('',*,*,#14111,.F.);
#14111 = EDGE_CURVE('',#14112,#14104,#14114,.T.);
#14112 = VERTEX_POINT('',#14113);
#14113 = CARTESIAN_POINT('',(-1.2,0.8,0.495));
#14114 = CIRCLE('',#14115,5.5E-02);
#14115 = AXIS2_PLACEMENT_3D('',#14116,#14117,#14118);
#14116 = CARTESIAN_POINT('',(-1.255,0.8,0.495));
#14117 = DIRECTION('',(0.,-1.,0.));
#14118 = DIRECTION('',(0.,0.,1.));
#14119 = ORIENTED_EDGE('',*,*,#14120,.F.);
#14120 = EDGE_CURVE('',#14121,#14112,#14123,.T.);
#14121 = VERTEX_POINT('',#14122);
#14122 = CARTESIAN_POINT('',(-1.545,0.8,0.495));
#14123 = LINE('',#14124,#14125);
#14124 = CARTESIAN_POINT('',(-1.545,0.8,0.495));
#14125 = VECTOR('',#14126,1.);
#14126 = DIRECTION('',(1.,0.,0.));
#14127 = ORIENTED_EDGE('',*,*,#14128,.F.);
#14128 = EDGE_CURVE('',#14129,#14121,#14131,.T.);
#14129 = VERTEX_POINT('',#14130);
#14130 = CARTESIAN_POINT('',(-1.545,0.8,5.5E-02));
#14131 = LINE('',#14132,#14133);
#14132 = CARTESIAN_POINT('',(-1.545,0.8,5.5E-02));
#14133 = VECTOR('',#14134,1.);
#14134 = DIRECTION('',(0.,0.,1.));
#14135 = ORIENTED_EDGE('',*,*,#14136,.T.);
#14136 = EDGE_CURVE('',#14129,#14137,#14139,.T.);
#14137 = VERTEX_POINT('',#14138);
#14138 = CARTESIAN_POINT('',(-1.2,0.8,5.5E-02));
#14139 = LINE('',#14140,#14141);
#14140 = CARTESIAN_POINT('',(-1.545,0.8,5.5E-02));
#14141 = VECTOR('',#14142,1.);
#14142 = DIRECTION('',(1.,0.,0.));
#14143 = ORIENTED_EDGE('',*,*,#14144,.T.);
#14144 = EDGE_CURVE('',#14137,#14093,#14145,.T.);
#14145 = CIRCLE('',#14146,5.5E-02);
#14146 = AXIS2_PLACEMENT_3D('',#14147,#14148,#14149);
#14147 = CARTESIAN_POINT('',(-1.255,0.8,5.5E-02));
#14148 = DIRECTION('',(0.,1.,0.));
#14149 = DIRECTION('',(0.,-0.,1.));
#14150 = PLANE('',#14151);
#14151 = AXIS2_PLACEMENT_3D('',#14152,#14153,#14154);
#14152 = CARTESIAN_POINT('',(-1.6,0.8,0.));
#14153 = DIRECTION('',(0.,1.,0.));
#14154 = DIRECTION('',(0.,-0.,1.));
#14155 = ADVANCED_FACE('',(#14156),#14167,.F.);
#14156 = FACE_BOUND('',#14157,.F.);
#14157 = EDGE_LOOP('',(#14158,#14159,#14160,#14161));
#14158 = ORIENTED_EDGE('',*,*,#14092,.F.);
#14159 = ORIENTED_EDGE('',*,*,#14052,.F.);
#14160 = ORIENTED_EDGE('',*,*,#13959,.T.);
#14161 = ORIENTED_EDGE('',*,*,#14162,.T.);
#14162 = EDGE_CURVE('',#13962,#14093,#14163,.T.);
#14163 = LINE('',#14164,#14165);
#14164 = CARTESIAN_POINT('',(-1.255,-0.8,0.));
#14165 = VECTOR('',#14166,1.);
#14166 = DIRECTION('',(0.,1.,0.));
#14167 = PLANE('',#14168);
#14168 = AXIS2_PLACEMENT_3D('',#14169,#14170,#14171);
#14169 = CARTESIAN_POINT('',(-1.6,-0.8,0.));
#14170 = DIRECTION('',(0.,0.,1.));
#14171 = DIRECTION('',(1.,0.,-0.));
#14172 = ADVANCED_FACE('',(#14173),#14184,.T.);
#14173 = FACE_BOUND('',#14174,.T.);
#14174 = EDGE_LOOP('',(#14175,#14176,#14177,#14178));
#14175 = ORIENTED_EDGE('',*,*,#14027,.T.);
#14176 = ORIENTED_EDGE('',*,*,#14162,.T.);
#14177 = ORIENTED_EDGE('',*,*,#14144,.F.);
#14178 = ORIENTED_EDGE('',*,*,#14179,.F.);
#14179 = EDGE_CURVE('',#14020,#14137,#14180,.T.);
#14180 = LINE('',#14181,#14182);
#14181 = CARTESIAN_POINT('',(-1.2,-0.8,5.5E-02));
#14182 = VECTOR('',#14183,1.);
#14183 = DIRECTION('',(0.,1.,0.));
#14184 = CYLINDRICAL_SURFACE('',#14185,5.5E-02);
#14185 = AXIS2_PLACEMENT_3D('',#14186,#14187,#14188);
#14186 = CARTESIAN_POINT('',(-1.255,-0.8,5.5E-02));
#14187 = DIRECTION('',(0.,1.,0.));
#14188 = DIRECTION('',(1.,0.,0.));
#14189 = ADVANCED_FACE('',(#14190),#14233,.F.);
#14190 = FACE_BOUND('',#14191,.F.);
#14191 = EDGE_LOOP('',(#14192,#14193,#14194,#14195,#14203,#14211,#14219,
    #14227));
#14192 = ORIENTED_EDGE('',*,*,#14019,.F.);
#14193 = ORIENTED_EDGE('',*,*,#14011,.T.);
#14194 = ORIENTED_EDGE('',*,*,#14003,.T.);
#14195 = ORIENTED_EDGE('',*,*,#14196,.T.);
#14196 = EDGE_CURVE('',#13995,#14197,#14199,.T.);
#14197 = VERTEX_POINT('',#14198);
#14198 = CARTESIAN_POINT('',(1.2,-0.8,0.495));
#14199 = LINE('',#14200,#14201);
#14200 = CARTESIAN_POINT('',(-1.2,-0.8,0.495));
#14201 = VECTOR('',#14202,1.);
#14202 = DIRECTION('',(1.,0.,0.));
#14203 = ORIENTED_EDGE('',*,*,#14204,.T.);
#14204 = EDGE_CURVE('',#14197,#14205,#14207,.T.);
#14205 = VERTEX_POINT('',#14206);
#14206 = CARTESIAN_POINT('',(1.545,-0.8,0.495));
#14207 = LINE('',#14208,#14209);
#14208 = CARTESIAN_POINT('',(-1.545,-0.8,0.495));
#14209 = VECTOR('',#14210,1.);
#14210 = DIRECTION('',(1.,0.,0.));
#14211 = ORIENTED_EDGE('',*,*,#14212,.F.);
#14212 = EDGE_CURVE('',#14213,#14205,#14215,.T.);
#14213 = VERTEX_POINT('',#14214);
#14214 = CARTESIAN_POINT('',(1.545,-0.8,5.5E-02));
#14215 = LINE('',#14216,#14217);
#14216 = CARTESIAN_POINT('',(1.545,-0.8,5.5E-02));
#14217 = VECTOR('',#14218,1.);
#14218 = DIRECTION('',(0.,0.,1.));
#14219 = ORIENTED_EDGE('',*,*,#14220,.F.);
#14220 = EDGE_CURVE('',#14221,#14213,#14223,.T.);
#14221 = VERTEX_POINT('',#14222);
#14222 = CARTESIAN_POINT('',(1.2,-0.8,5.5E-02));
#14223 = LINE('',#14224,#14225);
#14224 = CARTESIAN_POINT('',(-1.545,-0.8,5.5E-02));
#14225 = VECTOR('',#14226,1.);
#14226 = DIRECTION('',(1.,0.,0.));
#14227 = ORIENTED_EDGE('',*,*,#14228,.F.);
#14228 = EDGE_CURVE('',#14020,#14221,#14229,.T.);
#14229 = LINE('',#14230,#14231);
#14230 = CARTESIAN_POINT('',(-1.545,-0.8,5.5E-02));
#14231 = VECTOR('',#14232,1.);
#14232 = DIRECTION('',(1.,0.,0.));
#14233 = PLANE('',#14234);
#14234 = AXIS2_PLACEMENT_3D('',#14235,#14236,#14237);
#14235 = CARTESIAN_POINT('',(-1.545,-0.8,5.5E-02));
#14236 = DIRECTION('',(0.,1.,0.));
#14237 = DIRECTION('',(0.,-0.,1.));
#14238 = ADVANCED_FACE('',(#14239),#14250,.T.);
#14239 = FACE_BOUND('',#14240,.T.);
#14240 = EDGE_LOOP('',(#14241,#14242,#14243,#14244));
#14241 = ORIENTED_EDGE('',*,*,#14103,.F.);
#14242 = ORIENTED_EDGE('',*,*,#14068,.F.);
#14243 = ORIENTED_EDGE('',*,*,#13986,.T.);
#14244 = ORIENTED_EDGE('',*,*,#14245,.T.);
#14245 = EDGE_CURVE('',#13987,#14104,#14246,.T.);
#14246 = LINE('',#14247,#14248);
#14247 = CARTESIAN_POINT('',(-1.255,-0.8,0.55));
#14248 = VECTOR('',#14249,1.);
#14249 = DIRECTION('',(0.,1.,0.));
#14250 = PLANE('',#14251);
#14251 = AXIS2_PLACEMENT_3D('',#14252,#14253,#14254);
#14252 = CARTESIAN_POINT('',(-1.6,-0.8,0.55));
#14253 = DIRECTION('',(0.,0.,1.));
#14254 = DIRECTION('',(1.,0.,-0.));
#14255 = ADVANCED_FACE('',(#14256),#14267,.T.);
#14256 = FACE_BOUND('',#14257,.T.);
#14257 = EDGE_LOOP('',(#14258,#14264,#14265,#14266));
#14258 = ORIENTED_EDGE('',*,*,#14259,.T.);
#14259 = EDGE_CURVE('',#13995,#14112,#14260,.T.);
#14260 = LINE('',#14261,#14262);
#14261 = CARTESIAN_POINT('',(-1.2,-0.8,0.495));
#14262 = VECTOR('',#14263,1.);
#14263 = DIRECTION('',(0.,1.,0.));
#14264 = ORIENTED_EDGE('',*,*,#14111,.T.);
#14265 = ORIENTED_EDGE('',*,*,#14245,.F.);
#14266 = ORIENTED_EDGE('',*,*,#13994,.F.);
#14267 = CYLINDRICAL_SURFACE('',#14268,5.5E-02);
#14268 = AXIS2_PLACEMENT_3D('',#14269,#14270,#14271);
#14269 = CARTESIAN_POINT('',(-1.255,-0.8,0.495));
#14270 = DIRECTION('',(0.,1.,0.));
#14271 = DIRECTION('',(1.,0.,0.));
#14272 = ADVANCED_FACE('',(#14273),#14316,.T.);
#14273 = FACE_BOUND('',#14274,.T.);
#14274 = EDGE_LOOP('',(#14275,#14276,#14277,#14278,#14286,#14294,#14302,
    #14310));
#14275 = ORIENTED_EDGE('',*,*,#14136,.F.);
#14276 = ORIENTED_EDGE('',*,*,#14128,.T.);
#14277 = ORIENTED_EDGE('',*,*,#14120,.T.);
#14278 = ORIENTED_EDGE('',*,*,#14279,.T.);
#14279 = EDGE_CURVE('',#14112,#14280,#14282,.T.);
#14280 = VERTEX_POINT('',#14281);
#14281 = CARTESIAN_POINT('',(1.2,0.8,0.495));
#14282 = LINE('',#14283,#14284);
#14283 = CARTESIAN_POINT('',(-1.2,0.8,0.495));
#14284 = VECTOR('',#14285,1.);
#14285 = DIRECTION('',(1.,0.,0.));
#14286 = ORIENTED_EDGE('',*,*,#14287,.T.);
#14287 = EDGE_CURVE('',#14280,#14288,#14290,.T.);
#14288 = VERTEX_POINT('',#14289);
#14289 = CARTESIAN_POINT('',(1.545,0.8,0.495));
#14290 = LINE('',#14291,#14292);
#14291 = CARTESIAN_POINT('',(-1.545,0.8,0.495));
#14292 = VECTOR('',#14293,1.);
#14293 = DIRECTION('',(1.,0.,0.));
#14294 = ORIENTED_EDGE('',*,*,#14295,.F.);
#14295 = EDGE_CURVE('',#14296,#14288,#14298,.T.);
#14296 = VERTEX_POINT('',#14297);
#14297 = CARTESIAN_POINT('',(1.545,0.8,5.5E-02));
#14298 = LINE('',#14299,#14300);
#14299 = CARTESIAN_POINT('',(1.545,0.8,5.5E-02));
#14300 = VECTOR('',#14301,1.);
#14301 = DIRECTION('',(0.,0.,1.));
#14302 = ORIENTED_EDGE('',*,*,#14303,.F.);
#14303 = EDGE_CURVE('',#14304,#14296,#14306,.T.);
#14304 = VERTEX_POINT('',#14305);
#14305 = CARTESIAN_POINT('',(1.2,0.8,5.5E-02));
#14306 = LINE('',#14307,#14308);
#14307 = CARTESIAN_POINT('',(-1.545,0.8,5.5E-02));
#14308 = VECTOR('',#14309,1.);
#14309 = DIRECTION('',(1.,0.,0.));
#14310 = ORIENTED_EDGE('',*,*,#14311,.F.);
#14311 = EDGE_CURVE('',#14137,#14304,#14312,.T.);
#14312 = LINE('',#14313,#14314);
#14313 = CARTESIAN_POINT('',(-1.545,0.8,5.5E-02));
#14314 = VECTOR('',#14315,1.);
#14315 = DIRECTION('',(1.,0.,0.));
#14316 = PLANE('',#14317);
#14317 = AXIS2_PLACEMENT_3D('',#14318,#14319,#14320);
#14318 = CARTESIAN_POINT('',(-1.545,0.8,5.5E-02));
#14319 = DIRECTION('',(0.,1.,0.));
#14320 = DIRECTION('',(0.,-0.,1.));
#14321 = ADVANCED_FACE('',(#14322),#14333,.F.);
#14322 = FACE_BOUND('',#14323,.F.);
#14323 = EDGE_LOOP('',(#14324,#14325,#14326,#14332));
#14324 = ORIENTED_EDGE('',*,*,#14179,.F.);
#14325 = ORIENTED_EDGE('',*,*,#14228,.T.);
#14326 = ORIENTED_EDGE('',*,*,#14327,.T.);
#14327 = EDGE_CURVE('',#14221,#14304,#14328,.T.);
#14328 = LINE('',#14329,#14330);
#14329 = CARTESIAN_POINT('',(1.2,-0.8,5.5E-02));
#14330 = VECTOR('',#14331,1.);
#14331 = DIRECTION('',(0.,1.,0.));
#14332 = ORIENTED_EDGE('',*,*,#14311,.F.);
#14333 = PLANE('',#14334);
#14334 = AXIS2_PLACEMENT_3D('',#14335,#14336,#14337);
#14335 = CARTESIAN_POINT('',(-1.545,-0.8,5.5E-02));
#14336 = DIRECTION('',(0.,0.,1.));
#14337 = DIRECTION('',(1.,0.,-0.));
#14338 = ADVANCED_FACE('',(#14339),#14402,.F.);
#14339 = FACE_BOUND('',#14340,.F.);
#14340 = EDGE_LOOP('',(#14341,#14351,#14358,#14359,#14360,#14361,#14370,
    #14378,#14387,#14395));
#14341 = ORIENTED_EDGE('',*,*,#14342,.F.);
#14342 = EDGE_CURVE('',#14343,#14345,#14347,.T.);
#14343 = VERTEX_POINT('',#14344);
#14344 = CARTESIAN_POINT('',(1.255,-0.8,0.));
#14345 = VERTEX_POINT('',#14346);
#14346 = CARTESIAN_POINT('',(1.545,-0.8,0.));
#14347 = LINE('',#14348,#14349);
#14348 = CARTESIAN_POINT('',(1.2,-0.8,0.));
#14349 = VECTOR('',#14350,1.);
#14350 = DIRECTION('',(1.,0.,0.));
#14351 = ORIENTED_EDGE('',*,*,#14352,.F.);
#14352 = EDGE_CURVE('',#14221,#14343,#14353,.T.);
#14353 = CIRCLE('',#14354,5.5E-02);
#14354 = AXIS2_PLACEMENT_3D('',#14355,#14356,#14357);
#14355 = CARTESIAN_POINT('',(1.255,-0.8,5.5E-02));
#14356 = DIRECTION('',(0.,-1.,0.));
#14357 = DIRECTION('',(0.,0.,1.));
#14358 = ORIENTED_EDGE('',*,*,#14220,.T.);
#14359 = ORIENTED_EDGE('',*,*,#14212,.T.);
#14360 = ORIENTED_EDGE('',*,*,#14204,.F.);
#14361 = ORIENTED_EDGE('',*,*,#14362,.T.);
#14362 = EDGE_CURVE('',#14197,#14363,#14365,.T.);
#14363 = VERTEX_POINT('',#14364);
#14364 = CARTESIAN_POINT('',(1.255,-0.8,0.55));
#14365 = CIRCLE('',#14366,5.5E-02);
#14366 = AXIS2_PLACEMENT_3D('',#14367,#14368,#14369);
#14367 = CARTESIAN_POINT('',(1.255,-0.8,0.495));
#14368 = DIRECTION('',(0.,1.,0.));
#14369 = DIRECTION('',(0.,-0.,1.));
#14370 = ORIENTED_EDGE('',*,*,#14371,.T.);
#14371 = EDGE_CURVE('',#14363,#14372,#14374,.T.);
#14372 = VERTEX_POINT('',#14373);
#14373 = CARTESIAN_POINT('',(1.545,-0.8,0.55));
#14374 = LINE('',#14375,#14376);
#14375 = CARTESIAN_POINT('',(1.2,-0.8,0.55));
#14376 = VECTOR('',#14377,1.);
#14377 = DIRECTION('',(1.,0.,0.));
#14378 = ORIENTED_EDGE('',*,*,#14379,.F.);
#14379 = EDGE_CURVE('',#14380,#14372,#14382,.T.);
#14380 = VERTEX_POINT('',#14381);
#14381 = CARTESIAN_POINT('',(1.6,-0.8,0.495));
#14382 = CIRCLE('',#14383,5.5E-02);
#14383 = AXIS2_PLACEMENT_3D('',#14384,#14385,#14386);
#14384 = CARTESIAN_POINT('',(1.545,-0.8,0.495));
#14385 = DIRECTION('',(0.,-1.,0.));
#14386 = DIRECTION('',(0.,0.,1.));
#14387 = ORIENTED_EDGE('',*,*,#14388,.F.);
#14388 = EDGE_CURVE('',#14389,#14380,#14391,.T.);
#14389 = VERTEX_POINT('',#14390);
#14390 = CARTESIAN_POINT('',(1.6,-0.8,5.5E-02));
#14391 = LINE('',#14392,#14393);
#14392 = CARTESIAN_POINT('',(1.6,-0.8,0.));
#14393 = VECTOR('',#14394,1.);
#14394 = DIRECTION('',(0.,0.,1.));
#14395 = ORIENTED_EDGE('',*,*,#14396,.T.);
#14396 = EDGE_CURVE('',#14389,#14345,#14397,.T.);
#14397 = CIRCLE('',#14398,5.5E-02);
#14398 = AXIS2_PLACEMENT_3D('',#14399,#14400,#14401);
#14399 = CARTESIAN_POINT('',(1.545,-0.8,5.5E-02));
#14400 = DIRECTION('',(0.,1.,0.));
#14401 = DIRECTION('',(0.,-0.,1.));
#14402 = PLANE('',#14403);
#14403 = AXIS2_PLACEMENT_3D('',#14404,#14405,#14406);
#14404 = CARTESIAN_POINT('',(1.2,-0.8,0.));
#14405 = DIRECTION('',(0.,1.,0.));
#14406 = DIRECTION('',(0.,-0.,1.));
#14407 = ADVANCED_FACE('',(#14408),#14433,.F.);
#14408 = FACE_BOUND('',#14409,.F.);
#14409 = EDGE_LOOP('',(#14410,#14411,#14419,#14427));
#14410 = ORIENTED_EDGE('',*,*,#14196,.F.);
#14411 = ORIENTED_EDGE('',*,*,#14412,.T.);
#14412 = EDGE_CURVE('',#13995,#14413,#14415,.T.);
#14413 = VERTEX_POINT('',#14414);
#14414 = CARTESIAN_POINT('',(-1.2,-0.8,0.55));
#14415 = LINE('',#14416,#14417);
#14416 = CARTESIAN_POINT('',(-1.2,-0.8,0.495));
#14417 = VECTOR('',#14418,1.);
#14418 = DIRECTION('',(0.,0.,1.));
#14419 = ORIENTED_EDGE('',*,*,#14420,.T.);
#14420 = EDGE_CURVE('',#14413,#14421,#14423,.T.);
#14421 = VERTEX_POINT('',#14422);
#14422 = CARTESIAN_POINT('',(1.2,-0.8,0.55));
#14423 = LINE('',#14424,#14425);
#14424 = CARTESIAN_POINT('',(-1.2,-0.8,0.55));
#14425 = VECTOR('',#14426,1.);
#14426 = DIRECTION('',(1.,0.,0.));
#14427 = ORIENTED_EDGE('',*,*,#14428,.F.);
#14428 = EDGE_CURVE('',#14197,#14421,#14429,.T.);
#14429 = LINE('',#14430,#14431);
#14430 = CARTESIAN_POINT('',(1.2,-0.8,0.495));
#14431 = VECTOR('',#14432,1.);
#14432 = DIRECTION('',(0.,0.,1.));
#14433 = PLANE('',#14434);
#14434 = AXIS2_PLACEMENT_3D('',#14435,#14436,#14437);
#14435 = CARTESIAN_POINT('',(-1.2,-0.8,0.495));
#14436 = DIRECTION('',(0.,1.,0.));
#14437 = DIRECTION('',(0.,-0.,1.));
#14438 = ADVANCED_FACE('',(#14439),#14457,.F.);
#14439 = FACE_BOUND('',#14440,.F.);
#14440 = EDGE_LOOP('',(#14441,#14442,#14443,#14451));
#14441 = ORIENTED_EDGE('',*,*,#14412,.F.);
#14442 = ORIENTED_EDGE('',*,*,#14259,.T.);
#14443 = ORIENTED_EDGE('',*,*,#14444,.T.);
#14444 = EDGE_CURVE('',#14112,#14445,#14447,.T.);
#14445 = VERTEX_POINT('',#14446);
#14446 = CARTESIAN_POINT('',(-1.2,0.8,0.55));
#14447 = LINE('',#14448,#14449);
#14448 = CARTESIAN_POINT('',(-1.2,0.8,0.495));
#14449 = VECTOR('',#14450,1.);
#14450 = DIRECTION('',(0.,0.,1.));
#14451 = ORIENTED_EDGE('',*,*,#14452,.F.);
#14452 = EDGE_CURVE('',#14413,#14445,#14453,.T.);
#14453 = LINE('',#14454,#14455);
#14454 = CARTESIAN_POINT('',(-1.2,-0.8,0.55));
#14455 = VECTOR('',#14456,1.);
#14456 = DIRECTION('',(0.,1.,0.));
#14457 = PLANE('',#14458);
#14458 = AXIS2_PLACEMENT_3D('',#14459,#14460,#14461);
#14459 = CARTESIAN_POINT('',(-1.2,-0.8,0.495));
#14460 = DIRECTION('',(1.,0.,0.));
#14461 = DIRECTION('',(0.,0.,1.));
#14462 = ADVANCED_FACE('',(#14463),#14526,.T.);
#14463 = FACE_BOUND('',#14464,.T.);
#14464 = EDGE_LOOP('',(#14465,#14475,#14482,#14483,#14484,#14485,#14494,
    #14502,#14511,#14519));
#14465 = ORIENTED_EDGE('',*,*,#14466,.F.);
#14466 = EDGE_CURVE('',#14467,#14469,#14471,.T.);
#14467 = VERTEX_POINT('',#14468);
#14468 = CARTESIAN_POINT('',(1.255,0.8,0.));
#14469 = VERTEX_POINT('',#14470);
#14470 = CARTESIAN_POINT('',(1.545,0.8,0.));
#14471 = LINE('',#14472,#14473);
#14472 = CARTESIAN_POINT('',(1.2,0.8,0.));
#14473 = VECTOR('',#14474,1.);
#14474 = DIRECTION('',(1.,0.,0.));
#14475 = ORIENTED_EDGE('',*,*,#14476,.F.);
#14476 = EDGE_CURVE('',#14304,#14467,#14477,.T.);
#14477 = CIRCLE('',#14478,5.5E-02);
#14478 = AXIS2_PLACEMENT_3D('',#14479,#14480,#14481);
#14479 = CARTESIAN_POINT('',(1.255,0.8,5.5E-02));
#14480 = DIRECTION('',(0.,-1.,0.));
#14481 = DIRECTION('',(0.,0.,1.));
#14482 = ORIENTED_EDGE('',*,*,#14303,.T.);
#14483 = ORIENTED_EDGE('',*,*,#14295,.T.);
#14484 = ORIENTED_EDGE('',*,*,#14287,.F.);
#14485 = ORIENTED_EDGE('',*,*,#14486,.T.);
#14486 = EDGE_CURVE('',#14280,#14487,#14489,.T.);
#14487 = VERTEX_POINT('',#14488);
#14488 = CARTESIAN_POINT('',(1.255,0.8,0.55));
#14489 = CIRCLE('',#14490,5.5E-02);
#14490 = AXIS2_PLACEMENT_3D('',#14491,#14492,#14493);
#14491 = CARTESIAN_POINT('',(1.255,0.8,0.495));
#14492 = DIRECTION('',(0.,1.,0.));
#14493 = DIRECTION('',(0.,-0.,1.));
#14494 = ORIENTED_EDGE('',*,*,#14495,.T.);
#14495 = EDGE_CURVE('',#14487,#14496,#14498,.T.);
#14496 = VERTEX_POINT('',#14497);
#14497 = CARTESIAN_POINT('',(1.545,0.8,0.55));
#14498 = LINE('',#14499,#14500);
#14499 = CARTESIAN_POINT('',(1.2,0.8,0.55));
#14500 = VECTOR('',#14501,1.);
#14501 = DIRECTION('',(1.,0.,0.));
#14502 = ORIENTED_EDGE('',*,*,#14503,.F.);
#14503 = EDGE_CURVE('',#14504,#14496,#14506,.T.);
#14504 = VERTEX_POINT('',#14505);
#14505 = CARTESIAN_POINT('',(1.6,0.8,0.495));
#14506 = CIRCLE('',#14507,5.5E-02);
#14507 = AXIS2_PLACEMENT_3D('',#14508,#14509,#14510);
#14508 = CARTESIAN_POINT('',(1.545,0.8,0.495));
#14509 = DIRECTION('',(0.,-1.,0.));
#14510 = DIRECTION('',(0.,0.,1.));
#14511 = ORIENTED_EDGE('',*,*,#14512,.F.);
#14512 = EDGE_CURVE('',#14513,#14504,#14515,.T.);
#14513 = VERTEX_POINT('',#14514);
#14514 = CARTESIAN_POINT('',(1.6,0.8,5.5E-02));
#14515 = LINE('',#14516,#14517);
#14516 = CARTESIAN_POINT('',(1.6,0.8,0.));
#14517 = VECTOR('',#14518,1.);
#14518 = DIRECTION('',(0.,0.,1.));
#14519 = ORIENTED_EDGE('',*,*,#14520,.T.);
#14520 = EDGE_CURVE('',#14513,#14469,#14521,.T.);
#14521 = CIRCLE('',#14522,5.5E-02);
#14522 = AXIS2_PLACEMENT_3D('',#14523,#14524,#14525);
#14523 = CARTESIAN_POINT('',(1.545,0.8,5.5E-02));
#14524 = DIRECTION('',(0.,1.,0.));
#14525 = DIRECTION('',(0.,-0.,1.));
#14526 = PLANE('',#14527);
#14527 = AXIS2_PLACEMENT_3D('',#14528,#14529,#14530);
#14528 = CARTESIAN_POINT('',(1.2,0.8,0.));
#14529 = DIRECTION('',(0.,1.,0.));
#14530 = DIRECTION('',(0.,-0.,1.));
#14531 = ADVANCED_FACE('',(#14532),#14550,.T.);
#14532 = FACE_BOUND('',#14533,.T.);
#14533 = EDGE_LOOP('',(#14534,#14535,#14536,#14544));
#14534 = ORIENTED_EDGE('',*,*,#14279,.F.);
#14535 = ORIENTED_EDGE('',*,*,#14444,.T.);
#14536 = ORIENTED_EDGE('',*,*,#14537,.T.);
#14537 = EDGE_CURVE('',#14445,#14538,#14540,.T.);
#14538 = VERTEX_POINT('',#14539);
#14539 = CARTESIAN_POINT('',(1.2,0.8,0.55));
#14540 = LINE('',#14541,#14542);
#14541 = CARTESIAN_POINT('',(-1.2,0.8,0.55));
#14542 = VECTOR('',#14543,1.);
#14543 = DIRECTION('',(1.,0.,0.));
#14544 = ORIENTED_EDGE('',*,*,#14545,.F.);
#14545 = EDGE_CURVE('',#14280,#14538,#14546,.T.);
#14546 = LINE('',#14547,#14548);
#14547 = CARTESIAN_POINT('',(1.2,0.8,0.495));
#14548 = VECTOR('',#14549,1.);
#14549 = DIRECTION('',(0.,0.,1.));
#14550 = PLANE('',#14551);
#14551 = AXIS2_PLACEMENT_3D('',#14552,#14553,#14554);
#14552 = CARTESIAN_POINT('',(-1.2,0.8,0.495));
#14553 = DIRECTION('',(0.,1.,0.));
#14554 = DIRECTION('',(0.,-0.,1.));
#14555 = ADVANCED_FACE('',(#14556),#14567,.T.);
#14556 = FACE_BOUND('',#14557,.T.);
#14557 = EDGE_LOOP('',(#14558,#14559,#14560,#14566));
#14558 = ORIENTED_EDGE('',*,*,#14327,.T.);
#14559 = ORIENTED_EDGE('',*,*,#14476,.T.);
#14560 = ORIENTED_EDGE('',*,*,#14561,.F.);
#14561 = EDGE_CURVE('',#14343,#14467,#14562,.T.);
#14562 = LINE('',#14563,#14564);
#14563 = CARTESIAN_POINT('',(1.255,-0.8,0.));
#14564 = VECTOR('',#14565,1.);
#14565 = DIRECTION('',(0.,1.,0.));
#14566 = ORIENTED_EDGE('',*,*,#14352,.F.);
#14567 = CYLINDRICAL_SURFACE('',#14568,5.5E-02);
#14568 = AXIS2_PLACEMENT_3D('',#14569,#14570,#14571);
#14569 = CARTESIAN_POINT('',(1.255,-0.8,5.5E-02));
#14570 = DIRECTION('',(0.,1.,0.));
#14571 = DIRECTION('',(-1.,0.,0.));
#14572 = ADVANCED_FACE('',(#14573),#14584,.F.);
#14573 = FACE_BOUND('',#14574,.F.);
#14574 = EDGE_LOOP('',(#14575,#14576,#14577,#14578));
#14575 = ORIENTED_EDGE('',*,*,#14466,.F.);
#14576 = ORIENTED_EDGE('',*,*,#14561,.F.);
#14577 = ORIENTED_EDGE('',*,*,#14342,.T.);
#14578 = ORIENTED_EDGE('',*,*,#14579,.T.);
#14579 = EDGE_CURVE('',#14345,#14469,#14580,.T.);
#14580 = LINE('',#14581,#14582);
#14581 = CARTESIAN_POINT('',(1.545,-0.8,0.));
#14582 = VECTOR('',#14583,1.);
#14583 = DIRECTION('',(0.,1.,0.));
#14584 = PLANE('',#14585);
#14585 = AXIS2_PLACEMENT_3D('',#14586,#14587,#14588);
#14586 = CARTESIAN_POINT('',(1.2,-0.8,0.));
#14587 = DIRECTION('',(0.,0.,1.));
#14588 = DIRECTION('',(1.,0.,-0.));
#14589 = ADVANCED_FACE('',(#14590),#14601,.T.);
#14590 = FACE_BOUND('',#14591,.T.);
#14591 = EDGE_LOOP('',(#14592,#14593,#14594,#14595));
#14592 = ORIENTED_EDGE('',*,*,#14396,.T.);
#14593 = ORIENTED_EDGE('',*,*,#14579,.T.);
#14594 = ORIENTED_EDGE('',*,*,#14520,.F.);
#14595 = ORIENTED_EDGE('',*,*,#14596,.F.);
#14596 = EDGE_CURVE('',#14389,#14513,#14597,.T.);
#14597 = LINE('',#14598,#14599);
#14598 = CARTESIAN_POINT('',(1.6,-0.8,5.5E-02));
#14599 = VECTOR('',#14600,1.);
#14600 = DIRECTION('',(0.,1.,0.));
#14601 = CYLINDRICAL_SURFACE('',#14602,5.5E-02);
#14602 = AXIS2_PLACEMENT_3D('',#14603,#14604,#14605);
#14603 = CARTESIAN_POINT('',(1.545,-0.8,5.5E-02));
#14604 = DIRECTION('',(0.,1.,0.));
#14605 = DIRECTION('',(1.,0.,0.));
#14606 = ADVANCED_FACE('',(#14607),#14618,.T.);
#14607 = FACE_BOUND('',#14608,.T.);
#14608 = EDGE_LOOP('',(#14609,#14610,#14611,#14612));
#14609 = ORIENTED_EDGE('',*,*,#14388,.F.);
#14610 = ORIENTED_EDGE('',*,*,#14596,.T.);
#14611 = ORIENTED_EDGE('',*,*,#14512,.T.);
#14612 = ORIENTED_EDGE('',*,*,#14613,.F.);
#14613 = EDGE_CURVE('',#14380,#14504,#14614,.T.);
#14614 = LINE('',#14615,#14616);
#14615 = CARTESIAN_POINT('',(1.6,-0.8,0.495));
#14616 = VECTOR('',#14617,1.);
#14617 = DIRECTION('',(0.,1.,0.));
#14618 = PLANE('',#14619);
#14619 = AXIS2_PLACEMENT_3D('',#14620,#14621,#14622);
#14620 = CARTESIAN_POINT('',(1.6,-0.8,0.));
#14621 = DIRECTION('',(1.,0.,0.));
#14622 = DIRECTION('',(0.,0.,1.));
#14623 = ADVANCED_FACE('',(#14624),#14635,.T.);
#14624 = FACE_BOUND('',#14625,.T.);
#14625 = EDGE_LOOP('',(#14626,#14627,#14628,#14634));
#14626 = ORIENTED_EDGE('',*,*,#14613,.T.);
#14627 = ORIENTED_EDGE('',*,*,#14503,.T.);
#14628 = ORIENTED_EDGE('',*,*,#14629,.F.);
#14629 = EDGE_CURVE('',#14372,#14496,#14630,.T.);
#14630 = LINE('',#14631,#14632);
#14631 = CARTESIAN_POINT('',(1.545,-0.8,0.55));
#14632 = VECTOR('',#14633,1.);
#14633 = DIRECTION('',(0.,1.,0.));
#14634 = ORIENTED_EDGE('',*,*,#14379,.F.);
#14635 = CYLINDRICAL_SURFACE('',#14636,5.5E-02);
#14636 = AXIS2_PLACEMENT_3D('',#14637,#14638,#14639);
#14637 = CARTESIAN_POINT('',(1.545,-0.8,0.495));
#14638 = DIRECTION('',(0.,1.,0.));
#14639 = DIRECTION('',(1.,0.,0.));
#14640 = ADVANCED_FACE('',(#14641),#14652,.T.);
#14641 = FACE_BOUND('',#14642,.T.);
#14642 = EDGE_LOOP('',(#14643,#14644,#14650,#14651));
#14643 = ORIENTED_EDGE('',*,*,#14495,.F.);
#14644 = ORIENTED_EDGE('',*,*,#14645,.F.);
#14645 = EDGE_CURVE('',#14363,#14487,#14646,.T.);
#14646 = LINE('',#14647,#14648);
#14647 = CARTESIAN_POINT('',(1.255,-0.8,0.55));
#14648 = VECTOR('',#14649,1.);
#14649 = DIRECTION('',(0.,1.,0.));
#14650 = ORIENTED_EDGE('',*,*,#14371,.T.);
#14651 = ORIENTED_EDGE('',*,*,#14629,.T.);
#14652 = PLANE('',#14653);
#14653 = AXIS2_PLACEMENT_3D('',#14654,#14655,#14656);
#14654 = CARTESIAN_POINT('',(1.2,-0.8,0.55));
#14655 = DIRECTION('',(0.,0.,1.));
#14656 = DIRECTION('',(1.,0.,-0.));
#14657 = ADVANCED_FACE('',(#14658),#14669,.T.);
#14658 = FACE_BOUND('',#14659,.T.);
#14659 = EDGE_LOOP('',(#14660,#14661,#14662,#14663));
#14660 = ORIENTED_EDGE('',*,*,#14362,.T.);
#14661 = ORIENTED_EDGE('',*,*,#14645,.T.);
#14662 = ORIENTED_EDGE('',*,*,#14486,.F.);
#14663 = ORIENTED_EDGE('',*,*,#14664,.F.);
#14664 = EDGE_CURVE('',#14197,#14280,#14665,.T.);
#14665 = LINE('',#14666,#14667);
#14666 = CARTESIAN_POINT('',(1.2,-0.8,0.495));
#14667 = VECTOR('',#14668,1.);
#14668 = DIRECTION('',(0.,1.,0.));
#14669 = CYLINDRICAL_SURFACE('',#14670,5.5E-02);
#14670 = AXIS2_PLACEMENT_3D('',#14671,#14672,#14673);
#14671 = CARTESIAN_POINT('',(1.255,-0.8,0.495));
#14672 = DIRECTION('',(0.,1.,0.));
#14673 = DIRECTION('',(-1.,0.,0.));
#14674 = ADVANCED_FACE('',(#14675),#14686,.T.);
#14675 = FACE_BOUND('',#14676,.T.);
#14676 = EDGE_LOOP('',(#14677,#14678,#14679,#14680));
#14677 = ORIENTED_EDGE('',*,*,#14428,.F.);
#14678 = ORIENTED_EDGE('',*,*,#14664,.T.);
#14679 = ORIENTED_EDGE('',*,*,#14545,.T.);
#14680 = ORIENTED_EDGE('',*,*,#14681,.F.);
#14681 = EDGE_CURVE('',#14421,#14538,#14682,.T.);
#14682 = LINE('',#14683,#14684);
#14683 = CARTESIAN_POINT('',(1.2,-0.8,0.55));
#14684 = VECTOR('',#14685,1.);
#14685 = DIRECTION('',(0.,1.,0.));
#14686 = PLANE('',#14687);
#14687 = AXIS2_PLACEMENT_3D('',#14688,#14689,#14690);
#14688 = CARTESIAN_POINT('',(1.2,-0.8,0.495));
#14689 = DIRECTION('',(1.,0.,0.));
#14690 = DIRECTION('',(0.,0.,1.));
#14691 = ADVANCED_FACE('',(#14692),#14698,.T.);
#14692 = FACE_BOUND('',#14693,.T.);
#14693 = EDGE_LOOP('',(#14694,#14695,#14696,#14697));
#14694 = ORIENTED_EDGE('',*,*,#14452,.F.);
#14695 = ORIENTED_EDGE('',*,*,#14420,.T.);
#14696 = ORIENTED_EDGE('',*,*,#14681,.T.);
#14697 = ORIENTED_EDGE('',*,*,#14537,.F.);
#14698 = PLANE('',#14699);
#14699 = AXIS2_PLACEMENT_3D('',#14700,#14701,#14702);
#14700 = CARTESIAN_POINT('',(-1.2,-0.8,0.55));
#14701 = DIRECTION('',(0.,0.,1.));
#14702 = DIRECTION('',(1.,0.,-0.));
#14703 = ( GEOMETRIC_REPRESENTATION_CONTEXT(3) 
GLOBAL_UNCERTAINTY_ASSIGNED_CONTEXT((#14707)) 
GLOBAL_UNIT_ASSIGNED_CONTEXT((#14704,#14705,#14706)) 
REPRESENTATION_CONTEXT('Context #1',
  '3D Context with UNIT and UNCERTAINTY') );
#14704 = ( LENGTH_UNIT() NAMED_UNIT(*) SI_UNIT(.MILLI.,.METRE.) );
#14705 = ( NAMED_UNIT(*) PLANE_ANGLE_UNIT() SI_UNIT($,.RADIAN.) );
#14706 = ( NAMED_UNIT(*) SI_UNIT($,.STERADIAN.) SOLID_ANGLE_UNIT() );
#14707 = UNCERTAINTY_MEASURE_WITH_UNIT(LENGTH_MEASURE(1.E-07),#14704,
  'distance_accuracy_value','confusion accuracy');
#14708 = CONTEXT_DEPENDENT_SHAPE_REPRESENTATION(#14709,#14711);
#14709 = ( REPRESENTATION_RELATIONSHIP('','',#13912,#10) 
REPRESENTATION_RELATIONSHIP_WITH_TRANSFORMATION(#14710) 
SHAPE_REPRESENTATION_RELATIONSHIP() );
#14710 = ITEM_DEFINED_TRANSFORMATION('','',#11,#67);
#14711 = PRODUCT_DEFINITION_SHAPE('Placement','Placement of an item',
  #14712);
#14712 = NEXT_ASSEMBLY_USAGE_OCCURRENCE('14','R23','',#5,#13907,$);
#14713 = PRODUCT_RELATED_PRODUCT_CATEGORY('part',$,(#13909));
#14714 = CONTEXT_DEPENDENT_SHAPE_REPRESENTATION(#14715,#14717);
#14715 = ( REPRESENTATION_RELATIONSHIP('','',#929,#10) 
REPRESENTATION_RELATIONSHIP_WITH_TRANSFORMATION(#14716) 
SHAPE_REPRESENTATION_RELATIONSHIP() );
#14716 = ITEM_DEFINED_TRANSFORMATION('','',#11,#71);
#14717 = PRODUCT_DEFINITION_SHAPE('Placement','Placement of an item',
  #14718);
#14718 = NEXT_ASSEMBLY_USAGE_OCCURRENCE('15','C27','',#5,#924,$);
#14719 = SHAPE_DEFINITION_REPRESENTATION(#14720,#14726);
#14720 = PRODUCT_DEFINITION_SHAPE('','',#14721);
#14721 = PRODUCT_DEFINITION('design','',#14722,#14725);
#14722 = PRODUCT_DEFINITION_FORMATION('','',#14723);
#14723 = PRODUCT('C_1206_3216Metric','C_1206_3216Metric','',(#14724));
#14724 = PRODUCT_CONTEXT('',#2,'mechanical');
#14725 = PRODUCT_DEFINITION_CONTEXT('part definition',#2,'design');
#14726 = ADVANCED_BREP_SHAPE_REPRESENTATION('',(#11,#14727),#15581);
#14727 = MANIFOLD_SOLID_BREP('',#14728);
#14728 = CLOSED_SHELL('',(#14729,#14805,#14836,#14861,#14886,#14910,
    #14934,#14959,#14984,#15001,#15087,#15119,#15143,#15168,#15192,
    #15217,#15241,#15266,#15283,#15369,#15400,#15425,#15450,#15474,
    #15498,#15523,#15548,#15565));
#14729 = ADVANCED_FACE('',(#14730),#14800,.F.);
#14730 = FACE_BOUND('',#14731,.F.);
#14731 = EDGE_LOOP('',(#14732,#14742,#14751,#14759,#14768,#14776,#14785,
    #14793));
#14732 = ORIENTED_EDGE('',*,*,#14733,.F.);
#14733 = EDGE_CURVE('',#14734,#14736,#14738,.T.);
#14734 = VERTEX_POINT('',#14735);
#14735 = CARTESIAN_POINT('',(-1.6,-0.8,4.E-02));
#14736 = VERTEX_POINT('',#14737);
#14737 = CARTESIAN_POINT('',(-1.6,-0.8,1.56));
#14738 = LINE('',#14739,#14740);
#14739 = CARTESIAN_POINT('',(-1.6,-0.8,0.));
#14740 = VECTOR('',#14741,1.);
#14741 = DIRECTION('',(0.,0.,1.));
#14742 = ORIENTED_EDGE('',*,*,#14743,.T.);
#14743 = EDGE_CURVE('',#14734,#14744,#14746,.T.);
#14744 = VERTEX_POINT('',#14745);
#14745 = CARTESIAN_POINT('',(-1.6,-0.76,0.));
#14746 = CIRCLE('',#14747,4.E-02);
#14747 = AXIS2_PLACEMENT_3D('',#14748,#14749,#14750);
#14748 = CARTESIAN_POINT('',(-1.6,-0.76,4.E-02));
#14749 = DIRECTION('',(1.,0.,-0.));
#14750 = DIRECTION('',(0.,0.,1.));
#14751 = ORIENTED_EDGE('',*,*,#14752,.T.);
#14752 = EDGE_CURVE('',#14744,#14753,#14755,.T.);
#14753 = VERTEX_POINT('',#14754);
#14754 = CARTESIAN_POINT('',(-1.6,0.76,0.));
#14755 = LINE('',#14756,#14757);
#14756 = CARTESIAN_POINT('',(-1.6,-0.8,0.));
#14757 = VECTOR('',#14758,1.);
#14758 = DIRECTION('',(0.,1.,0.));
#14759 = ORIENTED_EDGE('',*,*,#14760,.F.);
#14760 = EDGE_CURVE('',#14761,#14753,#14763,.T.);
#14761 = VERTEX_POINT('',#14762);
#14762 = CARTESIAN_POINT('',(-1.6,0.8,4.E-02));
#14763 = CIRCLE('',#14764,4.E-02);
#14764 = AXIS2_PLACEMENT_3D('',#14765,#14766,#14767);
#14765 = CARTESIAN_POINT('',(-1.6,0.76,4.E-02));
#14766 = DIRECTION('',(-1.,0.,0.));
#14767 = DIRECTION('',(0.,0.,1.));
#14768 = ORIENTED_EDGE('',*,*,#14769,.T.);
#14769 = EDGE_CURVE('',#14761,#14770,#14772,.T.);
#14770 = VERTEX_POINT('',#14771);
#14771 = CARTESIAN_POINT('',(-1.6,0.8,1.56));
#14772 = LINE('',#14773,#14774);
#14773 = CARTESIAN_POINT('',(-1.6,0.8,0.));
#14774 = VECTOR('',#14775,1.);
#14775 = DIRECTION('',(0.,0.,1.));
#14776 = ORIENTED_EDGE('',*,*,#14777,.T.);
#14777 = EDGE_CURVE('',#14770,#14778,#14780,.T.);
#14778 = VERTEX_POINT('',#14779);
#14779 = CARTESIAN_POINT('',(-1.6,0.76,1.6));
#14780 = CIRCLE('',#14781,4.E-02);
#14781 = AXIS2_PLACEMENT_3D('',#14782,#14783,#14784);
#14782 = CARTESIAN_POINT('',(-1.6,0.76,1.56));
#14783 = DIRECTION('',(1.,0.,-0.));
#14784 = DIRECTION('',(0.,0.,1.));
#14785 = ORIENTED_EDGE('',*,*,#14786,.F.);
#14786 = EDGE_CURVE('',#14787,#14778,#14789,.T.);
#14787 = VERTEX_POINT('',#14788);
#14788 = CARTESIAN_POINT('',(-1.6,-0.76,1.6));
#14789 = LINE('',#14790,#14791);
#14790 = CARTESIAN_POINT('',(-1.6,-0.8,1.6));
#14791 = VECTOR('',#14792,1.);
#14792 = DIRECTION('',(0.,1.,0.));
#14793 = ORIENTED_EDGE('',*,*,#14794,.F.);
#14794 = EDGE_CURVE('',#14736,#14787,#14795,.T.);
#14795 = CIRCLE('',#14796,4.E-02);
#14796 = AXIS2_PLACEMENT_3D('',#14797,#14798,#14799);
#14797 = CARTESIAN_POINT('',(-1.6,-0.76,1.56));
#14798 = DIRECTION('',(-1.,0.,0.));
#14799 = DIRECTION('',(0.,0.,1.));
#14800 = PLANE('',#14801);
#14801 = AXIS2_PLACEMENT_3D('',#14802,#14803,#14804);
#14802 = CARTESIAN_POINT('',(-1.6,-0.8,0.));
#14803 = DIRECTION('',(1.,0.,0.));
#14804 = DIRECTION('',(0.,0.,1.));
#14805 = ADVANCED_FACE('',(#14806),#14831,.F.);
#14806 = FACE_BOUND('',#14807,.F.);
#14807 = EDGE_LOOP('',(#14808,#14818,#14824,#14825));
#14808 = ORIENTED_EDGE('',*,*,#14809,.F.);
#14809 = EDGE_CURVE('',#14810,#14812,#14814,.T.);
#14810 = VERTEX_POINT('',#14811);
#14811 = CARTESIAN_POINT('',(-1.2,-0.8,4.E-02));
#14812 = VERTEX_POINT('',#14813);
#14813 = CARTESIAN_POINT('',(-1.2,-0.8,1.56));
#14814 = LINE('',#14815,#14816);
#14815 = CARTESIAN_POINT('',(-1.2,-0.8,0.));
#14816 = VECTOR('',#14817,1.);
#14817 = DIRECTION('',(0.,0.,1.));
#14818 = ORIENTED_EDGE('',*,*,#14819,.F.);
#14819 = EDGE_CURVE('',#14734,#14810,#14820,.T.);
#14820 = LINE('',#14821,#14822);
#14821 = CARTESIAN_POINT('',(-1.6,-0.8,4.E-02));
#14822 = VECTOR('',#14823,1.);
#14823 = DIRECTION('',(1.,0.,0.));
#14824 = ORIENTED_EDGE('',*,*,#14733,.T.);
#14825 = ORIENTED_EDGE('',*,*,#14826,.T.);
#14826 = EDGE_CURVE('',#14736,#14812,#14827,.T.);
#14827 = LINE('',#14828,#14829);
#14828 = CARTESIAN_POINT('',(-1.6,-0.8,1.56));
#14829 = VECTOR('',#14830,1.);
#14830 = DIRECTION('',(1.,0.,0.));
#14831 = PLANE('',#14832);
#14832 = AXIS2_PLACEMENT_3D('',#14833,#14834,#14835);
#14833 = CARTESIAN_POINT('',(-1.6,-0.8,0.));
#14834 = DIRECTION('',(0.,1.,0.));
#14835 = DIRECTION('',(0.,-0.,1.));
#14836 = ADVANCED_FACE('',(#14837),#14856,.T.);
#14837 = FACE_BOUND('',#14838,.T.);
#14838 = EDGE_LOOP('',(#14839,#14840,#14848,#14855));
#14839 = ORIENTED_EDGE('',*,*,#14743,.T.);
#14840 = ORIENTED_EDGE('',*,*,#14841,.T.);
#14841 = EDGE_CURVE('',#14744,#14842,#14844,.T.);
#14842 = VERTEX_POINT('',#14843);
#14843 = CARTESIAN_POINT('',(-1.2,-0.76,0.));
#14844 = LINE('',#14845,#14846);
#14845 = CARTESIAN_POINT('',(-1.6,-0.76,0.));
#14846 = VECTOR('',#14847,1.);
#14847 = DIRECTION('',(1.,0.,0.));
#14848 = ORIENTED_EDGE('',*,*,#14849,.F.);
#14849 = EDGE_CURVE('',#14810,#14842,#14850,.T.);
#14850 = CIRCLE('',#14851,4.E-02);
#14851 = AXIS2_PLACEMENT_3D('',#14852,#14853,#14854);
#14852 = CARTESIAN_POINT('',(-1.2,-0.76,4.E-02));
#14853 = DIRECTION('',(1.,0.,-0.));
#14854 = DIRECTION('',(0.,0.,1.));
#14855 = ORIENTED_EDGE('',*,*,#14819,.F.);
#14856 = CYLINDRICAL_SURFACE('',#14857,4.E-02);
#14857 = AXIS2_PLACEMENT_3D('',#14858,#14859,#14860);
#14858 = CARTESIAN_POINT('',(-1.6,-0.76,4.E-02));
#14859 = DIRECTION('',(1.,0.,0.));
#14860 = DIRECTION('',(0.,-1.,0.));
#14861 = ADVANCED_FACE('',(#14862),#14881,.T.);
#14862 = FACE_BOUND('',#14863,.T.);
#14863 = EDGE_LOOP('',(#14864,#14865,#14874,#14880));
#14864 = ORIENTED_EDGE('',*,*,#14826,.T.);
#14865 = ORIENTED_EDGE('',*,*,#14866,.T.);
#14866 = EDGE_CURVE('',#14812,#14867,#14869,.T.);
#14867 = VERTEX_POINT('',#14868);
#14868 = CARTESIAN_POINT('',(-1.2,-0.76,1.6));
#14869 = CIRCLE('',#14870,4.E-02);
#14870 = AXIS2_PLACEMENT_3D('',#14871,#14872,#14873);
#14871 = CARTESIAN_POINT('',(-1.2,-0.76,1.56));
#14872 = DIRECTION('',(-1.,0.,0.));
#14873 = DIRECTION('',(0.,0.,1.));
#14874 = ORIENTED_EDGE('',*,*,#14875,.F.);
#14875 = EDGE_CURVE('',#14787,#14867,#14876,.T.);
#14876 = LINE('',#14877,#14878);
#14877 = CARTESIAN_POINT('',(-1.6,-0.76,1.6));
#14878 = VECTOR('',#14879,1.);
#14879 = DIRECTION('',(1.,0.,0.));
#14880 = ORIENTED_EDGE('',*,*,#14794,.F.);
#14881 = CYLINDRICAL_SURFACE('',#14882,4.E-02);
#14882 = AXIS2_PLACEMENT_3D('',#14883,#14884,#14885);
#14883 = CARTESIAN_POINT('',(-1.6,-0.76,1.56));
#14884 = DIRECTION('',(1.,0.,0.));
#14885 = DIRECTION('',(0.,-1.,0.));
#14886 = ADVANCED_FACE('',(#14887),#14905,.F.);
#14887 = FACE_BOUND('',#14888,.F.);
#14888 = EDGE_LOOP('',(#14889,#14890,#14891,#14899));
#14889 = ORIENTED_EDGE('',*,*,#14752,.F.);
#14890 = ORIENTED_EDGE('',*,*,#14841,.T.);
#14891 = ORIENTED_EDGE('',*,*,#14892,.T.);
#14892 = EDGE_CURVE('',#14842,#14893,#14895,.T.);
#14893 = VERTEX_POINT('',#14894);
#14894 = CARTESIAN_POINT('',(-1.2,0.76,0.));
#14895 = LINE('',#14896,#14897);
#14896 = CARTESIAN_POINT('',(-1.2,-0.8,0.));
#14897 = VECTOR('',#14898,1.);
#14898 = DIRECTION('',(0.,1.,0.));
#14899 = ORIENTED_EDGE('',*,*,#14900,.F.);
#14900 = EDGE_CURVE('',#14753,#14893,#14901,.T.);
#14901 = LINE('',#14902,#14903);
#14902 = CARTESIAN_POINT('',(-1.6,0.76,0.));
#14903 = VECTOR('',#14904,1.);
#14904 = DIRECTION('',(1.,0.,0.));
#14905 = PLANE('',#14906);
#14906 = AXIS2_PLACEMENT_3D('',#14907,#14908,#14909);
#14907 = CARTESIAN_POINT('',(-1.6,-0.8,0.));
#14908 = DIRECTION('',(0.,0.,1.));
#14909 = DIRECTION('',(1.,0.,-0.));
#14910 = ADVANCED_FACE('',(#14911),#14929,.T.);
#14911 = FACE_BOUND('',#14912,.T.);
#14912 = EDGE_LOOP('',(#14913,#14914,#14915,#14923));
#14913 = ORIENTED_EDGE('',*,*,#14786,.F.);
#14914 = ORIENTED_EDGE('',*,*,#14875,.T.);
#14915 = ORIENTED_EDGE('',*,*,#14916,.T.);
#14916 = EDGE_CURVE('',#14867,#14917,#14919,.T.);
#14917 = VERTEX_POINT('',#14918);
#14918 = CARTESIAN_POINT('',(-1.2,0.76,1.6));
#14919 = LINE('',#14920,#14921);
#14920 = CARTESIAN_POINT('',(-1.2,-0.8,1.6));
#14921 = VECTOR('',#14922,1.);
#14922 = DIRECTION('',(0.,1.,0.));
#14923 = ORIENTED_EDGE('',*,*,#14924,.F.);
#14924 = EDGE_CURVE('',#14778,#14917,#14925,.T.);
#14925 = LINE('',#14926,#14927);
#14926 = CARTESIAN_POINT('',(-1.6,0.76,1.6));
#14927 = VECTOR('',#14928,1.);
#14928 = DIRECTION('',(1.,0.,0.));
#14929 = PLANE('',#14930);
#14930 = AXIS2_PLACEMENT_3D('',#14931,#14932,#14933);
#14931 = CARTESIAN_POINT('',(-1.6,-0.8,1.6));
#14932 = DIRECTION('',(0.,0.,1.));
#14933 = DIRECTION('',(1.,0.,-0.));
#14934 = ADVANCED_FACE('',(#14935),#14954,.T.);
#14935 = FACE_BOUND('',#14936,.T.);
#14936 = EDGE_LOOP('',(#14937,#14945,#14952,#14953));
#14937 = ORIENTED_EDGE('',*,*,#14938,.T.);
#14938 = EDGE_CURVE('',#14761,#14939,#14941,.T.);
#14939 = VERTEX_POINT('',#14940);
#14940 = CARTESIAN_POINT('',(-1.2,0.8,4.E-02));
#14941 = LINE('',#14942,#14943);
#14942 = CARTESIAN_POINT('',(-1.6,0.8,4.E-02));
#14943 = VECTOR('',#14944,1.);
#14944 = DIRECTION('',(1.,0.,0.));
#14945 = ORIENTED_EDGE('',*,*,#14946,.T.);
#14946 = EDGE_CURVE('',#14939,#14893,#14947,.T.);
#14947 = CIRCLE('',#14948,4.E-02);
#14948 = AXIS2_PLACEMENT_3D('',#14949,#14950,#14951);
#14949 = CARTESIAN_POINT('',(-1.2,0.76,4.E-02));
#14950 = DIRECTION('',(-1.,0.,0.));
#14951 = DIRECTION('',(0.,0.,1.));
#14952 = ORIENTED_EDGE('',*,*,#14900,.F.);
#14953 = ORIENTED_EDGE('',*,*,#14760,.F.);
#14954 = CYLINDRICAL_SURFACE('',#14955,4.E-02);
#14955 = AXIS2_PLACEMENT_3D('',#14956,#14957,#14958);
#14956 = CARTESIAN_POINT('',(-1.6,0.76,4.E-02));
#14957 = DIRECTION('',(1.,0.,0.));
#14958 = DIRECTION('',(-0.,1.,0.));
#14959 = ADVANCED_FACE('',(#14960),#14979,.T.);
#14960 = FACE_BOUND('',#14961,.T.);
#14961 = EDGE_LOOP('',(#14962,#14963,#14964,#14973));
#14962 = ORIENTED_EDGE('',*,*,#14777,.T.);
#14963 = ORIENTED_EDGE('',*,*,#14924,.T.);
#14964 = ORIENTED_EDGE('',*,*,#14965,.F.);
#14965 = EDGE_CURVE('',#14966,#14917,#14968,.T.);
#14966 = VERTEX_POINT('',#14967);
#14967 = CARTESIAN_POINT('',(-1.2,0.8,1.56));
#14968 = CIRCLE('',#14969,4.E-02);
#14969 = AXIS2_PLACEMENT_3D('',#14970,#14971,#14972);
#14970 = CARTESIAN_POINT('',(-1.2,0.76,1.56));
#14971 = DIRECTION('',(1.,0.,-0.));
#14972 = DIRECTION('',(0.,0.,1.));
#14973 = ORIENTED_EDGE('',*,*,#14974,.F.);
#14974 = EDGE_CURVE('',#14770,#14966,#14975,.T.);
#14975 = LINE('',#14976,#14977);
#14976 = CARTESIAN_POINT('',(-1.6,0.8,1.56));
#14977 = VECTOR('',#14978,1.);
#14978 = DIRECTION('',(1.,0.,0.));
#14979 = CYLINDRICAL_SURFACE('',#14980,4.E-02);
#14980 = AXIS2_PLACEMENT_3D('',#14981,#14982,#14983);
#14981 = CARTESIAN_POINT('',(-1.6,0.76,1.56));
#14982 = DIRECTION('',(1.,0.,0.));
#14983 = DIRECTION('',(-0.,1.,0.));
#14984 = ADVANCED_FACE('',(#14985),#14996,.T.);
#14985 = FACE_BOUND('',#14986,.T.);
#14986 = EDGE_LOOP('',(#14987,#14993,#14994,#14995));
#14987 = ORIENTED_EDGE('',*,*,#14988,.F.);
#14988 = EDGE_CURVE('',#14939,#14966,#14989,.T.);
#14989 = LINE('',#14990,#14991);
#14990 = CARTESIAN_POINT('',(-1.2,0.8,0.));
#14991 = VECTOR('',#14992,1.);
#14992 = DIRECTION('',(0.,0.,1.));
#14993 = ORIENTED_EDGE('',*,*,#14938,.F.);
#14994 = ORIENTED_EDGE('',*,*,#14769,.T.);
#14995 = ORIENTED_EDGE('',*,*,#14974,.T.);
#14996 = PLANE('',#14997);
#14997 = AXIS2_PLACEMENT_3D('',#14998,#14999,#15000);
#14998 = CARTESIAN_POINT('',(-1.6,0.8,0.));
#14999 = DIRECTION('',(0.,1.,0.));
#15000 = DIRECTION('',(0.,-0.,1.));
#15001 = ADVANCED_FACE('',(#15002,#15012),#15082,.T.);
#15002 = FACE_BOUND('',#15003,.T.);
#15003 = EDGE_LOOP('',(#15004,#15005,#15006,#15007,#15008,#15009,#15010,
    #15011));
#15004 = ORIENTED_EDGE('',*,*,#14809,.F.);
#15005 = ORIENTED_EDGE('',*,*,#14849,.T.);
#15006 = ORIENTED_EDGE('',*,*,#14892,.T.);
#15007 = ORIENTED_EDGE('',*,*,#14946,.F.);
#15008 = ORIENTED_EDGE('',*,*,#14988,.T.);
#15009 = ORIENTED_EDGE('',*,*,#14965,.T.);
#15010 = ORIENTED_EDGE('',*,*,#14916,.F.);
#15011 = ORIENTED_EDGE('',*,*,#14866,.F.);
#15012 = FACE_BOUND('',#15013,.T.);
#15013 = EDGE_LOOP('',(#15014,#15025,#15033,#15042,#15050,#15059,#15067,
    #15076));
#15014 = ORIENTED_EDGE('',*,*,#15015,.F.);
#15015 = EDGE_CURVE('',#15016,#15018,#15020,.T.);
#15016 = VERTEX_POINT('',#15017);
#15017 = CARTESIAN_POINT('',(-1.2,-0.76,8.E-02));
#15018 = VERTEX_POINT('',#15019);
#15019 = CARTESIAN_POINT('',(-1.2,-0.72,4.E-02));
#15020 = CIRCLE('',#15021,4.E-02);
#15021 = AXIS2_PLACEMENT_3D('',#15022,#15023,#15024);
#15022 = CARTESIAN_POINT('',(-1.2,-0.72,8.E-02));
#15023 = DIRECTION('',(1.,0.,-0.));
#15024 = DIRECTION('',(0.,0.,1.));
#15025 = ORIENTED_EDGE('',*,*,#15026,.T.);
#15026 = EDGE_CURVE('',#15016,#15027,#15029,.T.);
#15027 = VERTEX_POINT('',#15028);
#15028 = CARTESIAN_POINT('',(-1.2,-0.76,1.52));
#15029 = LINE('',#15030,#15031);
#15030 = CARTESIAN_POINT('',(-1.2,-0.76,4.E-02));
#15031 = VECTOR('',#15032,1.);
#15032 = DIRECTION('',(0.,0.,1.));
#15033 = ORIENTED_EDGE('',*,*,#15034,.T.);
#15034 = EDGE_CURVE('',#15027,#15035,#15037,.T.);
#15035 = VERTEX_POINT('',#15036);
#15036 = CARTESIAN_POINT('',(-1.2,-0.72,1.56));
#15037 = CIRCLE('',#15038,4.E-02);
#15038 = AXIS2_PLACEMENT_3D('',#15039,#15040,#15041);
#15039 = CARTESIAN_POINT('',(-1.2,-0.72,1.52));
#15040 = DIRECTION('',(-1.,0.,0.));
#15041 = DIRECTION('',(0.,0.,1.));
#15042 = ORIENTED_EDGE('',*,*,#15043,.T.);
#15043 = EDGE_CURVE('',#15035,#15044,#15046,.T.);
#15044 = VERTEX_POINT('',#15045);
#15045 = CARTESIAN_POINT('',(-1.2,0.72,1.56));
#15046 = LINE('',#15047,#15048);
#15047 = CARTESIAN_POINT('',(-1.2,-0.76,1.56));
#15048 = VECTOR('',#15049,1.);
#15049 = DIRECTION('',(0.,1.,0.));
#15050 = ORIENTED_EDGE('',*,*,#15051,.F.);
#15051 = EDGE_CURVE('',#15052,#15044,#15054,.T.);
#15052 = VERTEX_POINT('',#15053);
#15053 = CARTESIAN_POINT('',(-1.2,0.76,1.52));
#15054 = CIRCLE('',#15055,4.E-02);
#15055 = AXIS2_PLACEMENT_3D('',#15056,#15057,#15058);
#15056 = CARTESIAN_POINT('',(-1.2,0.72,1.52));
#15057 = DIRECTION('',(1.,0.,-0.));
#15058 = DIRECTION('',(0.,0.,1.));
#15059 = ORIENTED_EDGE('',*,*,#15060,.F.);
#15060 = EDGE_CURVE('',#15061,#15052,#15063,.T.);
#15061 = VERTEX_POINT('',#15062);
#15062 = CARTESIAN_POINT('',(-1.2,0.76,8.E-02));
#15063 = LINE('',#15064,#15065);
#15064 = CARTESIAN_POINT('',(-1.2,0.76,4.E-02));
#15065 = VECTOR('',#15066,1.);
#15066 = DIRECTION('',(0.,0.,1.));
#15067 = ORIENTED_EDGE('',*,*,#15068,.T.);
#15068 = EDGE_CURVE('',#15061,#15069,#15071,.T.);
#15069 = VERTEX_POINT('',#15070);
#15070 = CARTESIAN_POINT('',(-1.2,0.72,4.E-02));
#15071 = CIRCLE('',#15072,4.E-02);
#15072 = AXIS2_PLACEMENT_3D('',#15073,#15074,#15075);
#15073 = CARTESIAN_POINT('',(-1.2,0.72,8.E-02));
#15074 = DIRECTION('',(-1.,0.,0.));
#15075 = DIRECTION('',(0.,0.,1.));
#15076 = ORIENTED_EDGE('',*,*,#15077,.F.);
#15077 = EDGE_CURVE('',#15018,#15069,#15078,.T.);
#15078 = LINE('',#15079,#15080);
#15079 = CARTESIAN_POINT('',(-1.2,-0.76,4.E-02));
#15080 = VECTOR('',#15081,1.);
#15081 = DIRECTION('',(0.,1.,0.));
#15082 = PLANE('',#15083);
#15083 = AXIS2_PLACEMENT_3D('',#15084,#15085,#15086);
#15084 = CARTESIAN_POINT('',(-1.2,-0.8,0.));
#15085 = DIRECTION('',(1.,0.,0.));
#15086 = DIRECTION('',(0.,0.,1.));
#15087 = ADVANCED_FACE('',(#15088),#15114,.T.);
#15088 = FACE_BOUND('',#15089,.T.);
#15089 = EDGE_LOOP('',(#15090,#15091,#15099,#15108));
#15090 = ORIENTED_EDGE('',*,*,#15015,.T.);
#15091 = ORIENTED_EDGE('',*,*,#15092,.T.);
#15092 = EDGE_CURVE('',#15018,#15093,#15095,.T.);
#15093 = VERTEX_POINT('',#15094);
#15094 = CARTESIAN_POINT('',(1.2,-0.72,4.E-02));
#15095 = LINE('',#15096,#15097);
#15096 = CARTESIAN_POINT('',(-1.2,-0.72,4.E-02));
#15097 = VECTOR('',#15098,1.);
#15098 = DIRECTION('',(1.,0.,0.));
#15099 = ORIENTED_EDGE('',*,*,#15100,.F.);
#15100 = EDGE_CURVE('',#15101,#15093,#15103,.T.);
#15101 = VERTEX_POINT('',#15102);
#15102 = CARTESIAN_POINT('',(1.2,-0.76,8.E-02));
#15103 = CIRCLE('',#15104,4.E-02);
#15104 = AXIS2_PLACEMENT_3D('',#15105,#15106,#15107);
#15105 = CARTESIAN_POINT('',(1.2,-0.72,8.E-02));
#15106 = DIRECTION('',(1.,0.,-0.));
#15107 = DIRECTION('',(0.,0.,1.));
#15108 = ORIENTED_EDGE('',*,*,#15109,.F.);
#15109 = EDGE_CURVE('',#15016,#15101,#15110,.T.);
#15110 = LINE('',#15111,#15112);
#15111 = CARTESIAN_POINT('',(-1.2,-0.76,8.E-02));
#15112 = VECTOR('',#15113,1.);
#15113 = DIRECTION('',(1.,0.,0.));
#15114 = CYLINDRICAL_SURFACE('',#15115,4.E-02);
#15115 = AXIS2_PLACEMENT_3D('',#15116,#15117,#15118);
#15116 = CARTESIAN_POINT('',(-1.2,-0.72,8.E-02));
#15117 = DIRECTION('',(1.,0.,0.));
#15118 = DIRECTION('',(0.,-1.,0.));
#15119 = ADVANCED_FACE('',(#15120),#15138,.F.);
#15120 = FACE_BOUND('',#15121,.F.);
#15121 = EDGE_LOOP('',(#15122,#15123,#15124,#15132));
#15122 = ORIENTED_EDGE('',*,*,#15077,.F.);
#15123 = ORIENTED_EDGE('',*,*,#15092,.T.);
#15124 = ORIENTED_EDGE('',*,*,#15125,.T.);
#15125 = EDGE_CURVE('',#15093,#15126,#15128,.T.);
#15126 = VERTEX_POINT('',#15127);
#15127 = CARTESIAN_POINT('',(1.2,0.72,4.E-02));
#15128 = LINE('',#15129,#15130);
#15129 = CARTESIAN_POINT('',(1.2,-0.76,4.E-02));
#15130 = VECTOR('',#15131,1.);
#15131 = DIRECTION('',(0.,1.,0.));
#15132 = ORIENTED_EDGE('',*,*,#15133,.F.);
#15133 = EDGE_CURVE('',#15069,#15126,#15134,.T.);
#15134 = LINE('',#15135,#15136);
#15135 = CARTESIAN_POINT('',(-1.2,0.72,4.E-02));
#15136 = VECTOR('',#15137,1.);
#15137 = DIRECTION('',(1.,0.,0.));
#15138 = PLANE('',#15139);
#15139 = AXIS2_PLACEMENT_3D('',#15140,#15141,#15142);
#15140 = CARTESIAN_POINT('',(-1.2,-0.76,4.E-02));
#15141 = DIRECTION('',(0.,0.,1.));
#15142 = DIRECTION('',(1.,0.,-0.));
#15143 = ADVANCED_FACE('',(#15144),#15163,.T.);
#15144 = FACE_BOUND('',#15145,.T.);
#15145 = EDGE_LOOP('',(#15146,#15154,#15161,#15162));
#15146 = ORIENTED_EDGE('',*,*,#15147,.T.);
#15147 = EDGE_CURVE('',#15061,#15148,#15150,.T.);
#15148 = VERTEX_POINT('',#15149);
#15149 = CARTESIAN_POINT('',(1.2,0.76,8.E-02));
#15150 = LINE('',#15151,#15152);
#15151 = CARTESIAN_POINT('',(-1.2,0.76,8.E-02));
#15152 = VECTOR('',#15153,1.);
#15153 = DIRECTION('',(1.,0.,0.));
#15154 = ORIENTED_EDGE('',*,*,#15155,.T.);
#15155 = EDGE_CURVE('',#15148,#15126,#15156,.T.);
#15156 = CIRCLE('',#15157,4.E-02);
#15157 = AXIS2_PLACEMENT_3D('',#15158,#15159,#15160);
#15158 = CARTESIAN_POINT('',(1.2,0.72,8.E-02));
#15159 = DIRECTION('',(-1.,0.,0.));
#15160 = DIRECTION('',(0.,0.,1.));
#15161 = ORIENTED_EDGE('',*,*,#15133,.F.);
#15162 = ORIENTED_EDGE('',*,*,#15068,.F.);
#15163 = CYLINDRICAL_SURFACE('',#15164,4.E-02);
#15164 = AXIS2_PLACEMENT_3D('',#15165,#15166,#15167);
#15165 = CARTESIAN_POINT('',(-1.2,0.72,8.E-02));
#15166 = DIRECTION('',(1.,0.,0.));
#15167 = DIRECTION('',(-0.,1.,0.));
#15168 = ADVANCED_FACE('',(#15169),#15187,.T.);
#15169 = FACE_BOUND('',#15170,.T.);
#15170 = EDGE_LOOP('',(#15171,#15179,#15180,#15181));
#15171 = ORIENTED_EDGE('',*,*,#15172,.F.);
#15172 = EDGE_CURVE('',#15148,#15173,#15175,.T.);
#15173 = VERTEX_POINT('',#15174);
#15174 = CARTESIAN_POINT('',(1.2,0.76,1.52));
#15175 = LINE('',#15176,#15177);
#15176 = CARTESIAN_POINT('',(1.2,0.76,4.E-02));
#15177 = VECTOR('',#15178,1.);
#15178 = DIRECTION('',(0.,0.,1.));
#15179 = ORIENTED_EDGE('',*,*,#15147,.F.);
#15180 = ORIENTED_EDGE('',*,*,#15060,.T.);
#15181 = ORIENTED_EDGE('',*,*,#15182,.T.);
#15182 = EDGE_CURVE('',#15052,#15173,#15183,.T.);
#15183 = LINE('',#15184,#15185);
#15184 = CARTESIAN_POINT('',(-1.2,0.76,1.52));
#15185 = VECTOR('',#15186,1.);
#15186 = DIRECTION('',(1.,0.,0.));
#15187 = PLANE('',#15188);
#15188 = AXIS2_PLACEMENT_3D('',#15189,#15190,#15191);
#15189 = CARTESIAN_POINT('',(-1.2,0.76,4.E-02));
#15190 = DIRECTION('',(0.,1.,0.));
#15191 = DIRECTION('',(0.,-0.,1.));
#15192 = ADVANCED_FACE('',(#15193),#15212,.T.);
#15193 = FACE_BOUND('',#15194,.T.);
#15194 = EDGE_LOOP('',(#15195,#15196,#15204,#15211));
#15195 = ORIENTED_EDGE('',*,*,#15051,.T.);
#15196 = ORIENTED_EDGE('',*,*,#15197,.T.);
#15197 = EDGE_CURVE('',#15044,#15198,#15200,.T.);
#15198 = VERTEX_POINT('',#15199);
#15199 = CARTESIAN_POINT('',(1.2,0.72,1.56));
#15200 = LINE('',#15201,#15202);
#15201 = CARTESIAN_POINT('',(-1.2,0.72,1.56));
#15202 = VECTOR('',#15203,1.);
#15203 = DIRECTION('',(1.,0.,0.));
#15204 = ORIENTED_EDGE('',*,*,#15205,.F.);
#15205 = EDGE_CURVE('',#15173,#15198,#15206,.T.);
#15206 = CIRCLE('',#15207,4.E-02);
#15207 = AXIS2_PLACEMENT_3D('',#15208,#15209,#15210);
#15208 = CARTESIAN_POINT('',(1.2,0.72,1.52));
#15209 = DIRECTION('',(1.,0.,-0.));
#15210 = DIRECTION('',(0.,0.,1.));
#15211 = ORIENTED_EDGE('',*,*,#15182,.F.);
#15212 = CYLINDRICAL_SURFACE('',#15213,4.E-02);
#15213 = AXIS2_PLACEMENT_3D('',#15214,#15215,#15216);
#15214 = CARTESIAN_POINT('',(-1.2,0.72,1.52));
#15215 = DIRECTION('',(1.,0.,0.));
#15216 = DIRECTION('',(-0.,1.,0.));
#15217 = ADVANCED_FACE('',(#15218),#15236,.T.);
#15218 = FACE_BOUND('',#15219,.T.);
#15219 = EDGE_LOOP('',(#15220,#15221,#15229,#15235));
#15220 = ORIENTED_EDGE('',*,*,#15043,.F.);
#15221 = ORIENTED_EDGE('',*,*,#15222,.T.);
#15222 = EDGE_CURVE('',#15035,#15223,#15225,.T.);
#15223 = VERTEX_POINT('',#15224);
#15224 = CARTESIAN_POINT('',(1.2,-0.72,1.56));
#15225 = LINE('',#15226,#15227);
#15226 = CARTESIAN_POINT('',(-1.2,-0.72,1.56));
#15227 = VECTOR('',#15228,1.);
#15228 = DIRECTION('',(1.,0.,0.));
#15229 = ORIENTED_EDGE('',*,*,#15230,.T.);
#15230 = EDGE_CURVE('',#15223,#15198,#15231,.T.);
#15231 = LINE('',#15232,#15233);
#15232 = CARTESIAN_POINT('',(1.2,-0.76,1.56));
#15233 = VECTOR('',#15234,1.);
#15234 = DIRECTION('',(0.,1.,0.));
#15235 = ORIENTED_EDGE('',*,*,#15197,.F.);
#15236 = PLANE('',#15237);
#15237 = AXIS2_PLACEMENT_3D('',#15238,#15239,#15240);
#15238 = CARTESIAN_POINT('',(-1.2,-0.76,1.56));
#15239 = DIRECTION('',(0.,0.,1.));
#15240 = DIRECTION('',(1.,0.,-0.));
#15241 = ADVANCED_FACE('',(#15242),#15261,.T.);
#15242 = FACE_BOUND('',#15243,.T.);
#15243 = EDGE_LOOP('',(#15244,#15252,#15259,#15260));
#15244 = ORIENTED_EDGE('',*,*,#15245,.T.);
#15245 = EDGE_CURVE('',#15027,#15246,#15248,.T.);
#15246 = VERTEX_POINT('',#15247);
#15247 = CARTESIAN_POINT('',(1.2,-0.76,1.52));
#15248 = LINE('',#15249,#15250);
#15249 = CARTESIAN_POINT('',(-1.2,-0.76,1.52));
#15250 = VECTOR('',#15251,1.);
#15251 = DIRECTION('',(1.,0.,0.));
#15252 = ORIENTED_EDGE('',*,*,#15253,.T.);
#15253 = EDGE_CURVE('',#15246,#15223,#15254,.T.);
#15254 = CIRCLE('',#15255,4.E-02);
#15255 = AXIS2_PLACEMENT_3D('',#15256,#15257,#15258);
#15256 = CARTESIAN_POINT('',(1.2,-0.72,1.52));
#15257 = DIRECTION('',(-1.,0.,0.));
#15258 = DIRECTION('',(0.,0.,1.));
#15259 = ORIENTED_EDGE('',*,*,#15222,.F.);
#15260 = ORIENTED_EDGE('',*,*,#15034,.F.);
#15261 = CYLINDRICAL_SURFACE('',#15262,4.E-02);
#15262 = AXIS2_PLACEMENT_3D('',#15263,#15264,#15265);
#15263 = CARTESIAN_POINT('',(-1.2,-0.72,1.52));
#15264 = DIRECTION('',(1.,0.,0.));
#15265 = DIRECTION('',(0.,-1.,0.));
#15266 = ADVANCED_FACE('',(#15267),#15278,.F.);
#15267 = FACE_BOUND('',#15268,.F.);
#15268 = EDGE_LOOP('',(#15269,#15275,#15276,#15277));
#15269 = ORIENTED_EDGE('',*,*,#15270,.F.);
#15270 = EDGE_CURVE('',#15101,#15246,#15271,.T.);
#15271 = LINE('',#15272,#15273);
#15272 = CARTESIAN_POINT('',(1.2,-0.76,4.E-02));
#15273 = VECTOR('',#15274,1.);
#15274 = DIRECTION('',(0.,0.,1.));
#15275 = ORIENTED_EDGE('',*,*,#15109,.F.);
#15276 = ORIENTED_EDGE('',*,*,#15026,.T.);
#15277 = ORIENTED_EDGE('',*,*,#15245,.T.);
#15278 = PLANE('',#15279);
#15279 = AXIS2_PLACEMENT_3D('',#15280,#15281,#15282);
#15280 = CARTESIAN_POINT('',(-1.2,-0.76,4.E-02));
#15281 = DIRECTION('',(0.,1.,0.));
#15282 = DIRECTION('',(0.,-0.,1.));
#15283 = ADVANCED_FACE('',(#15284,#15354),#15364,.F.);
#15284 = FACE_BOUND('',#15285,.F.);
#15285 = EDGE_LOOP('',(#15286,#15296,#15305,#15313,#15322,#15330,#15339,
    #15347));
#15286 = ORIENTED_EDGE('',*,*,#15287,.F.);
#15287 = EDGE_CURVE('',#15288,#15290,#15292,.T.);
#15288 = VERTEX_POINT('',#15289);
#15289 = CARTESIAN_POINT('',(1.2,-0.8,4.E-02));
#15290 = VERTEX_POINT('',#15291);
#15291 = CARTESIAN_POINT('',(1.2,-0.8,1.56));
#15292 = LINE('',#15293,#15294);
#15293 = CARTESIAN_POINT('',(1.2,-0.8,0.));
#15294 = VECTOR('',#15295,1.);
#15295 = DIRECTION('',(0.,0.,1.));
#15296 = ORIENTED_EDGE('',*,*,#15297,.T.);
#15297 = EDGE_CURVE('',#15288,#15298,#15300,.T.);
#15298 = VERTEX_POINT('',#15299);
#15299 = CARTESIAN_POINT('',(1.2,-0.76,0.));
#15300 = CIRCLE('',#15301,4.E-02);
#15301 = AXIS2_PLACEMENT_3D('',#15302,#15303,#15304);
#15302 = CARTESIAN_POINT('',(1.2,-0.76,4.E-02));
#15303 = DIRECTION('',(1.,0.,-0.));
#15304 = DIRECTION('',(0.,0.,1.));
#15305 = ORIENTED_EDGE('',*,*,#15306,.T.);
#15306 = EDGE_CURVE('',#15298,#15307,#15309,.T.);
#15307 = VERTEX_POINT('',#15308);
#15308 = CARTESIAN_POINT('',(1.2,0.76,0.));
#15309 = LINE('',#15310,#15311);
#15310 = CARTESIAN_POINT('',(1.2,-0.8,0.));
#15311 = VECTOR('',#15312,1.);
#15312 = DIRECTION('',(0.,1.,0.));
#15313 = ORIENTED_EDGE('',*,*,#15314,.F.);
#15314 = EDGE_CURVE('',#15315,#15307,#15317,.T.);
#15315 = VERTEX_POINT('',#15316);
#15316 = CARTESIAN_POINT('',(1.2,0.8,4.E-02));
#15317 = CIRCLE('',#15318,4.E-02);
#15318 = AXIS2_PLACEMENT_3D('',#15319,#15320,#15321);
#15319 = CARTESIAN_POINT('',(1.2,0.76,4.E-02));
#15320 = DIRECTION('',(-1.,0.,0.));
#15321 = DIRECTION('',(0.,0.,1.));
#15322 = ORIENTED_EDGE('',*,*,#15323,.T.);
#15323 = EDGE_CURVE('',#15315,#15324,#15326,.T.);
#15324 = VERTEX_POINT('',#15325);
#15325 = CARTESIAN_POINT('',(1.2,0.8,1.56));
#15326 = LINE('',#15327,#15328);
#15327 = CARTESIAN_POINT('',(1.2,0.8,0.));
#15328 = VECTOR('',#15329,1.);
#15329 = DIRECTION('',(0.,0.,1.));
#15330 = ORIENTED_EDGE('',*,*,#15331,.T.);
#15331 = EDGE_CURVE('',#15324,#15332,#15334,.T.);
#15332 = VERTEX_POINT('',#15333);
#15333 = CARTESIAN_POINT('',(1.2,0.76,1.6));
#15334 = CIRCLE('',#15335,4.E-02);
#15335 = AXIS2_PLACEMENT_3D('',#15336,#15337,#15338);
#15336 = CARTESIAN_POINT('',(1.2,0.76,1.56));
#15337 = DIRECTION('',(1.,0.,-0.));
#15338 = DIRECTION('',(0.,0.,1.));
#15339 = ORIENTED_EDGE('',*,*,#15340,.F.);
#15340 = EDGE_CURVE('',#15341,#15332,#15343,.T.);
#15341 = VERTEX_POINT('',#15342);
#15342 = CARTESIAN_POINT('',(1.2,-0.76,1.6));
#15343 = LINE('',#15344,#15345);
#15344 = CARTESIAN_POINT('',(1.2,-0.8,1.6));
#15345 = VECTOR('',#15346,1.);
#15346 = DIRECTION('',(0.,1.,0.));
#15347 = ORIENTED_EDGE('',*,*,#15348,.F.);
#15348 = EDGE_CURVE('',#15290,#15341,#15349,.T.);
#15349 = CIRCLE('',#15350,4.E-02);
#15350 = AXIS2_PLACEMENT_3D('',#15351,#15352,#15353);
#15351 = CARTESIAN_POINT('',(1.2,-0.76,1.56));
#15352 = DIRECTION('',(-1.,0.,0.));
#15353 = DIRECTION('',(0.,0.,1.));
#15354 = FACE_BOUND('',#15355,.F.);
#15355 = EDGE_LOOP('',(#15356,#15357,#15358,#15359,#15360,#15361,#15362,
    #15363));
#15356 = ORIENTED_EDGE('',*,*,#15100,.F.);
#15357 = ORIENTED_EDGE('',*,*,#15270,.T.);
#15358 = ORIENTED_EDGE('',*,*,#15253,.T.);
#15359 = ORIENTED_EDGE('',*,*,#15230,.T.);
#15360 = ORIENTED_EDGE('',*,*,#15205,.F.);
#15361 = ORIENTED_EDGE('',*,*,#15172,.F.);
#15362 = ORIENTED_EDGE('',*,*,#15155,.T.);
#15363 = ORIENTED_EDGE('',*,*,#15125,.F.);
#15364 = PLANE('',#15365);
#15365 = AXIS2_PLACEMENT_3D('',#15366,#15367,#15368);
#15366 = CARTESIAN_POINT('',(1.2,-0.8,0.));
#15367 = DIRECTION('',(1.,0.,0.));
#15368 = DIRECTION('',(0.,0.,1.));
#15369 = ADVANCED_FACE('',(#15370),#15395,.F.);
#15370 = FACE_BOUND('',#15371,.F.);
#15371 = EDGE_LOOP('',(#15372,#15382,#15388,#15389));
#15372 = ORIENTED_EDGE('',*,*,#15373,.F.);
#15373 = EDGE_CURVE('',#15374,#15376,#15378,.T.);
#15374 = VERTEX_POINT('',#15375);
#15375 = CARTESIAN_POINT('',(1.6,-0.8,4.E-02));
#15376 = VERTEX_POINT('',#15377);
#15377 = CARTESIAN_POINT('',(1.6,-0.8,1.56));
#15378 = LINE('',#15379,#15380);
#15379 = CARTESIAN_POINT('',(1.6,-0.8,0.));
#15380 = VECTOR('',#15381,1.);
#15381 = DIRECTION('',(0.,0.,1.));
#15382 = ORIENTED_EDGE('',*,*,#15383,.F.);
#15383 = EDGE_CURVE('',#15288,#15374,#15384,.T.);
#15384 = LINE('',#15385,#15386);
#15385 = CARTESIAN_POINT('',(1.2,-0.8,4.E-02));
#15386 = VECTOR('',#15387,1.);
#15387 = DIRECTION('',(1.,0.,0.));
#15388 = ORIENTED_EDGE('',*,*,#15287,.T.);
#15389 = ORIENTED_EDGE('',*,*,#15390,.T.);
#15390 = EDGE_CURVE('',#15290,#15376,#15391,.T.);
#15391 = LINE('',#15392,#15393);
#15392 = CARTESIAN_POINT('',(1.2,-0.8,1.56));
#15393 = VECTOR('',#15394,1.);
#15394 = DIRECTION('',(1.,0.,0.));
#15395 = PLANE('',#15396);
#15396 = AXIS2_PLACEMENT_3D('',#15397,#15398,#15399);
#15397 = CARTESIAN_POINT('',(1.2,-0.8,0.));
#15398 = DIRECTION('',(0.,1.,0.));
#15399 = DIRECTION('',(0.,-0.,1.));
#15400 = ADVANCED_FACE('',(#15401),#15420,.T.);
#15401 = FACE_BOUND('',#15402,.T.);
#15402 = EDGE_LOOP('',(#15403,#15404,#15412,#15419));
#15403 = ORIENTED_EDGE('',*,*,#15297,.T.);
#15404 = ORIENTED_EDGE('',*,*,#15405,.T.);
#15405 = EDGE_CURVE('',#15298,#15406,#15408,.T.);
#15406 = VERTEX_POINT('',#15407);
#15407 = CARTESIAN_POINT('',(1.6,-0.76,0.));
#15408 = LINE('',#15409,#15410);
#15409 = CARTESIAN_POINT('',(1.2,-0.76,0.));
#15410 = VECTOR('',#15411,1.);
#15411 = DIRECTION('',(1.,0.,0.));
#15412 = ORIENTED_EDGE('',*,*,#15413,.F.);
#15413 = EDGE_CURVE('',#15374,#15406,#15414,.T.);
#15414 = CIRCLE('',#15415,4.E-02);
#15415 = AXIS2_PLACEMENT_3D('',#15416,#15417,#15418);
#15416 = CARTESIAN_POINT('',(1.6,-0.76,4.E-02));
#15417 = DIRECTION('',(1.,0.,-0.));
#15418 = DIRECTION('',(0.,0.,1.));
#15419 = ORIENTED_EDGE('',*,*,#15383,.F.);
#15420 = CYLINDRICAL_SURFACE('',#15421,4.E-02);
#15421 = AXIS2_PLACEMENT_3D('',#15422,#15423,#15424);
#15422 = CARTESIAN_POINT('',(1.2,-0.76,4.E-02));
#15423 = DIRECTION('',(1.,0.,0.));
#15424 = DIRECTION('',(0.,-1.,0.));
#15425 = ADVANCED_FACE('',(#15426),#15445,.T.);
#15426 = FACE_BOUND('',#15427,.T.);
#15427 = EDGE_LOOP('',(#15428,#15429,#15438,#15444));
#15428 = ORIENTED_EDGE('',*,*,#15390,.T.);
#15429 = ORIENTED_EDGE('',*,*,#15430,.T.);
#15430 = EDGE_CURVE('',#15376,#15431,#15433,.T.);
#15431 = VERTEX_POINT('',#15432);
#15432 = CARTESIAN_POINT('',(1.6,-0.76,1.6));
#15433 = CIRCLE('',#15434,4.E-02);
#15434 = AXIS2_PLACEMENT_3D('',#15435,#15436,#15437);
#15435 = CARTESIAN_POINT('',(1.6,-0.76,1.56));
#15436 = DIRECTION('',(-1.,0.,0.));
#15437 = DIRECTION('',(0.,0.,1.));
#15438 = ORIENTED_EDGE('',*,*,#15439,.F.);
#15439 = EDGE_CURVE('',#15341,#15431,#15440,.T.);
#15440 = LINE('',#15441,#15442);
#15441 = CARTESIAN_POINT('',(1.2,-0.76,1.6));
#15442 = VECTOR('',#15443,1.);
#15443 = DIRECTION('',(1.,0.,0.));
#15444 = ORIENTED_EDGE('',*,*,#15348,.F.);
#15445 = CYLINDRICAL_SURFACE('',#15446,4.E-02);
#15446 = AXIS2_PLACEMENT_3D('',#15447,#15448,#15449);
#15447 = CARTESIAN_POINT('',(1.2,-0.76,1.56));
#15448 = DIRECTION('',(1.,0.,0.));
#15449 = DIRECTION('',(0.,-1.,0.));
#15450 = ADVANCED_FACE('',(#15451),#15469,.F.);
#15451 = FACE_BOUND('',#15452,.F.);
#15452 = EDGE_LOOP('',(#15453,#15454,#15455,#15463));
#15453 = ORIENTED_EDGE('',*,*,#15306,.F.);
#15454 = ORIENTED_EDGE('',*,*,#15405,.T.);
#15455 = ORIENTED_EDGE('',*,*,#15456,.T.);
#15456 = EDGE_CURVE('',#15406,#15457,#15459,.T.);
#15457 = VERTEX_POINT('',#15458);
#15458 = CARTESIAN_POINT('',(1.6,0.76,0.));
#15459 = LINE('',#15460,#15461);
#15460 = CARTESIAN_POINT('',(1.6,-0.8,0.));
#15461 = VECTOR('',#15462,1.);
#15462 = DIRECTION('',(0.,1.,0.));
#15463 = ORIENTED_EDGE('',*,*,#15464,.F.);
#15464 = EDGE_CURVE('',#15307,#15457,#15465,.T.);
#15465 = LINE('',#15466,#15467);
#15466 = CARTESIAN_POINT('',(1.2,0.76,0.));
#15467 = VECTOR('',#15468,1.);
#15468 = DIRECTION('',(1.,0.,0.));
#15469 = PLANE('',#15470);
#15470 = AXIS2_PLACEMENT_3D('',#15471,#15472,#15473);
#15471 = CARTESIAN_POINT('',(1.2,-0.8,0.));
#15472 = DIRECTION('',(0.,0.,1.));
#15473 = DIRECTION('',(1.,0.,-0.));
#15474 = ADVANCED_FACE('',(#15475),#15493,.T.);
#15475 = FACE_BOUND('',#15476,.T.);
#15476 = EDGE_LOOP('',(#15477,#15478,#15479,#15487));
#15477 = ORIENTED_EDGE('',*,*,#15340,.F.);
#15478 = ORIENTED_EDGE('',*,*,#15439,.T.);
#15479 = ORIENTED_EDGE('',*,*,#15480,.T.);
#15480 = EDGE_CURVE('',#15431,#15481,#15483,.T.);
#15481 = VERTEX_POINT('',#15482);
#15482 = CARTESIAN_POINT('',(1.6,0.76,1.6));
#15483 = LINE('',#15484,#15485);
#15484 = CARTESIAN_POINT('',(1.6,-0.8,1.6));
#15485 = VECTOR('',#15486,1.);
#15486 = DIRECTION('',(0.,1.,0.));
#15487 = ORIENTED_EDGE('',*,*,#15488,.F.);
#15488 = EDGE_CURVE('',#15332,#15481,#15489,.T.);
#15489 = LINE('',#15490,#15491);
#15490 = CARTESIAN_POINT('',(1.2,0.76,1.6));
#15491 = VECTOR('',#15492,1.);
#15492 = DIRECTION('',(1.,0.,0.));
#15493 = PLANE('',#15494);
#15494 = AXIS2_PLACEMENT_3D('',#15495,#15496,#15497);
#15495 = CARTESIAN_POINT('',(1.2,-0.8,1.6));
#15496 = DIRECTION('',(0.,0.,1.));
#15497 = DIRECTION('',(1.,0.,-0.));
#15498 = ADVANCED_FACE('',(#15499),#15518,.T.);
#15499 = FACE_BOUND('',#15500,.T.);
#15500 = EDGE_LOOP('',(#15501,#15509,#15516,#15517));
#15501 = ORIENTED_EDGE('',*,*,#15502,.T.);
#15502 = EDGE_CURVE('',#15315,#15503,#15505,.T.);
#15503 = VERTEX_POINT('',#15504);
#15504 = CARTESIAN_POINT('',(1.6,0.8,4.E-02));
#15505 = LINE('',#15506,#15507);
#15506 = CARTESIAN_POINT('',(1.2,0.8,4.E-02));
#15507 = VECTOR('',#15508,1.);
#15508 = DIRECTION('',(1.,0.,0.));
#15509 = ORIENTED_EDGE('',*,*,#15510,.T.);
#15510 = EDGE_CURVE('',#15503,#15457,#15511,.T.);
#15511 = CIRCLE('',#15512,4.E-02);
#15512 = AXIS2_PLACEMENT_3D('',#15513,#15514,#15515);
#15513 = CARTESIAN_POINT('',(1.6,0.76,4.E-02));
#15514 = DIRECTION('',(-1.,0.,0.));
#15515 = DIRECTION('',(0.,0.,1.));
#15516 = ORIENTED_EDGE('',*,*,#15464,.F.);
#15517 = ORIENTED_EDGE('',*,*,#15314,.F.);
#15518 = CYLINDRICAL_SURFACE('',#15519,4.E-02);
#15519 = AXIS2_PLACEMENT_3D('',#15520,#15521,#15522);
#15520 = CARTESIAN_POINT('',(1.2,0.76,4.E-02));
#15521 = DIRECTION('',(1.,0.,0.));
#15522 = DIRECTION('',(-0.,1.,0.));
#15523 = ADVANCED_FACE('',(#15524),#15543,.T.);
#15524 = FACE_BOUND('',#15525,.T.);
#15525 = EDGE_LOOP('',(#15526,#15527,#15528,#15537));
#15526 = ORIENTED_EDGE('',*,*,#15331,.T.);
#15527 = ORIENTED_EDGE('',*,*,#15488,.T.);
#15528 = ORIENTED_EDGE('',*,*,#15529,.F.);
#15529 = EDGE_CURVE('',#15530,#15481,#15532,.T.);
#15530 = VERTEX_POINT('',#15531);
#15531 = CARTESIAN_POINT('',(1.6,0.8,1.56));
#15532 = CIRCLE('',#15533,4.E-02);
#15533 = AXIS2_PLACEMENT_3D('',#15534,#15535,#15536);
#15534 = CARTESIAN_POINT('',(1.6,0.76,1.56));
#15535 = DIRECTION('',(1.,0.,-0.));
#15536 = DIRECTION('',(0.,0.,1.));
#15537 = ORIENTED_EDGE('',*,*,#15538,.F.);
#15538 = EDGE_CURVE('',#15324,#15530,#15539,.T.);
#15539 = LINE('',#15540,#15541);
#15540 = CARTESIAN_POINT('',(1.2,0.8,1.56));
#15541 = VECTOR('',#15542,1.);
#15542 = DIRECTION('',(1.,0.,0.));
#15543 = CYLINDRICAL_SURFACE('',#15544,4.E-02);
#15544 = AXIS2_PLACEMENT_3D('',#15545,#15546,#15547);
#15545 = CARTESIAN_POINT('',(1.2,0.76,1.56));
#15546 = DIRECTION('',(1.,0.,0.));
#15547 = DIRECTION('',(-0.,1.,0.));
#15548 = ADVANCED_FACE('',(#15549),#15560,.T.);
#15549 = FACE_BOUND('',#15550,.T.);
#15550 = EDGE_LOOP('',(#15551,#15557,#15558,#15559));
#15551 = ORIENTED_EDGE('',*,*,#15552,.F.);
#15552 = EDGE_CURVE('',#15503,#15530,#15553,.T.);
#15553 = LINE('',#15554,#15555);
#15554 = CARTESIAN_POINT('',(1.6,0.8,0.));
#15555 = VECTOR('',#15556,1.);
#15556 = DIRECTION('',(0.,0.,1.));
#15557 = ORIENTED_EDGE('',*,*,#15502,.F.);
#15558 = ORIENTED_EDGE('',*,*,#15323,.T.);
#15559 = ORIENTED_EDGE('',*,*,#15538,.T.);
#15560 = PLANE('',#15561);
#15561 = AXIS2_PLACEMENT_3D('',#15562,#15563,#15564);
#15562 = CARTESIAN_POINT('',(1.2,0.8,0.));
#15563 = DIRECTION('',(0.,1.,0.));
#15564 = DIRECTION('',(0.,-0.,1.));
#15565 = ADVANCED_FACE('',(#15566),#15576,.T.);
#15566 = FACE_BOUND('',#15567,.T.);
#15567 = EDGE_LOOP('',(#15568,#15569,#15570,#15571,#15572,#15573,#15574,
    #15575));
#15568 = ORIENTED_EDGE('',*,*,#15373,.F.);
#15569 = ORIENTED_EDGE('',*,*,#15413,.T.);
#15570 = ORIENTED_EDGE('',*,*,#15456,.T.);
#15571 = ORIENTED_EDGE('',*,*,#15510,.F.);
#15572 = ORIENTED_EDGE('',*,*,#15552,.T.);
#15573 = ORIENTED_EDGE('',*,*,#15529,.T.);
#15574 = ORIENTED_EDGE('',*,*,#15480,.F.);
#15575 = ORIENTED_EDGE('',*,*,#15430,.F.);
#15576 = PLANE('',#15577);
#15577 = AXIS2_PLACEMENT_3D('',#15578,#15579,#15580);
#15578 = CARTESIAN_POINT('',(1.6,-0.8,0.));
#15579 = DIRECTION('',(1.,0.,0.));
#15580 = DIRECTION('',(0.,0.,1.));
#15581 = ( GEOMETRIC_REPRESENTATION_CONTEXT(3) 
GLOBAL_UNCERTAINTY_ASSIGNED_CONTEXT((#15585)) 
GLOBAL_UNIT_ASSIGNED_CONTEXT((#15582,#15583,#15584)) 
REPRESENTATION_CONTEXT('Context #1',
  '3D Context with UNIT and UNCERTAINTY') );
#15582 = ( LENGTH_UNIT() NAMED_UNIT(*) SI_UNIT(.MILLI.,.METRE.) );
#15583 = ( NAMED_UNIT(*) PLANE_ANGLE_UNIT() SI_UNIT($,.RADIAN.) );
#15584 = ( NAMED_UNIT(*) SI_UNIT($,.STERADIAN.) SOLID_ANGLE_UNIT() );
#15585 = UNCERTAINTY_MEASURE_WITH_UNIT(LENGTH_MEASURE(1.E-07),#15582,
  'distance_accuracy_value','confusion accuracy');
#15586 = CONTEXT_DEPENDENT_SHAPE_REPRESENTATION(#15587,#15589);
#15587 = ( REPRESENTATION_RELATIONSHIP('','',#14726,#10) 
REPRESENTATION_RELATIONSHIP_WITH_TRANSFORMATION(#15588) 
SHAPE_REPRESENTATION_RELATIONSHIP() );
#15588 = ITEM_DEFINED_TRANSFORMATION('','',#11,#75);
#15589 = PRODUCT_DEFINITION_SHAPE('Placement','Placement of an item',
  #15590);
#15590 = NEXT_ASSEMBLY_USAGE_OCCURRENCE('16','C26','',#5,#14721,$);
#15591 = PRODUCT_RELATED_PRODUCT_CATEGORY('part',$,(#14723));
#15592 = CONTEXT_DEPENDENT_SHAPE_REPRESENTATION(#15593,#15595);
#15593 = ( REPRESENTATION_RELATIONSHIP('','',#120,#10) 
REPRESENTATION_RELATIONSHIP_WITH_TRANSFORMATION(#15594) 
SHAPE_REPRESENTATION_RELATIONSHIP() );
#15594 = ITEM_DEFINED_TRANSFORMATION('','',#11,#79);
#15595 = PRODUCT_DEFINITION_SHAPE('Placement','Placement of an item',
  #15596);
#15596 = NEXT_ASSEMBLY_USAGE_OCCURRENCE('17','R18','',#5,#115,$);
#15597 = CONTEXT_DEPENDENT_SHAPE_REPRESENTATION(#15598,#15600);
#15598 = ( REPRESENTATION_RELATIONSHIP('','',#929,#10) 
REPRESENTATION_RELATIONSHIP_WITH_TRANSFORMATION(#15599) 
SHAPE_REPRESENTATION_RELATIONSHIP() );
#15599 = ITEM_DEFINED_TRANSFORMATION('','',#11,#83);
#15600 = PRODUCT_DEFINITION_SHAPE('Placement','Placement of an item',
  #15601);
#15601 = NEXT_ASSEMBLY_USAGE_OCCURRENCE('18','C9','',#5,#924,$);
#15602 = CONTEXT_DEPENDENT_SHAPE_REPRESENTATION(#15603,#15605);
#15603 = ( REPRESENTATION_RELATIONSHIP('','',#13912,#10) 
REPRESENTATION_RELATIONSHIP_WITH_TRANSFORMATION(#15604) 
SHAPE_REPRESENTATION_RELATIONSHIP() );
#15604 = ITEM_DEFINED_TRANSFORMATION('','',#11,#87);
#15605 = PRODUCT_DEFINITION_SHAPE('Placement','Placement of an item',
  #15606);
#15606 = NEXT_ASSEMBLY_USAGE_OCCURRENCE('19','R24','',#5,#13907,$);
#15607 = CONTEXT_DEPENDENT_SHAPE_REPRESENTATION(#15608,#15610);
#15608 = ( REPRESENTATION_RELATIONSHIP('','',#120,#10) 
REPRESENTATION_RELATIONSHIP_WITH_TRANSFORMATION(#15609) 
SHAPE_REPRESENTATION_RELATIONSHIP() );
#15609 = ITEM_DEFINED_TRANSFORMATION('','',#11,#91);
#15610 = PRODUCT_DEFINITION_SHAPE('Placement','Placement of an item',
  #15611);
#15611 = NEXT_ASSEMBLY_USAGE_OCCURRENCE('20','R14','',#5,#115,$);
#15612 = CONTEXT_DEPENDENT_SHAPE_REPRESENTATION(#15613,#15615);
#15613 = ( REPRESENTATION_RELATIONSHIP('','',#120,#10) 
REPRESENTATION_RELATIONSHIP_WITH_TRANSFORMATION(#15614) 
SHAPE_REPRESENTATION_RELATIONSHIP() );
#15614 = ITEM_DEFINED_TRANSFORMATION('','',#11,#95);
#15615 = PRODUCT_DEFINITION_SHAPE('Placement','Placement of an item',
  #15616);
#15616 = NEXT_ASSEMBLY_USAGE_OCCURRENCE('21','R12','',#5,#115,$);
#15617 = CONTEXT_DEPENDENT_SHAPE_REPRESENTATION(#15618,#15620);
#15618 = ( REPRESENTATION_RELATIONSHIP('','',#929,#10) 
REPRESENTATION_RELATIONSHIP_WITH_TRANSFORMATION(#15619) 
SHAPE_REPRESENTATION_RELATIONSHIP() );
#15619 = ITEM_DEFINED_TRANSFORMATION('','',#11,#99);
#15620 = PRODUCT_DEFINITION_SHAPE('Placement','Placement of an item',
  #15621);
#15621 = NEXT_ASSEMBLY_USAGE_OCCURRENCE('22','C7','',#5,#924,$);
#15622 = SHAPE_DEFINITION_REPRESENTATION(#15623,#15629);
#15623 = PRODUCT_DEFINITION_SHAPE('','',#15624);
#15624 = PRODUCT_DEFINITION('design','',#15625,#15628);
#15625 = PRODUCT_DEFINITION_FORMATION('','',#15626);
#15626 = PRODUCT('motor drivers_PCB','motor drivers_PCB','',(#15627));
#15627 = PRODUCT_CONTEXT('',#2,'mechanical');
#15628 = PRODUCT_DEFINITION_CONTEXT('part definition',#2,'design');
#15629 = ADVANCED_BREP_SHAPE_REPRESENTATION('',(#11,#15630),#15780);
#15630 = MANIFOLD_SOLID_BREP('',#15631);
#15631 = CLOSED_SHELL('',(#15632,#15672,#15703,#15734,#15756,#15768));
#15632 = ADVANCED_FACE('',(#15633),#15667,.T.);
#15633 = FACE_BOUND('',#15634,.T.);
#15634 = EDGE_LOOP('',(#15635,#15645,#15653,#15661));
#15635 = ORIENTED_EDGE('',*,*,#15636,.T.);
#15636 = EDGE_CURVE('',#15637,#15639,#15641,.T.);
#15637 = VERTEX_POINT('',#15638);
#15638 = CARTESIAN_POINT('',(202.9,-100.475,0.));
#15639 = VERTEX_POINT('',#15640);
#15640 = CARTESIAN_POINT('',(202.9,-100.475,1.51));
#15641 = LINE('',#15642,#15643);
#15642 = CARTESIAN_POINT('',(202.9,-100.475,0.));
#15643 = VECTOR('',#15644,1.);
#15644 = DIRECTION('',(0.,0.,1.));
#15645 = ORIENTED_EDGE('',*,*,#15646,.T.);
#15646 = EDGE_CURVE('',#15639,#15647,#15649,.T.);
#15647 = VERTEX_POINT('',#15648);
#15648 = CARTESIAN_POINT('',(177.9,-100.475,1.51));
#15649 = LINE('',#15650,#15651);
#15650 = CARTESIAN_POINT('',(202.9,-100.475,1.51));
#15651 = VECTOR('',#15652,1.);
#15652 = DIRECTION('',(-1.,0.,0.));
#15653 = ORIENTED_EDGE('',*,*,#15654,.F.);
#15654 = EDGE_CURVE('',#15655,#15647,#15657,.T.);
#15655 = VERTEX_POINT('',#15656);
#15656 = CARTESIAN_POINT('',(177.9,-100.475,0.));
#15657 = LINE('',#15658,#15659);
#15658 = CARTESIAN_POINT('',(177.9,-100.475,0.));
#15659 = VECTOR('',#15660,1.);
#15660 = DIRECTION('',(0.,0.,1.));
#15661 = ORIENTED_EDGE('',*,*,#15662,.F.);
#15662 = EDGE_CURVE('',#15637,#15655,#15663,.T.);
#15663 = LINE('',#15664,#15665);
#15664 = CARTESIAN_POINT('',(202.9,-100.475,0.));
#15665 = VECTOR('',#15666,1.);
#15666 = DIRECTION('',(-1.,0.,0.));
#15667 = PLANE('',#15668);
#15668 = AXIS2_PLACEMENT_3D('',#15669,#15670,#15671);
#15669 = CARTESIAN_POINT('',(202.9,-100.475,0.));
#15670 = DIRECTION('',(0.,-1.,0.));
#15671 = DIRECTION('',(-1.,0.,0.));
#15672 = ADVANCED_FACE('',(#15673),#15698,.T.);
#15673 = FACE_BOUND('',#15674,.T.);
#15674 = EDGE_LOOP('',(#15675,#15676,#15684,#15692));
#15675 = ORIENTED_EDGE('',*,*,#15654,.T.);
#15676 = ORIENTED_EDGE('',*,*,#15677,.T.);
#15677 = EDGE_CURVE('',#15647,#15678,#15680,.T.);
#15678 = VERTEX_POINT('',#15679);
#15679 = CARTESIAN_POINT('',(177.9,-73.475,1.51));
#15680 = LINE('',#15681,#15682);
#15681 = CARTESIAN_POINT('',(177.9,-100.475,1.51));
#15682 = VECTOR('',#15683,1.);
#15683 = DIRECTION('',(0.,1.,0.));
#15684 = ORIENTED_EDGE('',*,*,#15685,.F.);
#15685 = EDGE_CURVE('',#15686,#15678,#15688,.T.);
#15686 = VERTEX_POINT('',#15687);
#15687 = CARTESIAN_POINT('',(177.9,-73.475,0.));
#15688 = LINE('',#15689,#15690);
#15689 = CARTESIAN_POINT('',(177.9,-73.475,0.));
#15690 = VECTOR('',#15691,1.);
#15691 = DIRECTION('',(0.,0.,1.));
#15692 = ORIENTED_EDGE('',*,*,#15693,.F.);
#15693 = EDGE_CURVE('',#15655,#15686,#15694,.T.);
#15694 = LINE('',#15695,#15696);
#15695 = CARTESIAN_POINT('',(177.9,-100.475,0.));
#15696 = VECTOR('',#15697,1.);
#15697 = DIRECTION('',(0.,1.,0.));
#15698 = PLANE('',#15699);
#15699 = AXIS2_PLACEMENT_3D('',#15700,#15701,#15702);
#15700 = CARTESIAN_POINT('',(177.9,-100.475,0.));
#15701 = DIRECTION('',(-1.,0.,0.));
#15702 = DIRECTION('',(0.,1.,0.));
#15703 = ADVANCED_FACE('',(#15704),#15729,.T.);
#15704 = FACE_BOUND('',#15705,.T.);
#15705 = EDGE_LOOP('',(#15706,#15707,#15715,#15723));
#15706 = ORIENTED_EDGE('',*,*,#15685,.T.);
#15707 = ORIENTED_EDGE('',*,*,#15708,.T.);
#15708 = EDGE_CURVE('',#15678,#15709,#15711,.T.);
#15709 = VERTEX_POINT('',#15710);
#15710 = CARTESIAN_POINT('',(202.9,-73.475,1.51));
#15711 = LINE('',#15712,#15713);
#15712 = CARTESIAN_POINT('',(177.9,-73.475,1.51));
#15713 = VECTOR('',#15714,1.);
#15714 = DIRECTION('',(1.,0.,0.));
#15715 = ORIENTED_EDGE('',*,*,#15716,.F.);
#15716 = EDGE_CURVE('',#15717,#15709,#15719,.T.);
#15717 = VERTEX_POINT('',#15718);
#15718 = CARTESIAN_POINT('',(202.9,-73.475,0.));
#15719 = LINE('',#15720,#15721);
#15720 = CARTESIAN_POINT('',(202.9,-73.475,0.));
#15721 = VECTOR('',#15722,1.);
#15722 = DIRECTION('',(0.,0.,1.));
#15723 = ORIENTED_EDGE('',*,*,#15724,.F.);
#15724 = EDGE_CURVE('',#15686,#15717,#15725,.T.);
#15725 = LINE('',#15726,#15727);
#15726 = CARTESIAN_POINT('',(177.9,-73.475,0.));
#15727 = VECTOR('',#15728,1.);
#15728 = DIRECTION('',(1.,0.,0.));
#15729 = PLANE('',#15730);
#15730 = AXIS2_PLACEMENT_3D('',#15731,#15732,#15733);
#15731 = CARTESIAN_POINT('',(177.9,-73.475,0.));
#15732 = DIRECTION('',(0.,1.,0.));
#15733 = DIRECTION('',(1.,0.,0.));
#15734 = ADVANCED_FACE('',(#15735),#15751,.T.);
#15735 = FACE_BOUND('',#15736,.T.);
#15736 = EDGE_LOOP('',(#15737,#15738,#15744,#15745));
#15737 = ORIENTED_EDGE('',*,*,#15716,.T.);
#15738 = ORIENTED_EDGE('',*,*,#15739,.T.);
#15739 = EDGE_CURVE('',#15709,#15639,#15740,.T.);
#15740 = LINE('',#15741,#15742);
#15741 = CARTESIAN_POINT('',(202.9,-73.475,1.51));
#15742 = VECTOR('',#15743,1.);
#15743 = DIRECTION('',(0.,-1.,0.));
#15744 = ORIENTED_EDGE('',*,*,#15636,.F.);
#15745 = ORIENTED_EDGE('',*,*,#15746,.F.);
#15746 = EDGE_CURVE('',#15717,#15637,#15747,.T.);
#15747 = LINE('',#15748,#15749);
#15748 = CARTESIAN_POINT('',(202.9,-73.475,0.));
#15749 = VECTOR('',#15750,1.);
#15750 = DIRECTION('',(0.,-1.,0.));
#15751 = PLANE('',#15752);
#15752 = AXIS2_PLACEMENT_3D('',#15753,#15754,#15755);
#15753 = CARTESIAN_POINT('',(202.9,-73.475,0.));
#15754 = DIRECTION('',(1.,0.,-0.));
#15755 = DIRECTION('',(0.,-1.,0.));
#15756 = ADVANCED_FACE('',(#15757),#15763,.F.);
#15757 = FACE_BOUND('',#15758,.T.);
#15758 = EDGE_LOOP('',(#15759,#15760,#15761,#15762));
#15759 = ORIENTED_EDGE('',*,*,#15662,.T.);
#15760 = ORIENTED_EDGE('',*,*,#15693,.T.);
#15761 = ORIENTED_EDGE('',*,*,#15724,.T.);
#15762 = ORIENTED_EDGE('',*,*,#15746,.T.);
#15763 = PLANE('',#15764);
#15764 = AXIS2_PLACEMENT_3D('',#15765,#15766,#15767);
#15765 = CARTESIAN_POINT('',(0.,0.,0.));
#15766 = DIRECTION('',(0.,0.,1.));
#15767 = DIRECTION('',(1.,0.,-0.));
#15768 = ADVANCED_FACE('',(#15769),#15775,.T.);
#15769 = FACE_BOUND('',#15770,.F.);
#15770 = EDGE_LOOP('',(#15771,#15772,#15773,#15774));
#15771 = ORIENTED_EDGE('',*,*,#15646,.T.);
#15772 = ORIENTED_EDGE('',*,*,#15677,.T.);
#15773 = ORIENTED_EDGE('',*,*,#15708,.T.);
#15774 = ORIENTED_EDGE('',*,*,#15739,.T.);
#15775 = PLANE('',#15776);
#15776 = AXIS2_PLACEMENT_3D('',#15777,#15778,#15779);
#15777 = CARTESIAN_POINT('',(0.,0.,1.51));
#15778 = DIRECTION('',(0.,0.,1.));
#15779 = DIRECTION('',(1.,0.,-0.));
#15780 = ( GEOMETRIC_REPRESENTATION_CONTEXT(3) 
GLOBAL_UNCERTAINTY_ASSIGNED_CONTEXT((#15784)) 
GLOBAL_UNIT_ASSIGNED_CONTEXT((#15781,#15782,#15783)) 
REPRESENTATION_CONTEXT('Context #1',
  '3D Context with UNIT and UNCERTAINTY') );
#15781 = ( LENGTH_UNIT() NAMED_UNIT(*) SI_UNIT(.MILLI.,.METRE.) );
#15782 = ( NAMED_UNIT(*) PLANE_ANGLE_UNIT() SI_UNIT($,.RADIAN.) );
#15783 = ( NAMED_UNIT(*) SI_UNIT($,.STERADIAN.) SOLID_ANGLE_UNIT() );
#15784 = UNCERTAINTY_MEASURE_WITH_UNIT(LENGTH_MEASURE(1.E-07),#15781,
  'distance_accuracy_value','confusion accuracy');
#15785 = CONTEXT_DEPENDENT_SHAPE_REPRESENTATION(#15786,#15788);
#15786 = ( REPRESENTATION_RELATIONSHIP('','',#15629,#10) 
REPRESENTATION_RELATIONSHIP_WITH_TRANSFORMATION(#15787) 
SHAPE_REPRESENTATION_RELATIONSHIP() );
#15787 = ITEM_DEFINED_TRANSFORMATION('','',#11,#103);
#15788 = PRODUCT_DEFINITION_SHAPE('Placement','Placement of an item',
  #15789);
#15789 = NEXT_ASSEMBLY_USAGE_OCCURRENCE('23','=>[0:1:1:8]','',#5,#15624,
  $);
#15790 = PRODUCT_RELATED_PRODUCT_CATEGORY('part',$,(#15626));
#15791 = MECHANICAL_DESIGN_GEOMETRIC_PRESENTATION_REPRESENTATION('',(
    #15792,#15800,#15807,#15814,#15821,#15828,#15835,#15842,#15849,
    #15856,#15863,#15871,#15878,#15885,#15892,#15899,#15906,#15913,
    #15920,#15927,#15934,#15941,#15948,#15955,#15962,#15969,#15976,
    #15983),#15581);
#15792 = STYLED_ITEM('color',(#15793),#14729);
#15793 = PRESENTATION_STYLE_ASSIGNMENT((#15794));
#15794 = SURFACE_STYLE_USAGE(.BOTH.,#15795);
#15795 = SURFACE_SIDE_STYLE('',(#15796));
#15796 = SURFACE_STYLE_FILL_AREA(#15797);
#15797 = FILL_AREA_STYLE('',(#15798));
#15798 = FILL_AREA_STYLE_COLOUR('',#15799);
#15799 = COLOUR_RGB('',0.823999987314,0.819999987296,0.781000009244);
#15800 = STYLED_ITEM('color',(#15801),#14805);
#15801 = PRESENTATION_STYLE_ASSIGNMENT((#15802));
#15802 = SURFACE_STYLE_USAGE(.BOTH.,#15803);
#15803 = SURFACE_SIDE_STYLE('',(#15804));
#15804 = SURFACE_STYLE_FILL_AREA(#15805);
#15805 = FILL_AREA_STYLE('',(#15806));
#15806 = FILL_AREA_STYLE_COLOUR('',#15799);
#15807 = STYLED_ITEM('color',(#15808),#14836);
#15808 = PRESENTATION_STYLE_ASSIGNMENT((#15809));
#15809 = SURFACE_STYLE_USAGE(.BOTH.,#15810);
#15810 = SURFACE_SIDE_STYLE('',(#15811));
#15811 = SURFACE_STYLE_FILL_AREA(#15812);
#15812 = FILL_AREA_STYLE('',(#15813));
#15813 = FILL_AREA_STYLE_COLOUR('',#15799);
#15814 = STYLED_ITEM('color',(#15815),#14861);
#15815 = PRESENTATION_STYLE_ASSIGNMENT((#15816));
#15816 = SURFACE_STYLE_USAGE(.BOTH.,#15817);
#15817 = SURFACE_SIDE_STYLE('',(#15818));
#15818 = SURFACE_STYLE_FILL_AREA(#15819);
#15819 = FILL_AREA_STYLE('',(#15820));
#15820 = FILL_AREA_STYLE_COLOUR('',#15799);
#15821 = STYLED_ITEM('color',(#15822),#14886);
#15822 = PRESENTATION_STYLE_ASSIGNMENT((#15823));
#15823 = SURFACE_STYLE_USAGE(.BOTH.,#15824);
#15824 = SURFACE_SIDE_STYLE('',(#15825));
#15825 = SURFACE_STYLE_FILL_AREA(#15826);
#15826 = FILL_AREA_STYLE('',(#15827));
#15827 = FILL_AREA_STYLE_COLOUR('',#15799);
#15828 = STYLED_ITEM('color',(#15829),#14910);
#15829 = PRESENTATION_STYLE_ASSIGNMENT((#15830));
#15830 = SURFACE_STYLE_USAGE(.BOTH.,#15831);
#15831 = SURFACE_SIDE_STYLE('',(#15832));
#15832 = SURFACE_STYLE_FILL_AREA(#15833);
#15833 = FILL_AREA_STYLE('',(#15834));
#15834 = FILL_AREA_STYLE_COLOUR('',#15799);
#15835 = STYLED_ITEM('color',(#15836),#14934);
#15836 = PRESENTATION_STYLE_ASSIGNMENT((#15837));
#15837 = SURFACE_STYLE_USAGE(.BOTH.,#15838);
#15838 = SURFACE_SIDE_STYLE('',(#15839));
#15839 = SURFACE_STYLE_FILL_AREA(#15840);
#15840 = FILL_AREA_STYLE('',(#15841));
#15841 = FILL_AREA_STYLE_COLOUR('',#15799);
#15842 = STYLED_ITEM('color',(#15843),#14959);
#15843 = PRESENTATION_STYLE_ASSIGNMENT((#15844));
#15844 = SURFACE_STYLE_USAGE(.BOTH.,#15845);
#15845 = SURFACE_SIDE_STYLE('',(#15846));
#15846 = SURFACE_STYLE_FILL_AREA(#15847);
#15847 = FILL_AREA_STYLE('',(#15848));
#15848 = FILL_AREA_STYLE_COLOUR('',#15799);
#15849 = STYLED_ITEM('color',(#15850),#14984);
#15850 = PRESENTATION_STYLE_ASSIGNMENT((#15851));
#15851 = SURFACE_STYLE_USAGE(.BOTH.,#15852);
#15852 = SURFACE_SIDE_STYLE('',(#15853));
#15853 = SURFACE_STYLE_FILL_AREA(#15854);
#15854 = FILL_AREA_STYLE('',(#15855));
#15855 = FILL_AREA_STYLE_COLOUR('',#15799);
#15856 = STYLED_ITEM('color',(#15857),#15001);
#15857 = PRESENTATION_STYLE_ASSIGNMENT((#15858));
#15858 = SURFACE_STYLE_USAGE(.BOTH.,#15859);
#15859 = SURFACE_SIDE_STYLE('',(#15860));
#15860 = SURFACE_STYLE_FILL_AREA(#15861);
#15861 = FILL_AREA_STYLE('',(#15862));
#15862 = FILL_AREA_STYLE_COLOUR('',#15799);
#15863 = STYLED_ITEM('color',(#15864),#15087);
#15864 = PRESENTATION_STYLE_ASSIGNMENT((#15865));
#15865 = SURFACE_STYLE_USAGE(.BOTH.,#15866);
#15866 = SURFACE_SIDE_STYLE('',(#15867));
#15867 = SURFACE_STYLE_FILL_AREA(#15868);
#15868 = FILL_AREA_STYLE('',(#15869));
#15869 = FILL_AREA_STYLE_COLOUR('',#15870);
#15870 = COLOUR_RGB('',0.379000005575,0.270000008848,0.214999999939);
#15871 = STYLED_ITEM('color',(#15872),#15119);
#15872 = PRESENTATION_STYLE_ASSIGNMENT((#15873));
#15873 = SURFACE_STYLE_USAGE(.BOTH.,#15874);
#15874 = SURFACE_SIDE_STYLE('',(#15875));
#15875 = SURFACE_STYLE_FILL_AREA(#15876);
#15876 = FILL_AREA_STYLE('',(#15877));
#15877 = FILL_AREA_STYLE_COLOUR('',#15870);
#15878 = STYLED_ITEM('color',(#15879),#15143);
#15879 = PRESENTATION_STYLE_ASSIGNMENT((#15880));
#15880 = SURFACE_STYLE_USAGE(.BOTH.,#15881);
#15881 = SURFACE_SIDE_STYLE('',(#15882));
#15882 = SURFACE_STYLE_FILL_AREA(#15883);
#15883 = FILL_AREA_STYLE('',(#15884));
#15884 = FILL_AREA_STYLE_COLOUR('',#15870);
#15885 = STYLED_ITEM('color',(#15886),#15168);
#15886 = PRESENTATION_STYLE_ASSIGNMENT((#15887));
#15887 = SURFACE_STYLE_USAGE(.BOTH.,#15888);
#15888 = SURFACE_SIDE_STYLE('',(#15889));
#15889 = SURFACE_STYLE_FILL_AREA(#15890);
#15890 = FILL_AREA_STYLE('',(#15891));
#15891 = FILL_AREA_STYLE_COLOUR('',#15870);
#15892 = STYLED_ITEM('color',(#15893),#15192);
#15893 = PRESENTATION_STYLE_ASSIGNMENT((#15894));
#15894 = SURFACE_STYLE_USAGE(.BOTH.,#15895);
#15895 = SURFACE_SIDE_STYLE('',(#15896));
#15896 = SURFACE_STYLE_FILL_AREA(#15897);
#15897 = FILL_AREA_STYLE('',(#15898));
#15898 = FILL_AREA_STYLE_COLOUR('',#15870);
#15899 = STYLED_ITEM('color',(#15900),#15217);
#15900 = PRESENTATION_STYLE_ASSIGNMENT((#15901));
#15901 = SURFACE_STYLE_USAGE(.BOTH.,#15902);
#15902 = SURFACE_SIDE_STYLE('',(#15903));
#15903 = SURFACE_STYLE_FILL_AREA(#15904);
#15904 = FILL_AREA_STYLE('',(#15905));
#15905 = FILL_AREA_STYLE_COLOUR('',#15870);
#15906 = STYLED_ITEM('color',(#15907),#15241);
#15907 = PRESENTATION_STYLE_ASSIGNMENT((#15908));
#15908 = SURFACE_STYLE_USAGE(.BOTH.,#15909);
#15909 = SURFACE_SIDE_STYLE('',(#15910));
#15910 = SURFACE_STYLE_FILL_AREA(#15911);
#15911 = FILL_AREA_STYLE('',(#15912));
#15912 = FILL_AREA_STYLE_COLOUR('',#15870);
#15913 = STYLED_ITEM('color',(#15914),#15266);
#15914 = PRESENTATION_STYLE_ASSIGNMENT((#15915));
#15915 = SURFACE_STYLE_USAGE(.BOTH.,#15916);
#15916 = SURFACE_SIDE_STYLE('',(#15917));
#15917 = SURFACE_STYLE_FILL_AREA(#15918);
#15918 = FILL_AREA_STYLE('',(#15919));
#15919 = FILL_AREA_STYLE_COLOUR('',#15870);
#15920 = STYLED_ITEM('color',(#15921),#15283);
#15921 = PRESENTATION_STYLE_ASSIGNMENT((#15922));
#15922 = SURFACE_STYLE_USAGE(.BOTH.,#15923);
#15923 = SURFACE_SIDE_STYLE('',(#15924));
#15924 = SURFACE_STYLE_FILL_AREA(#15925);
#15925 = FILL_AREA_STYLE('',(#15926));
#15926 = FILL_AREA_STYLE_COLOUR('',#15799);
#15927 = STYLED_ITEM('color',(#15928),#15369);
#15928 = PRESENTATION_STYLE_ASSIGNMENT((#15929));
#15929 = SURFACE_STYLE_USAGE(.BOTH.,#15930);
#15930 = SURFACE_SIDE_STYLE('',(#15931));
#15931 = SURFACE_STYLE_FILL_AREA(#15932);
#15932 = FILL_AREA_STYLE('',(#15933));
#15933 = FILL_AREA_STYLE_COLOUR('',#15799);
#15934 = STYLED_ITEM('color',(#15935),#15400);
#15935 = PRESENTATION_STYLE_ASSIGNMENT((#15936));
#15936 = SURFACE_STYLE_USAGE(.BOTH.,#15937);
#15937 = SURFACE_SIDE_STYLE('',(#15938));
#15938 = SURFACE_STYLE_FILL_AREA(#15939);
#15939 = FILL_AREA_STYLE('',(#15940));
#15940 = FILL_AREA_STYLE_COLOUR('',#15799);
#15941 = STYLED_ITEM('color',(#15942),#15425);
#15942 = PRESENTATION_STYLE_ASSIGNMENT((#15943));
#15943 = SURFACE_STYLE_USAGE(.BOTH.,#15944);
#15944 = SURFACE_SIDE_STYLE('',(#15945));
#15945 = SURFACE_STYLE_FILL_AREA(#15946);
#15946 = FILL_AREA_STYLE('',(#15947));
#15947 = FILL_AREA_STYLE_COLOUR('',#15799);
#15948 = STYLED_ITEM('color',(#15949),#15450);
#15949 = PRESENTATION_STYLE_ASSIGNMENT((#15950));
#15950 = SURFACE_STYLE_USAGE(.BOTH.,#15951);
#15951 = SURFACE_SIDE_STYLE('',(#15952));
#15952 = SURFACE_STYLE_FILL_AREA(#15953);
#15953 = FILL_AREA_STYLE('',(#15954));
#15954 = FILL_AREA_STYLE_COLOUR('',#15799);
#15955 = STYLED_ITEM('color',(#15956),#15474);
#15956 = PRESENTATION_STYLE_ASSIGNMENT((#15957));
#15957 = SURFACE_STYLE_USAGE(.BOTH.,#15958);
#15958 = SURFACE_SIDE_STYLE('',(#15959));
#15959 = SURFACE_STYLE_FILL_AREA(#15960);
#15960 = FILL_AREA_STYLE('',(#15961));
#15961 = FILL_AREA_STYLE_COLOUR('',#15799);
#15962 = STYLED_ITEM('color',(#15963),#15498);
#15963 = PRESENTATION_STYLE_ASSIGNMENT((#15964));
#15964 = SURFACE_STYLE_USAGE(.BOTH.,#15965);
#15965 = SURFACE_SIDE_STYLE('',(#15966));
#15966 = SURFACE_STYLE_FILL_AREA(#15967);
#15967 = FILL_AREA_STYLE('',(#15968));
#15968 = FILL_AREA_STYLE_COLOUR('',#15799);
#15969 = STYLED_ITEM('color',(#15970),#15523);
#15970 = PRESENTATION_STYLE_ASSIGNMENT((#15971));
#15971 = SURFACE_STYLE_USAGE(.BOTH.,#15972);
#15972 = SURFACE_SIDE_STYLE('',(#15973));
#15973 = SURFACE_STYLE_FILL_AREA(#15974);
#15974 = FILL_AREA_STYLE('',(#15975));
#15975 = FILL_AREA_STYLE_COLOUR('',#15799);
#15976 = STYLED_ITEM('color',(#15977),#15548);
#15977 = PRESENTATION_STYLE_ASSIGNMENT((#15978));
#15978 = SURFACE_STYLE_USAGE(.BOTH.,#15979);
#15979 = SURFACE_SIDE_STYLE('',(#15980));
#15980 = SURFACE_STYLE_FILL_AREA(#15981);
#15981 = FILL_AREA_STYLE('',(#15982));
#15982 = FILL_AREA_STYLE_COLOUR('',#15799);
#15983 = STYLED_ITEM('color',(#15984),#15565);
#15984 = PRESENTATION_STYLE_ASSIGNMENT((#15985));
#15985 = SURFACE_STYLE_USAGE(.BOTH.,#15986);
#15986 = SURFACE_SIDE_STYLE('',(#15987));
#15987 = SURFACE_STYLE_FILL_AREA(#15988);
#15988 = FILL_AREA_STYLE('',(#15989));
#15989 = FILL_AREA_STYLE_COLOUR('',#15799);
#15990 = MECHANICAL_DESIGN_GEOMETRIC_PRESENTATION_REPRESENTATION('',(
    #15991,#15998,#16005,#16012,#16019,#16026,#16033,#16040,#16047,
    #16054,#16061,#16068,#16075,#16082,#16089,#16096,#16103,#16110,
    #16117,#16124,#16131,#16138,#16145,#16152,#16159,#16166,#16173,
    #16180),#1784);
#15991 = STYLED_ITEM('color',(#15992),#932);
#15992 = PRESENTATION_STYLE_ASSIGNMENT((#15993));
#15993 = SURFACE_STYLE_USAGE(.BOTH.,#15994);
#15994 = SURFACE_SIDE_STYLE('',(#15995));
#15995 = SURFACE_STYLE_FILL_AREA(#15996);
#15996 = FILL_AREA_STYLE('',(#15997));
#15997 = FILL_AREA_STYLE_COLOUR('',#15799);
#15998 = STYLED_ITEM('color',(#15999),#1008);
#15999 = PRESENTATION_STYLE_ASSIGNMENT((#16000));
#16000 = SURFACE_STYLE_USAGE(.BOTH.,#16001);
#16001 = SURFACE_SIDE_STYLE('',(#16002));
#16002 = SURFACE_STYLE_FILL_AREA(#16003);
#16003 = FILL_AREA_STYLE('',(#16004));
#16004 = FILL_AREA_STYLE_COLOUR('',#15799);
#16005 = STYLED_ITEM('color',(#16006),#1039);
#16006 = PRESENTATION_STYLE_ASSIGNMENT((#16007));
#16007 = SURFACE_STYLE_USAGE(.BOTH.,#16008);
#16008 = SURFACE_SIDE_STYLE('',(#16009));
#16009 = SURFACE_STYLE_FILL_AREA(#16010);
#16010 = FILL_AREA_STYLE('',(#16011));
#16011 = FILL_AREA_STYLE_COLOUR('',#15799);
#16012 = STYLED_ITEM('color',(#16013),#1064);
#16013 = PRESENTATION_STYLE_ASSIGNMENT((#16014));
#16014 = SURFACE_STYLE_USAGE(.BOTH.,#16015);
#16015 = SURFACE_SIDE_STYLE('',(#16016));
#16016 = SURFACE_STYLE_FILL_AREA(#16017);
#16017 = FILL_AREA_STYLE('',(#16018));
#16018 = FILL_AREA_STYLE_COLOUR('',#15799);
#16019 = STYLED_ITEM('color',(#16020),#1089);
#16020 = PRESENTATION_STYLE_ASSIGNMENT((#16021));
#16021 = SURFACE_STYLE_USAGE(.BOTH.,#16022);
#16022 = SURFACE_SIDE_STYLE('',(#16023));
#16023 = SURFACE_STYLE_FILL_AREA(#16024);
#16024 = FILL_AREA_STYLE('',(#16025));
#16025 = FILL_AREA_STYLE_COLOUR('',#15799);
#16026 = STYLED_ITEM('color',(#16027),#1113);
#16027 = PRESENTATION_STYLE_ASSIGNMENT((#16028));
#16028 = SURFACE_STYLE_USAGE(.BOTH.,#16029);
#16029 = SURFACE_SIDE_STYLE('',(#16030));
#16030 = SURFACE_STYLE_FILL_AREA(#16031);
#16031 = FILL_AREA_STYLE('',(#16032));
#16032 = FILL_AREA_STYLE_COLOUR('',#15799);
#16033 = STYLED_ITEM('color',(#16034),#1137);
#16034 = PRESENTATION_STYLE_ASSIGNMENT((#16035));
#16035 = SURFACE_STYLE_USAGE(.BOTH.,#16036);
#16036 = SURFACE_SIDE_STYLE('',(#16037));
#16037 = SURFACE_STYLE_FILL_AREA(#16038);
#16038 = FILL_AREA_STYLE('',(#16039));
#16039 = FILL_AREA_STYLE_COLOUR('',#15799);
#16040 = STYLED_ITEM('color',(#16041),#1162);
#16041 = PRESENTATION_STYLE_ASSIGNMENT((#16042));
#16042 = SURFACE_STYLE_USAGE(.BOTH.,#16043);
#16043 = SURFACE_SIDE_STYLE('',(#16044));
#16044 = SURFACE_STYLE_FILL_AREA(#16045);
#16045 = FILL_AREA_STYLE('',(#16046));
#16046 = FILL_AREA_STYLE_COLOUR('',#15799);
#16047 = STYLED_ITEM('color',(#16048),#1187);
#16048 = PRESENTATION_STYLE_ASSIGNMENT((#16049));
#16049 = SURFACE_STYLE_USAGE(.BOTH.,#16050);
#16050 = SURFACE_SIDE_STYLE('',(#16051));
#16051 = SURFACE_STYLE_FILL_AREA(#16052);
#16052 = FILL_AREA_STYLE('',(#16053));
#16053 = FILL_AREA_STYLE_COLOUR('',#15799);
#16054 = STYLED_ITEM('color',(#16055),#1204);
#16055 = PRESENTATION_STYLE_ASSIGNMENT((#16056));
#16056 = SURFACE_STYLE_USAGE(.BOTH.,#16057);
#16057 = SURFACE_SIDE_STYLE('',(#16058));
#16058 = SURFACE_STYLE_FILL_AREA(#16059);
#16059 = FILL_AREA_STYLE('',(#16060));
#16060 = FILL_AREA_STYLE_COLOUR('',#15799);
#16061 = STYLED_ITEM('color',(#16062),#1290);
#16062 = PRESENTATION_STYLE_ASSIGNMENT((#16063));
#16063 = SURFACE_STYLE_USAGE(.BOTH.,#16064);
#16064 = SURFACE_SIDE_STYLE('',(#16065));
#16065 = SURFACE_STYLE_FILL_AREA(#16066);
#16066 = FILL_AREA_STYLE('',(#16067));
#16067 = FILL_AREA_STYLE_COLOUR('',#15870);
#16068 = STYLED_ITEM('color',(#16069),#1322);
#16069 = PRESENTATION_STYLE_ASSIGNMENT((#16070));
#16070 = SURFACE_STYLE_USAGE(.BOTH.,#16071);
#16071 = SURFACE_SIDE_STYLE('',(#16072));
#16072 = SURFACE_STYLE_FILL_AREA(#16073);
#16073 = FILL_AREA_STYLE('',(#16074));
#16074 = FILL_AREA_STYLE_COLOUR('',#15870);
#16075 = STYLED_ITEM('color',(#16076),#1346);
#16076 = PRESENTATION_STYLE_ASSIGNMENT((#16077));
#16077 = SURFACE_STYLE_USAGE(.BOTH.,#16078);
#16078 = SURFACE_SIDE_STYLE('',(#16079));
#16079 = SURFACE_STYLE_FILL_AREA(#16080);
#16080 = FILL_AREA_STYLE('',(#16081));
#16081 = FILL_AREA_STYLE_COLOUR('',#15870);
#16082 = STYLED_ITEM('color',(#16083),#1371);
#16083 = PRESENTATION_STYLE_ASSIGNMENT((#16084));
#16084 = SURFACE_STYLE_USAGE(.BOTH.,#16085);
#16085 = SURFACE_SIDE_STYLE('',(#16086));
#16086 = SURFACE_STYLE_FILL_AREA(#16087);
#16087 = FILL_AREA_STYLE('',(#16088));
#16088 = FILL_AREA_STYLE_COLOUR('',#15870);
#16089 = STYLED_ITEM('color',(#16090),#1395);
#16090 = PRESENTATION_STYLE_ASSIGNMENT((#16091));
#16091 = SURFACE_STYLE_USAGE(.BOTH.,#16092);
#16092 = SURFACE_SIDE_STYLE('',(#16093));
#16093 = SURFACE_STYLE_FILL_AREA(#16094);
#16094 = FILL_AREA_STYLE('',(#16095));
#16095 = FILL_AREA_STYLE_COLOUR('',#15870);
#16096 = STYLED_ITEM('color',(#16097),#1420);
#16097 = PRESENTATION_STYLE_ASSIGNMENT((#16098));
#16098 = SURFACE_STYLE_USAGE(.BOTH.,#16099);
#16099 = SURFACE_SIDE_STYLE('',(#16100));
#16100 = SURFACE_STYLE_FILL_AREA(#16101);
#16101 = FILL_AREA_STYLE('',(#16102));
#16102 = FILL_AREA_STYLE_COLOUR('',#15870);
#16103 = STYLED_ITEM('color',(#16104),#1444);
#16104 = PRESENTATION_STYLE_ASSIGNMENT((#16105));
#16105 = SURFACE_STYLE_USAGE(.BOTH.,#16106);
#16106 = SURFACE_SIDE_STYLE('',(#16107));
#16107 = SURFACE_STYLE_FILL_AREA(#16108);
#16108 = FILL_AREA_STYLE('',(#16109));
#16109 = FILL_AREA_STYLE_COLOUR('',#15870);
#16110 = STYLED_ITEM('color',(#16111),#1469);
#16111 = PRESENTATION_STYLE_ASSIGNMENT((#16112));
#16112 = SURFACE_STYLE_USAGE(.BOTH.,#16113);
#16113 = SURFACE_SIDE_STYLE('',(#16114));
#16114 = SURFACE_STYLE_FILL_AREA(#16115);
#16115 = FILL_AREA_STYLE('',(#16116));
#16116 = FILL_AREA_STYLE_COLOUR('',#15870);
#16117 = STYLED_ITEM('color',(#16118),#1486);
#16118 = PRESENTATION_STYLE_ASSIGNMENT((#16119));
#16119 = SURFACE_STYLE_USAGE(.BOTH.,#16120);
#16120 = SURFACE_SIDE_STYLE('',(#16121));
#16121 = SURFACE_STYLE_FILL_AREA(#16122);
#16122 = FILL_AREA_STYLE('',(#16123));
#16123 = FILL_AREA_STYLE_COLOUR('',#15799);
#16124 = STYLED_ITEM('color',(#16125),#1572);
#16125 = PRESENTATION_STYLE_ASSIGNMENT((#16126));
#16126 = SURFACE_STYLE_USAGE(.BOTH.,#16127);
#16127 = SURFACE_SIDE_STYLE('',(#16128));
#16128 = SURFACE_STYLE_FILL_AREA(#16129);
#16129 = FILL_AREA_STYLE('',(#16130));
#16130 = FILL_AREA_STYLE_COLOUR('',#15799);
#16131 = STYLED_ITEM('color',(#16132),#1603);
#16132 = PRESENTATION_STYLE_ASSIGNMENT((#16133));
#16133 = SURFACE_STYLE_USAGE(.BOTH.,#16134);
#16134 = SURFACE_SIDE_STYLE('',(#16135));
#16135 = SURFACE_STYLE_FILL_AREA(#16136);
#16136 = FILL_AREA_STYLE('',(#16137));
#16137 = FILL_AREA_STYLE_COLOUR('',#15799);
#16138 = STYLED_ITEM('color',(#16139),#1628);
#16139 = PRESENTATION_STYLE_ASSIGNMENT((#16140));
#16140 = SURFACE_STYLE_USAGE(.BOTH.,#16141);
#16141 = SURFACE_SIDE_STYLE('',(#16142));
#16142 = SURFACE_STYLE_FILL_AREA(#16143);
#16143 = FILL_AREA_STYLE('',(#16144));
#16144 = FILL_AREA_STYLE_COLOUR('',#15799);
#16145 = STYLED_ITEM('color',(#16146),#1653);
#16146 = PRESENTATION_STYLE_ASSIGNMENT((#16147));
#16147 = SURFACE_STYLE_USAGE(.BOTH.,#16148);
#16148 = SURFACE_SIDE_STYLE('',(#16149));
#16149 = SURFACE_STYLE_FILL_AREA(#16150);
#16150 = FILL_AREA_STYLE('',(#16151));
#16151 = FILL_AREA_STYLE_COLOUR('',#15799);
#16152 = STYLED_ITEM('color',(#16153),#1677);
#16153 = PRESENTATION_STYLE_ASSIGNMENT((#16154));
#16154 = SURFACE_STYLE_USAGE(.BOTH.,#16155);
#16155 = SURFACE_SIDE_STYLE('',(#16156));
#16156 = SURFACE_STYLE_FILL_AREA(#16157);
#16157 = FILL_AREA_STYLE('',(#16158));
#16158 = FILL_AREA_STYLE_COLOUR('',#15799);
#16159 = STYLED_ITEM('color',(#16160),#1701);
#16160 = PRESENTATION_STYLE_ASSIGNMENT((#16161));
#16161 = SURFACE_STYLE_USAGE(.BOTH.,#16162);
#16162 = SURFACE_SIDE_STYLE('',(#16163));
#16163 = SURFACE_STYLE_FILL_AREA(#16164);
#16164 = FILL_AREA_STYLE('',(#16165));
#16165 = FILL_AREA_STYLE_COLOUR('',#15799);
#16166 = STYLED_ITEM('color',(#16167),#1726);
#16167 = PRESENTATION_STYLE_ASSIGNMENT((#16168));
#16168 = SURFACE_STYLE_USAGE(.BOTH.,#16169);
#16169 = SURFACE_SIDE_STYLE('',(#16170));
#16170 = SURFACE_STYLE_FILL_AREA(#16171);
#16171 = FILL_AREA_STYLE('',(#16172));
#16172 = FILL_AREA_STYLE_COLOUR('',#15799);
#16173 = STYLED_ITEM('color',(#16174),#1751);
#16174 = PRESENTATION_STYLE_ASSIGNMENT((#16175));
#16175 = SURFACE_STYLE_USAGE(.BOTH.,#16176);
#16176 = SURFACE_SIDE_STYLE('',(#16177));
#16177 = SURFACE_STYLE_FILL_AREA(#16178);
#16178 = FILL_AREA_STYLE('',(#16179));
#16179 = FILL_AREA_STYLE_COLOUR('',#15799);
#16180 = STYLED_ITEM('color',(#16181),#1768);
#16181 = PRESENTATION_STYLE_ASSIGNMENT((#16182));
#16182 = SURFACE_STYLE_USAGE(.BOTH.,#16183);
#16183 = SURFACE_SIDE_STYLE('',(#16184));
#16184 = SURFACE_STYLE_FILL_AREA(#16185);
#16185 = FILL_AREA_STYLE('',(#16186));
#16186 = FILL_AREA_STYLE_COLOUR('',#15799);
#16187 = MECHANICAL_DESIGN_GEOMETRIC_PRESENTATION_REPRESENTATION('',(
    #16188,#16195,#16202,#16209,#16216,#16223,#16230,#16237,#16245,
    #16252,#16259,#16266,#16273,#16280,#16288,#16295,#16302,#16309,
    #16316,#16323,#16330,#16337,#16344,#16351,#16358,#16365),#911);
#16188 = STYLED_ITEM('color',(#16189),#123);
#16189 = PRESENTATION_STYLE_ASSIGNMENT((#16190));
#16190 = SURFACE_STYLE_USAGE(.BOTH.,#16191);
#16191 = SURFACE_SIDE_STYLE('',(#16192));
#16192 = SURFACE_STYLE_FILL_AREA(#16193);
#16193 = FILL_AREA_STYLE('',(#16194));
#16194 = FILL_AREA_STYLE_COLOUR('',#15799);
#16195 = STYLED_ITEM('color',(#16196),#163);
#16196 = PRESENTATION_STYLE_ASSIGNMENT((#16197));
#16197 = SURFACE_STYLE_USAGE(.BOTH.,#16198);
#16198 = SURFACE_SIDE_STYLE('',(#16199));
#16199 = SURFACE_STYLE_FILL_AREA(#16200);
#16200 = FILL_AREA_STYLE('',(#16201));
#16201 = FILL_AREA_STYLE_COLOUR('',#15799);
#16202 = STYLED_ITEM('color',(#16203),#246);
#16203 = PRESENTATION_STYLE_ASSIGNMENT((#16204));
#16204 = SURFACE_STYLE_USAGE(.BOTH.,#16205);
#16205 = SURFACE_SIDE_STYLE('',(#16206));
#16206 = SURFACE_STYLE_FILL_AREA(#16207);
#16207 = FILL_AREA_STYLE('',(#16208));
#16208 = FILL_AREA_STYLE_COLOUR('',#15799);
#16209 = STYLED_ITEM('color',(#16210),#271);
#16210 = PRESENTATION_STYLE_ASSIGNMENT((#16211));
#16211 = SURFACE_STYLE_USAGE(.BOTH.,#16212);
#16212 = SURFACE_SIDE_STYLE('',(#16213));
#16213 = SURFACE_STYLE_FILL_AREA(#16214);
#16214 = FILL_AREA_STYLE('',(#16215));
#16215 = FILL_AREA_STYLE_COLOUR('',#15799);
#16216 = STYLED_ITEM('color',(#16217),#296);
#16217 = PRESENTATION_STYLE_ASSIGNMENT((#16218));
#16218 = SURFACE_STYLE_USAGE(.BOTH.,#16219);
#16219 = SURFACE_SIDE_STYLE('',(#16220));
#16220 = SURFACE_STYLE_FILL_AREA(#16221);
#16221 = FILL_AREA_STYLE('',(#16222));
#16222 = FILL_AREA_STYLE_COLOUR('',#15799);
#16223 = STYLED_ITEM('color',(#16224),#363);
#16224 = PRESENTATION_STYLE_ASSIGNMENT((#16225));
#16225 = SURFACE_STYLE_USAGE(.BOTH.,#16226);
#16226 = SURFACE_SIDE_STYLE('',(#16227));
#16227 = SURFACE_STYLE_FILL_AREA(#16228);
#16228 = FILL_AREA_STYLE('',(#16229));
#16229 = FILL_AREA_STYLE_COLOUR('',#15799);
#16230 = STYLED_ITEM('color',(#16231),#380);
#16231 = PRESENTATION_STYLE_ASSIGNMENT((#16232));
#16232 = SURFACE_STYLE_USAGE(.BOTH.,#16233);
#16233 = SURFACE_SIDE_STYLE('',(#16234));
#16234 = SURFACE_STYLE_FILL_AREA(#16235);
#16235 = FILL_AREA_STYLE('',(#16236));
#16236 = FILL_AREA_STYLE_COLOUR('',#15799);
#16237 = STYLED_ITEM('color',(#16238),#397);
#16238 = PRESENTATION_STYLE_ASSIGNMENT((#16239));
#16239 = SURFACE_STYLE_USAGE(.BOTH.,#16240);
#16240 = SURFACE_SIDE_STYLE('',(#16241));
#16241 = SURFACE_STYLE_FILL_AREA(#16242);
#16242 = FILL_AREA_STYLE('',(#16243));
#16243 = FILL_AREA_STYLE_COLOUR('',#16244);
#16244 = COLOUR_RGB('',0.894999966383,0.890999961016,0.813000030345);
#16245 = STYLED_ITEM('color',(#16246),#446);
#16246 = PRESENTATION_STYLE_ASSIGNMENT((#16247));
#16247 = SURFACE_STYLE_USAGE(.BOTH.,#16248);
#16248 = SURFACE_SIDE_STYLE('',(#16249));
#16249 = SURFACE_STYLE_FILL_AREA(#16250);
#16250 = FILL_AREA_STYLE('',(#16251));
#16251 = FILL_AREA_STYLE_COLOUR('',#15799);
#16252 = STYLED_ITEM('color',(#16253),#463);
#16253 = PRESENTATION_STYLE_ASSIGNMENT((#16254));
#16254 = SURFACE_STYLE_USAGE(.BOTH.,#16255);
#16255 = SURFACE_SIDE_STYLE('',(#16256));
#16256 = SURFACE_STYLE_FILL_AREA(#16257);
#16257 = FILL_AREA_STYLE('',(#16258));
#16258 = FILL_AREA_STYLE_COLOUR('',#15799);
#16259 = STYLED_ITEM('color',(#16260),#480);
#16260 = PRESENTATION_STYLE_ASSIGNMENT((#16261));
#16261 = SURFACE_STYLE_USAGE(.BOTH.,#16262);
#16262 = SURFACE_SIDE_STYLE('',(#16263));
#16263 = SURFACE_STYLE_FILL_AREA(#16264);
#16264 = FILL_AREA_STYLE('',(#16265));
#16265 = FILL_AREA_STYLE_COLOUR('',#16244);
#16266 = STYLED_ITEM('color',(#16267),#529);
#16267 = PRESENTATION_STYLE_ASSIGNMENT((#16268));
#16268 = SURFACE_STYLE_USAGE(.BOTH.,#16269);
#16269 = SURFACE_SIDE_STYLE('',(#16270));
#16270 = SURFACE_STYLE_FILL_AREA(#16271);
#16271 = FILL_AREA_STYLE('',(#16272));
#16272 = FILL_AREA_STYLE_COLOUR('',#16244);
#16273 = STYLED_ITEM('color',(#16274),#546);
#16274 = PRESENTATION_STYLE_ASSIGNMENT((#16275));
#16275 = SURFACE_STYLE_USAGE(.BOTH.,#16276);
#16276 = SURFACE_SIDE_STYLE('',(#16277));
#16277 = SURFACE_STYLE_FILL_AREA(#16278);
#16278 = FILL_AREA_STYLE('',(#16279));
#16279 = FILL_AREA_STYLE_COLOUR('',#15799);
#16280 = STYLED_ITEM('color',(#16281),#615);
#16281 = PRESENTATION_STYLE_ASSIGNMENT((#16282));
#16282 = SURFACE_STYLE_USAGE(.BOTH.,#16283);
#16283 = SURFACE_SIDE_STYLE('',(#16284));
#16284 = SURFACE_STYLE_FILL_AREA(#16285);
#16285 = FILL_AREA_STYLE('',(#16286));
#16286 = FILL_AREA_STYLE_COLOUR('',#16287);
#16287 = COLOUR_RGB('',8.200000279077E-02,8.600000121357E-02,
  9.399999706163E-02);
#16288 = STYLED_ITEM('color',(#16289),#646);
#16289 = PRESENTATION_STYLE_ASSIGNMENT((#16290));
#16290 = SURFACE_STYLE_USAGE(.BOTH.,#16291);
#16291 = SURFACE_SIDE_STYLE('',(#16292));
#16292 = SURFACE_STYLE_FILL_AREA(#16293);
#16293 = FILL_AREA_STYLE('',(#16294));
#16294 = FILL_AREA_STYLE_COLOUR('',#16287);
#16295 = STYLED_ITEM('color',(#16296),#670);
#16296 = PRESENTATION_STYLE_ASSIGNMENT((#16297));
#16297 = SURFACE_STYLE_USAGE(.BOTH.,#16298);
#16298 = SURFACE_SIDE_STYLE('',(#16299));
#16299 = SURFACE_STYLE_FILL_AREA(#16300);
#16300 = FILL_AREA_STYLE('',(#16301));
#16301 = FILL_AREA_STYLE_COLOUR('',#15799);
#16302 = STYLED_ITEM('color',(#16303),#739);
#16303 = PRESENTATION_STYLE_ASSIGNMENT((#16304));
#16304 = SURFACE_STYLE_USAGE(.BOTH.,#16305);
#16305 = SURFACE_SIDE_STYLE('',(#16306));
#16306 = SURFACE_STYLE_FILL_AREA(#16307);
#16307 = FILL_AREA_STYLE('',(#16308));
#16308 = FILL_AREA_STYLE_COLOUR('',#16287);
#16309 = STYLED_ITEM('color',(#16310),#763);
#16310 = PRESENTATION_STYLE_ASSIGNMENT((#16311));
#16311 = SURFACE_STYLE_USAGE(.BOTH.,#16312);
#16312 = SURFACE_SIDE_STYLE('',(#16313));
#16313 = SURFACE_STYLE_FILL_AREA(#16314);
#16314 = FILL_AREA_STYLE('',(#16315));
#16315 = FILL_AREA_STYLE_COLOUR('',#15799);
#16316 = STYLED_ITEM('color',(#16317),#780);
#16317 = PRESENTATION_STYLE_ASSIGNMENT((#16318));
#16318 = SURFACE_STYLE_USAGE(.BOTH.,#16319);
#16319 = SURFACE_SIDE_STYLE('',(#16320));
#16320 = SURFACE_STYLE_FILL_AREA(#16321);
#16321 = FILL_AREA_STYLE('',(#16322));
#16322 = FILL_AREA_STYLE_COLOUR('',#15799);
#16323 = STYLED_ITEM('color',(#16324),#797);
#16324 = PRESENTATION_STYLE_ASSIGNMENT((#16325));
#16325 = SURFACE_STYLE_USAGE(.BOTH.,#16326);
#16326 = SURFACE_SIDE_STYLE('',(#16327));
#16327 = SURFACE_STYLE_FILL_AREA(#16328);
#16328 = FILL_AREA_STYLE('',(#16329));
#16329 = FILL_AREA_STYLE_COLOUR('',#15799);
#16330 = STYLED_ITEM('color',(#16331),#814);
#16331 = PRESENTATION_STYLE_ASSIGNMENT((#16332));
#16332 = SURFACE_STYLE_USAGE(.BOTH.,#16333);
#16333 = SURFACE_SIDE_STYLE('',(#16334));
#16334 = SURFACE_STYLE_FILL_AREA(#16335);
#16335 = FILL_AREA_STYLE('',(#16336));
#16336 = FILL_AREA_STYLE_COLOUR('',#15799);
#16337 = STYLED_ITEM('color',(#16338),#831);
#16338 = PRESENTATION_STYLE_ASSIGNMENT((#16339));
#16339 = SURFACE_STYLE_USAGE(.BOTH.,#16340);
#16340 = SURFACE_SIDE_STYLE('',(#16341));
#16341 = SURFACE_STYLE_FILL_AREA(#16342);
#16342 = FILL_AREA_STYLE('',(#16343));
#16343 = FILL_AREA_STYLE_COLOUR('',#15799);
#16344 = STYLED_ITEM('color',(#16345),#848);
#16345 = PRESENTATION_STYLE_ASSIGNMENT((#16346));
#16346 = SURFACE_STYLE_USAGE(.BOTH.,#16347);
#16347 = SURFACE_SIDE_STYLE('',(#16348));
#16348 = SURFACE_STYLE_FILL_AREA(#16349);
#16349 = FILL_AREA_STYLE('',(#16350));
#16350 = FILL_AREA_STYLE_COLOUR('',#15799);
#16351 = STYLED_ITEM('color',(#16352),#865);
#16352 = PRESENTATION_STYLE_ASSIGNMENT((#16353));
#16353 = SURFACE_STYLE_USAGE(.BOTH.,#16354);
#16354 = SURFACE_SIDE_STYLE('',(#16355));
#16355 = SURFACE_STYLE_FILL_AREA(#16356);
#16356 = FILL_AREA_STYLE('',(#16357));
#16357 = FILL_AREA_STYLE_COLOUR('',#15799);
#16358 = STYLED_ITEM('color',(#16359),#882);
#16359 = PRESENTATION_STYLE_ASSIGNMENT((#16360));
#16360 = SURFACE_STYLE_USAGE(.BOTH.,#16361);
#16361 = SURFACE_SIDE_STYLE('',(#16362));
#16362 = SURFACE_STYLE_FILL_AREA(#16363);
#16363 = FILL_AREA_STYLE('',(#16364));
#16364 = FILL_AREA_STYLE_COLOUR('',#16287);
#16365 = STYLED_ITEM('color',(#16366),#899);
#16366 = PRESENTATION_STYLE_ASSIGNMENT((#16367));
#16367 = SURFACE_STYLE_USAGE(.BOTH.,#16368);
#16368 = SURFACE_SIDE_STYLE('',(#16369));
#16369 = SURFACE_STYLE_FILL_AREA(#16370);
#16370 = FILL_AREA_STYLE('',(#16371));
#16371 = FILL_AREA_STYLE_COLOUR('',#16287);
#16372 = MECHANICAL_DESIGN_GEOMETRIC_PRESENTATION_REPRESENTATION('',(
    #16373,#16380,#16387,#16394,#16401,#16408,#16415,#16422,#16429,
    #16436,#16443,#16450,#16457,#16464,#16471,#16478,#16485,#16492,
    #16499,#16506,#16513,#16520,#16527,#16534,#16541,#16548),#14703);
#16373 = STYLED_ITEM('color',(#16374),#13915);
#16374 = PRESENTATION_STYLE_ASSIGNMENT((#16375));
#16375 = SURFACE_STYLE_USAGE(.BOTH.,#16376);
#16376 = SURFACE_SIDE_STYLE('',(#16377));
#16377 = SURFACE_STYLE_FILL_AREA(#16378);
#16378 = FILL_AREA_STYLE('',(#16379));
#16379 = FILL_AREA_STYLE_COLOUR('',#15799);
#16380 = STYLED_ITEM('color',(#16381),#13955);
#16381 = PRESENTATION_STYLE_ASSIGNMENT((#16382));
#16382 = SURFACE_STYLE_USAGE(.BOTH.,#16383);
#16383 = SURFACE_SIDE_STYLE('',(#16384));
#16384 = SURFACE_STYLE_FILL_AREA(#16385);
#16385 = FILL_AREA_STYLE('',(#16386));
#16386 = FILL_AREA_STYLE_COLOUR('',#15799);
#16387 = STYLED_ITEM('color',(#16388),#14038);
#16388 = PRESENTATION_STYLE_ASSIGNMENT((#16389));
#16389 = SURFACE_STYLE_USAGE(.BOTH.,#16390);
#16390 = SURFACE_SIDE_STYLE('',(#16391));
#16391 = SURFACE_STYLE_FILL_AREA(#16392);
#16392 = FILL_AREA_STYLE('',(#16393));
#16393 = FILL_AREA_STYLE_COLOUR('',#15799);
#16394 = STYLED_ITEM('color',(#16395),#14063);
#16395 = PRESENTATION_STYLE_ASSIGNMENT((#16396));
#16396 = SURFACE_STYLE_USAGE(.BOTH.,#16397);
#16397 = SURFACE_SIDE_STYLE('',(#16398));
#16398 = SURFACE_STYLE_FILL_AREA(#16399);
#16399 = FILL_AREA_STYLE('',(#16400));
#16400 = FILL_AREA_STYLE_COLOUR('',#15799);
#16401 = STYLED_ITEM('color',(#16402),#14088);
#16402 = PRESENTATION_STYLE_ASSIGNMENT((#16403));
#16403 = SURFACE_STYLE_USAGE(.BOTH.,#16404);
#16404 = SURFACE_SIDE_STYLE('',(#16405));
#16405 = SURFACE_STYLE_FILL_AREA(#16406);
#16406 = FILL_AREA_STYLE('',(#16407));
#16407 = FILL_AREA_STYLE_COLOUR('',#15799);
#16408 = STYLED_ITEM('color',(#16409),#14155);
#16409 = PRESENTATION_STYLE_ASSIGNMENT((#16410));
#16410 = SURFACE_STYLE_USAGE(.BOTH.,#16411);
#16411 = SURFACE_SIDE_STYLE('',(#16412));
#16412 = SURFACE_STYLE_FILL_AREA(#16413);
#16413 = FILL_AREA_STYLE('',(#16414));
#16414 = FILL_AREA_STYLE_COLOUR('',#15799);
#16415 = STYLED_ITEM('color',(#16416),#14172);
#16416 = PRESENTATION_STYLE_ASSIGNMENT((#16417));
#16417 = SURFACE_STYLE_USAGE(.BOTH.,#16418);
#16418 = SURFACE_SIDE_STYLE('',(#16419));
#16419 = SURFACE_STYLE_FILL_AREA(#16420);
#16420 = FILL_AREA_STYLE('',(#16421));
#16421 = FILL_AREA_STYLE_COLOUR('',#15799);
#16422 = STYLED_ITEM('color',(#16423),#14189);
#16423 = PRESENTATION_STYLE_ASSIGNMENT((#16424));
#16424 = SURFACE_STYLE_USAGE(.BOTH.,#16425);
#16425 = SURFACE_SIDE_STYLE('',(#16426));
#16426 = SURFACE_STYLE_FILL_AREA(#16427);
#16427 = FILL_AREA_STYLE('',(#16428));
#16428 = FILL_AREA_STYLE_COLOUR('',#16244);
#16429 = STYLED_ITEM('color',(#16430),#14238);
#16430 = PRESENTATION_STYLE_ASSIGNMENT((#16431));
#16431 = SURFACE_STYLE_USAGE(.BOTH.,#16432);
#16432 = SURFACE_SIDE_STYLE('',(#16433));
#16433 = SURFACE_STYLE_FILL_AREA(#16434);
#16434 = FILL_AREA_STYLE('',(#16435));
#16435 = FILL_AREA_STYLE_COLOUR('',#15799);
#16436 = STYLED_ITEM('color',(#16437),#14255);
#16437 = PRESENTATION_STYLE_ASSIGNMENT((#16438));
#16438 = SURFACE_STYLE_USAGE(.BOTH.,#16439);
#16439 = SURFACE_SIDE_STYLE('',(#16440));
#16440 = SURFACE_STYLE_FILL_AREA(#16441);
#16441 = FILL_AREA_STYLE('',(#16442));
#16442 = FILL_AREA_STYLE_COLOUR('',#15799);
#16443 = STYLED_ITEM('color',(#16444),#14272);
#16444 = PRESENTATION_STYLE_ASSIGNMENT((#16445));
#16445 = SURFACE_STYLE_USAGE(.BOTH.,#16446);
#16446 = SURFACE_SIDE_STYLE('',(#16447));
#16447 = SURFACE_STYLE_FILL_AREA(#16448);
#16448 = FILL_AREA_STYLE('',(#16449));
#16449 = FILL_AREA_STYLE_COLOUR('',#16244);
#16450 = STYLED_ITEM('color',(#16451),#14321);
#16451 = PRESENTATION_STYLE_ASSIGNMENT((#16452));
#16452 = SURFACE_STYLE_USAGE(.BOTH.,#16453);
#16453 = SURFACE_SIDE_STYLE('',(#16454));
#16454 = SURFACE_STYLE_FILL_AREA(#16455);
#16455 = FILL_AREA_STYLE('',(#16456));
#16456 = FILL_AREA_STYLE_COLOUR('',#16244);
#16457 = STYLED_ITEM('color',(#16458),#14338);
#16458 = PRESENTATION_STYLE_ASSIGNMENT((#16459));
#16459 = SURFACE_STYLE_USAGE(.BOTH.,#16460);
#16460 = SURFACE_SIDE_STYLE('',(#16461));
#16461 = SURFACE_STYLE_FILL_AREA(#16462);
#16462 = FILL_AREA_STYLE('',(#16463));
#16463 = FILL_AREA_STYLE_COLOUR('',#15799);
#16464 = STYLED_ITEM('color',(#16465),#14407);
#16465 = PRESENTATION_STYLE_ASSIGNMENT((#16466));
#16466 = SURFACE_STYLE_USAGE(.BOTH.,#16467);
#16467 = SURFACE_SIDE_STYLE('',(#16468));
#16468 = SURFACE_STYLE_FILL_AREA(#16469);
#16469 = FILL_AREA_STYLE('',(#16470));
#16470 = FILL_AREA_STYLE_COLOUR('',#16287);
#16471 = STYLED_ITEM('color',(#16472),#14438);
#16472 = PRESENTATION_STYLE_ASSIGNMENT((#16473));
#16473 = SURFACE_STYLE_USAGE(.BOTH.,#16474);
#16474 = SURFACE_SIDE_STYLE('',(#16475));
#16475 = SURFACE_STYLE_FILL_AREA(#16476);
#16476 = FILL_AREA_STYLE('',(#16477));
#16477 = FILL_AREA_STYLE_COLOUR('',#16287);
#16478 = STYLED_ITEM('color',(#16479),#14462);
#16479 = PRESENTATION_STYLE_ASSIGNMENT((#16480));
#16480 = SURFACE_STYLE_USAGE(.BOTH.,#16481);
#16481 = SURFACE_SIDE_STYLE('',(#16482));
#16482 = SURFACE_STYLE_FILL_AREA(#16483);
#16483 = FILL_AREA_STYLE('',(#16484));
#16484 = FILL_AREA_STYLE_COLOUR('',#15799);
#16485 = STYLED_ITEM('color',(#16486),#14531);
#16486 = PRESENTATION_STYLE_ASSIGNMENT((#16487));
#16487 = SURFACE_STYLE_USAGE(.BOTH.,#16488);
#16488 = SURFACE_SIDE_STYLE('',(#16489));
#16489 = SURFACE_STYLE_FILL_AREA(#16490);
#16490 = FILL_AREA_STYLE('',(#16491));
#16491 = FILL_AREA_STYLE_COLOUR('',#16287);
#16492 = STYLED_ITEM('color',(#16493),#14555);
#16493 = PRESENTATION_STYLE_ASSIGNMENT((#16494));
#16494 = SURFACE_STYLE_USAGE(.BOTH.,#16495);
#16495 = SURFACE_SIDE_STYLE('',(#16496));
#16496 = SURFACE_STYLE_FILL_AREA(#16497);
#16497 = FILL_AREA_STYLE('',(#16498));
#16498 = FILL_AREA_STYLE_COLOUR('',#15799);
#16499 = STYLED_ITEM('color',(#16500),#14572);
#16500 = PRESENTATION_STYLE_ASSIGNMENT((#16501));
#16501 = SURFACE_STYLE_USAGE(.BOTH.,#16502);
#16502 = SURFACE_SIDE_STYLE('',(#16503));
#16503 = SURFACE_STYLE_FILL_AREA(#16504);
#16504 = FILL_AREA_STYLE('',(#16505));
#16505 = FILL_AREA_STYLE_COLOUR('',#15799);
#16506 = STYLED_ITEM('color',(#16507),#14589);
#16507 = PRESENTATION_STYLE_ASSIGNMENT((#16508));
#16508 = SURFACE_STYLE_USAGE(.BOTH.,#16509);
#16509 = SURFACE_SIDE_STYLE('',(#16510));
#16510 = SURFACE_STYLE_FILL_AREA(#16511);
#16511 = FILL_AREA_STYLE('',(#16512));
#16512 = FILL_AREA_STYLE_COLOUR('',#15799);
#16513 = STYLED_ITEM('color',(#16514),#14606);
#16514 = PRESENTATION_STYLE_ASSIGNMENT((#16515));
#16515 = SURFACE_STYLE_USAGE(.BOTH.,#16516);
#16516 = SURFACE_SIDE_STYLE('',(#16517));
#16517 = SURFACE_STYLE_FILL_AREA(#16518);
#16518 = FILL_AREA_STYLE('',(#16519));
#16519 = FILL_AREA_STYLE_COLOUR('',#15799);
#16520 = STYLED_ITEM('color',(#16521),#14623);
#16521 = PRESENTATION_STYLE_ASSIGNMENT((#16522));
#16522 = SURFACE_STYLE_USAGE(.BOTH.,#16523);
#16523 = SURFACE_SIDE_STYLE('',(#16524));
#16524 = SURFACE_STYLE_FILL_AREA(#16525);
#16525 = FILL_AREA_STYLE('',(#16526));
#16526 = FILL_AREA_STYLE_COLOUR('',#15799);
#16527 = STYLED_ITEM('color',(#16528),#14640);
#16528 = PRESENTATION_STYLE_ASSIGNMENT((#16529));
#16529 = SURFACE_STYLE_USAGE(.BOTH.,#16530);
#16530 = SURFACE_SIDE_STYLE('',(#16531));
#16531 = SURFACE_STYLE_FILL_AREA(#16532);
#16532 = FILL_AREA_STYLE('',(#16533));
#16533 = FILL_AREA_STYLE_COLOUR('',#15799);
#16534 = STYLED_ITEM('color',(#16535),#14657);
#16535 = PRESENTATION_STYLE_ASSIGNMENT((#16536));
#16536 = SURFACE_STYLE_USAGE(.BOTH.,#16537);
#16537 = SURFACE_SIDE_STYLE('',(#16538));
#16538 = SURFACE_STYLE_FILL_AREA(#16539);
#16539 = FILL_AREA_STYLE('',(#16540));
#16540 = FILL_AREA_STYLE_COLOUR('',#15799);
#16541 = STYLED_ITEM('color',(#16542),#14674);
#16542 = PRESENTATION_STYLE_ASSIGNMENT((#16543));
#16543 = SURFACE_STYLE_USAGE(.BOTH.,#16544);
#16544 = SURFACE_SIDE_STYLE('',(#16545));
#16545 = SURFACE_STYLE_FILL_AREA(#16546);
#16546 = FILL_AREA_STYLE('',(#16547));
#16547 = FILL_AREA_STYLE_COLOUR('',#16287);
#16548 = STYLED_ITEM('color',(#16549),#14691);
#16549 = PRESENTATION_STYLE_ASSIGNMENT((#16550));
#16550 = SURFACE_STYLE_USAGE(.BOTH.,#16551);
#16551 = SURFACE_SIDE_STYLE('',(#16552));
#16552 = SURFACE_STYLE_FILL_AREA(#16553);
#16553 = FILL_AREA_STYLE('',(#16554));
#16554 = FILL_AREA_STYLE_COLOUR('',#16287);
#16555 = MECHANICAL_DESIGN_GEOMETRIC_PRESENTATION_REPRESENTATION('',(
    #16556,#16563,#16570,#16577,#16584,#16591,#16599,#16606,#16613,
    #16620,#16627,#16634,#16641,#16648,#16655,#16662,#16669,#16676,
    #16683,#16690,#16697,#16704,#16711,#16718,#16725,#16732,#16739,
    #16746,#16753,#16760,#16767,#16774,#16781,#16788,#16795,#16802,
    #16809,#16816,#16823,#16830,#16837,#16844,#16851,#16858,#16865,
    #16872,#16879,#16886,#16893,#16900,#16907,#16914,#16921,#16928,
    #16935,#16942,#16949,#16956,#16963,#16970,#16977,#16984,#16991,
    #16998,#17005,#17012,#17019,#17026,#17033,#17040,#17047,#17054,
    #17061,#17068,#17075,#17082,#17089,#17096,#17103,#17110,#17117,
    #17124,#17131,#17138,#17145,#17152,#17159,#17166,#17173,#17180,
    #17187,#17194,#17201,#17208,#17215,#17222,#17229,#17236,#17243,
    #17250,#17257,#17264,#17271,#17278,#17285,#17292,#17299,#17306,
    #17313,#17320,#17327,#17334,#17341,#17348,#17355,#17362,#17369,
    #17376,#17383,#17390,#17397,#17404,#17411,#17418,#17425,#17432,
    #17439,#17446,#17453,#17460,#17467,#17474,#17481,#17488,#17495,
    #17502,#17509,#17516,#17523,#17530,#17537,#17544,#17551,#17558,
    #17565,#17572,#17579,#17587),#13864);
#16556 = STYLED_ITEM('color',(#16557),#9695);
#16557 = PRESENTATION_STYLE_ASSIGNMENT((#16558));
#16558 = SURFACE_STYLE_USAGE(.BOTH.,#16559);
#16559 = SURFACE_SIDE_STYLE('',(#16560));
#16560 = SURFACE_STYLE_FILL_AREA(#16561);
#16561 = FILL_AREA_STYLE('',(#16562));
#16562 = FILL_AREA_STYLE_COLOUR('',#15799);
#16563 = STYLED_ITEM('color',(#16564),#9735);
#16564 = PRESENTATION_STYLE_ASSIGNMENT((#16565));
#16565 = SURFACE_STYLE_USAGE(.BOTH.,#16566);
#16566 = SURFACE_SIDE_STYLE('',(#16567));
#16567 = SURFACE_STYLE_FILL_AREA(#16568);
#16568 = FILL_AREA_STYLE('',(#16569));
#16569 = FILL_AREA_STYLE_COLOUR('',#15799);
#16570 = STYLED_ITEM('color',(#16571),#9766);
#16571 = PRESENTATION_STYLE_ASSIGNMENT((#16572));
#16572 = SURFACE_STYLE_USAGE(.BOTH.,#16573);
#16573 = SURFACE_SIDE_STYLE('',(#16574));
#16574 = SURFACE_STYLE_FILL_AREA(#16575);
#16575 = FILL_AREA_STYLE('',(#16576));
#16576 = FILL_AREA_STYLE_COLOUR('',#15799);
#16577 = STYLED_ITEM('color',(#16578),#9790);
#16578 = PRESENTATION_STYLE_ASSIGNMENT((#16579));
#16579 = SURFACE_STYLE_USAGE(.BOTH.,#16580);
#16580 = SURFACE_SIDE_STYLE('',(#16581));
#16581 = SURFACE_STYLE_FILL_AREA(#16582);
#16582 = FILL_AREA_STYLE('',(#16583));
#16583 = FILL_AREA_STYLE_COLOUR('',#15799);
#16584 = STYLED_ITEM('color',(#16585),#9814);
#16585 = PRESENTATION_STYLE_ASSIGNMENT((#16586));
#16586 = SURFACE_STYLE_USAGE(.BOTH.,#16587);
#16587 = SURFACE_SIDE_STYLE('',(#16588));
#16588 = SURFACE_STYLE_FILL_AREA(#16589);
#16589 = FILL_AREA_STYLE('',(#16590));
#16590 = FILL_AREA_STYLE_COLOUR('',#15799);
#16591 = STYLED_ITEM('color',(#16592),#9831);
#16592 = PRESENTATION_STYLE_ASSIGNMENT((#16593));
#16593 = SURFACE_STYLE_USAGE(.BOTH.,#16594);
#16594 = SURFACE_SIDE_STYLE('',(#16595));
#16595 = SURFACE_STYLE_FILL_AREA(#16596);
#16596 = FILL_AREA_STYLE('',(#16597));
#16597 = FILL_AREA_STYLE_COLOUR('',#16598);
#16598 = COLOUR_RGB('',0.147999998088,0.144999993226,0.144999993226);
#16599 = STYLED_ITEM('color',(#16600),#10795);
#16600 = PRESENTATION_STYLE_ASSIGNMENT((#16601));
#16601 = SURFACE_STYLE_USAGE(.BOTH.,#16602);
#16602 = SURFACE_SIDE_STYLE('',(#16603));
#16603 = SURFACE_STYLE_FILL_AREA(#16604);
#16604 = FILL_AREA_STYLE('',(#16605));
#16605 = FILL_AREA_STYLE_COLOUR('',#16598);
#16606 = STYLED_ITEM('color',(#16607),#10826);
#16607 = PRESENTATION_STYLE_ASSIGNMENT((#16608));
#16608 = SURFACE_STYLE_USAGE(.BOTH.,#16609);
#16609 = SURFACE_SIDE_STYLE('',(#16610));
#16610 = SURFACE_STYLE_FILL_AREA(#16611);
#16611 = FILL_AREA_STYLE('',(#16612));
#16612 = FILL_AREA_STYLE_COLOUR('',#16598);
#16613 = STYLED_ITEM('color',(#16614),#10850);
#16614 = PRESENTATION_STYLE_ASSIGNMENT((#16615));
#16615 = SURFACE_STYLE_USAGE(.BOTH.,#16616);
#16616 = SURFACE_SIDE_STYLE('',(#16617));
#16617 = SURFACE_STYLE_FILL_AREA(#16618);
#16618 = FILL_AREA_STYLE('',(#16619));
#16619 = FILL_AREA_STYLE_COLOUR('',#16598);
#16620 = STYLED_ITEM('color',(#16621),#10874);
#16621 = PRESENTATION_STYLE_ASSIGNMENT((#16622));
#16622 = SURFACE_STYLE_USAGE(.BOTH.,#16623);
#16623 = SURFACE_SIDE_STYLE('',(#16624));
#16624 = SURFACE_STYLE_FILL_AREA(#16625);
#16625 = FILL_AREA_STYLE('',(#16626));
#16626 = FILL_AREA_STYLE_COLOUR('',#16598);
#16627 = STYLED_ITEM('color',(#16628),#10891);
#16628 = PRESENTATION_STYLE_ASSIGNMENT((#16629));
#16629 = SURFACE_STYLE_USAGE(.BOTH.,#16630);
#16630 = SURFACE_SIDE_STYLE('',(#16631));
#16631 = SURFACE_STYLE_FILL_AREA(#16632);
#16632 = FILL_AREA_STYLE('',(#16633));
#16633 = FILL_AREA_STYLE_COLOUR('',#15799);
#16634 = STYLED_ITEM('color',(#16635),#10922);
#16635 = PRESENTATION_STYLE_ASSIGNMENT((#16636));
#16636 = SURFACE_STYLE_USAGE(.BOTH.,#16637);
#16637 = SURFACE_SIDE_STYLE('',(#16638));
#16638 = SURFACE_STYLE_FILL_AREA(#16639);
#16639 = FILL_AREA_STYLE('',(#16640));
#16640 = FILL_AREA_STYLE_COLOUR('',#15799);
#16641 = STYLED_ITEM('color',(#16642),#10946);
#16642 = PRESENTATION_STYLE_ASSIGNMENT((#16643));
#16643 = SURFACE_STYLE_USAGE(.BOTH.,#16644);
#16644 = SURFACE_SIDE_STYLE('',(#16645));
#16645 = SURFACE_STYLE_FILL_AREA(#16646);
#16646 = FILL_AREA_STYLE('',(#16647));
#16647 = FILL_AREA_STYLE_COLOUR('',#15799);
#16648 = STYLED_ITEM('color',(#16649),#10970);
#16649 = PRESENTATION_STYLE_ASSIGNMENT((#16650));
#16650 = SURFACE_STYLE_USAGE(.BOTH.,#16651);
#16651 = SURFACE_SIDE_STYLE('',(#16652));
#16652 = SURFACE_STYLE_FILL_AREA(#16653);
#16653 = FILL_AREA_STYLE('',(#16654));
#16654 = FILL_AREA_STYLE_COLOUR('',#15799);
#16655 = STYLED_ITEM('color',(#16656),#10987);
#16656 = PRESENTATION_STYLE_ASSIGNMENT((#16657));
#16657 = SURFACE_STYLE_USAGE(.BOTH.,#16658);
#16658 = SURFACE_SIDE_STYLE('',(#16659));
#16659 = SURFACE_STYLE_FILL_AREA(#16660);
#16660 = FILL_AREA_STYLE('',(#16661));
#16661 = FILL_AREA_STYLE_COLOUR('',#15799);
#16662 = STYLED_ITEM('color',(#16663),#11018);
#16663 = PRESENTATION_STYLE_ASSIGNMENT((#16664));
#16664 = SURFACE_STYLE_USAGE(.BOTH.,#16665);
#16665 = SURFACE_SIDE_STYLE('',(#16666));
#16666 = SURFACE_STYLE_FILL_AREA(#16667);
#16667 = FILL_AREA_STYLE('',(#16668));
#16668 = FILL_AREA_STYLE_COLOUR('',#15799);
#16669 = STYLED_ITEM('color',(#16670),#11042);
#16670 = PRESENTATION_STYLE_ASSIGNMENT((#16671));
#16671 = SURFACE_STYLE_USAGE(.BOTH.,#16672);
#16672 = SURFACE_SIDE_STYLE('',(#16673));
#16673 = SURFACE_STYLE_FILL_AREA(#16674);
#16674 = FILL_AREA_STYLE('',(#16675));
#16675 = FILL_AREA_STYLE_COLOUR('',#15799);
#16676 = STYLED_ITEM('color',(#16677),#11066);
#16677 = PRESENTATION_STYLE_ASSIGNMENT((#16678));
#16678 = SURFACE_STYLE_USAGE(.BOTH.,#16679);
#16679 = SURFACE_SIDE_STYLE('',(#16680));
#16680 = SURFACE_STYLE_FILL_AREA(#16681);
#16681 = FILL_AREA_STYLE('',(#16682));
#16682 = FILL_AREA_STYLE_COLOUR('',#15799);
#16683 = STYLED_ITEM('color',(#16684),#11083);
#16684 = PRESENTATION_STYLE_ASSIGNMENT((#16685));
#16685 = SURFACE_STYLE_USAGE(.BOTH.,#16686);
#16686 = SURFACE_SIDE_STYLE('',(#16687));
#16687 = SURFACE_STYLE_FILL_AREA(#16688);
#16688 = FILL_AREA_STYLE('',(#16689));
#16689 = FILL_AREA_STYLE_COLOUR('',#15799);
#16690 = STYLED_ITEM('color',(#16691),#11114);
#16691 = PRESENTATION_STYLE_ASSIGNMENT((#16692));
#16692 = SURFACE_STYLE_USAGE(.BOTH.,#16693);
#16693 = SURFACE_SIDE_STYLE('',(#16694));
#16694 = SURFACE_STYLE_FILL_AREA(#16695);
#16695 = FILL_AREA_STYLE('',(#16696));
#16696 = FILL_AREA_STYLE_COLOUR('',#15799);
#16697 = STYLED_ITEM('color',(#16698),#11138);
#16698 = PRESENTATION_STYLE_ASSIGNMENT((#16699));
#16699 = SURFACE_STYLE_USAGE(.BOTH.,#16700);
#16700 = SURFACE_SIDE_STYLE('',(#16701));
#16701 = SURFACE_STYLE_FILL_AREA(#16702);
#16702 = FILL_AREA_STYLE('',(#16703));
#16703 = FILL_AREA_STYLE_COLOUR('',#15799);
#16704 = STYLED_ITEM('color',(#16705),#11162);
#16705 = PRESENTATION_STYLE_ASSIGNMENT((#16706));
#16706 = SURFACE_STYLE_USAGE(.BOTH.,#16707);
#16707 = SURFACE_SIDE_STYLE('',(#16708));
#16708 = SURFACE_STYLE_FILL_AREA(#16709);
#16709 = FILL_AREA_STYLE('',(#16710));
#16710 = FILL_AREA_STYLE_COLOUR('',#15799);
#16711 = STYLED_ITEM('color',(#16712),#11179);
#16712 = PRESENTATION_STYLE_ASSIGNMENT((#16713));
#16713 = SURFACE_STYLE_USAGE(.BOTH.,#16714);
#16714 = SURFACE_SIDE_STYLE('',(#16715));
#16715 = SURFACE_STYLE_FILL_AREA(#16716);
#16716 = FILL_AREA_STYLE('',(#16717));
#16717 = FILL_AREA_STYLE_COLOUR('',#15799);
#16718 = STYLED_ITEM('color',(#16719),#11210);
#16719 = PRESENTATION_STYLE_ASSIGNMENT((#16720));
#16720 = SURFACE_STYLE_USAGE(.BOTH.,#16721);
#16721 = SURFACE_SIDE_STYLE('',(#16722));
#16722 = SURFACE_STYLE_FILL_AREA(#16723);
#16723 = FILL_AREA_STYLE('',(#16724));
#16724 = FILL_AREA_STYLE_COLOUR('',#15799);
#16725 = STYLED_ITEM('color',(#16726),#11234);
#16726 = PRESENTATION_STYLE_ASSIGNMENT((#16727));
#16727 = SURFACE_STYLE_USAGE(.BOTH.,#16728);
#16728 = SURFACE_SIDE_STYLE('',(#16729));
#16729 = SURFACE_STYLE_FILL_AREA(#16730);
#16730 = FILL_AREA_STYLE('',(#16731));
#16731 = FILL_AREA_STYLE_COLOUR('',#15799);
#16732 = STYLED_ITEM('color',(#16733),#11258);
#16733 = PRESENTATION_STYLE_ASSIGNMENT((#16734));
#16734 = SURFACE_STYLE_USAGE(.BOTH.,#16735);
#16735 = SURFACE_SIDE_STYLE('',(#16736));
#16736 = SURFACE_STYLE_FILL_AREA(#16737);
#16737 = FILL_AREA_STYLE('',(#16738));
#16738 = FILL_AREA_STYLE_COLOUR('',#15799);
#16739 = STYLED_ITEM('color',(#16740),#11275);
#16740 = PRESENTATION_STYLE_ASSIGNMENT((#16741));
#16741 = SURFACE_STYLE_USAGE(.BOTH.,#16742);
#16742 = SURFACE_SIDE_STYLE('',(#16743));
#16743 = SURFACE_STYLE_FILL_AREA(#16744);
#16744 = FILL_AREA_STYLE('',(#16745));
#16745 = FILL_AREA_STYLE_COLOUR('',#15799);
#16746 = STYLED_ITEM('color',(#16747),#11306);
#16747 = PRESENTATION_STYLE_ASSIGNMENT((#16748));
#16748 = SURFACE_STYLE_USAGE(.BOTH.,#16749);
#16749 = SURFACE_SIDE_STYLE('',(#16750));
#16750 = SURFACE_STYLE_FILL_AREA(#16751);
#16751 = FILL_AREA_STYLE('',(#16752));
#16752 = FILL_AREA_STYLE_COLOUR('',#15799);
#16753 = STYLED_ITEM('color',(#16754),#11330);
#16754 = PRESENTATION_STYLE_ASSIGNMENT((#16755));
#16755 = SURFACE_STYLE_USAGE(.BOTH.,#16756);
#16756 = SURFACE_SIDE_STYLE('',(#16757));
#16757 = SURFACE_STYLE_FILL_AREA(#16758);
#16758 = FILL_AREA_STYLE('',(#16759));
#16759 = FILL_AREA_STYLE_COLOUR('',#15799);
#16760 = STYLED_ITEM('color',(#16761),#11354);
#16761 = PRESENTATION_STYLE_ASSIGNMENT((#16762));
#16762 = SURFACE_STYLE_USAGE(.BOTH.,#16763);
#16763 = SURFACE_SIDE_STYLE('',(#16764));
#16764 = SURFACE_STYLE_FILL_AREA(#16765);
#16765 = FILL_AREA_STYLE('',(#16766));
#16766 = FILL_AREA_STYLE_COLOUR('',#15799);
#16767 = STYLED_ITEM('color',(#16768),#11371);
#16768 = PRESENTATION_STYLE_ASSIGNMENT((#16769));
#16769 = SURFACE_STYLE_USAGE(.BOTH.,#16770);
#16770 = SURFACE_SIDE_STYLE('',(#16771));
#16771 = SURFACE_STYLE_FILL_AREA(#16772);
#16772 = FILL_AREA_STYLE('',(#16773));
#16773 = FILL_AREA_STYLE_COLOUR('',#15799);
#16774 = STYLED_ITEM('color',(#16775),#11402);
#16775 = PRESENTATION_STYLE_ASSIGNMENT((#16776));
#16776 = SURFACE_STYLE_USAGE(.BOTH.,#16777);
#16777 = SURFACE_SIDE_STYLE('',(#16778));
#16778 = SURFACE_STYLE_FILL_AREA(#16779);
#16779 = FILL_AREA_STYLE('',(#16780));
#16780 = FILL_AREA_STYLE_COLOUR('',#15799);
#16781 = STYLED_ITEM('color',(#16782),#11426);
#16782 = PRESENTATION_STYLE_ASSIGNMENT((#16783));
#16783 = SURFACE_STYLE_USAGE(.BOTH.,#16784);
#16784 = SURFACE_SIDE_STYLE('',(#16785));
#16785 = SURFACE_STYLE_FILL_AREA(#16786);
#16786 = FILL_AREA_STYLE('',(#16787));
#16787 = FILL_AREA_STYLE_COLOUR('',#15799);
#16788 = STYLED_ITEM('color',(#16789),#11450);
#16789 = PRESENTATION_STYLE_ASSIGNMENT((#16790));
#16790 = SURFACE_STYLE_USAGE(.BOTH.,#16791);
#16791 = SURFACE_SIDE_STYLE('',(#16792));
#16792 = SURFACE_STYLE_FILL_AREA(#16793);
#16793 = FILL_AREA_STYLE('',(#16794));
#16794 = FILL_AREA_STYLE_COLOUR('',#15799);
#16795 = STYLED_ITEM('color',(#16796),#11467);
#16796 = PRESENTATION_STYLE_ASSIGNMENT((#16797));
#16797 = SURFACE_STYLE_USAGE(.BOTH.,#16798);
#16798 = SURFACE_SIDE_STYLE('',(#16799));
#16799 = SURFACE_STYLE_FILL_AREA(#16800);
#16800 = FILL_AREA_STYLE('',(#16801));
#16801 = FILL_AREA_STYLE_COLOUR('',#15799);
#16802 = STYLED_ITEM('color',(#16803),#11498);
#16803 = PRESENTATION_STYLE_ASSIGNMENT((#16804));
#16804 = SURFACE_STYLE_USAGE(.BOTH.,#16805);
#16805 = SURFACE_SIDE_STYLE('',(#16806));
#16806 = SURFACE_STYLE_FILL_AREA(#16807);
#16807 = FILL_AREA_STYLE('',(#16808));
#16808 = FILL_AREA_STYLE_COLOUR('',#15799);
#16809 = STYLED_ITEM('color',(#16810),#11522);
#16810 = PRESENTATION_STYLE_ASSIGNMENT((#16811));
#16811 = SURFACE_STYLE_USAGE(.BOTH.,#16812);
#16812 = SURFACE_SIDE_STYLE('',(#16813));
#16813 = SURFACE_STYLE_FILL_AREA(#16814);
#16814 = FILL_AREA_STYLE('',(#16815));
#16815 = FILL_AREA_STYLE_COLOUR('',#15799);
#16816 = STYLED_ITEM('color',(#16817),#11546);
#16817 = PRESENTATION_STYLE_ASSIGNMENT((#16818));
#16818 = SURFACE_STYLE_USAGE(.BOTH.,#16819);
#16819 = SURFACE_SIDE_STYLE('',(#16820));
#16820 = SURFACE_STYLE_FILL_AREA(#16821);
#16821 = FILL_AREA_STYLE('',(#16822));
#16822 = FILL_AREA_STYLE_COLOUR('',#15799);
#16823 = STYLED_ITEM('color',(#16824),#11563);
#16824 = PRESENTATION_STYLE_ASSIGNMENT((#16825));
#16825 = SURFACE_STYLE_USAGE(.BOTH.,#16826);
#16826 = SURFACE_SIDE_STYLE('',(#16827));
#16827 = SURFACE_STYLE_FILL_AREA(#16828);
#16828 = FILL_AREA_STYLE('',(#16829));
#16829 = FILL_AREA_STYLE_COLOUR('',#15799);
#16830 = STYLED_ITEM('color',(#16831),#11594);
#16831 = PRESENTATION_STYLE_ASSIGNMENT((#16832));
#16832 = SURFACE_STYLE_USAGE(.BOTH.,#16833);
#16833 = SURFACE_SIDE_STYLE('',(#16834));
#16834 = SURFACE_STYLE_FILL_AREA(#16835);
#16835 = FILL_AREA_STYLE('',(#16836));
#16836 = FILL_AREA_STYLE_COLOUR('',#15799);
#16837 = STYLED_ITEM('color',(#16838),#11618);
#16838 = PRESENTATION_STYLE_ASSIGNMENT((#16839));
#16839 = SURFACE_STYLE_USAGE(.BOTH.,#16840);
#16840 = SURFACE_SIDE_STYLE('',(#16841));
#16841 = SURFACE_STYLE_FILL_AREA(#16842);
#16842 = FILL_AREA_STYLE('',(#16843));
#16843 = FILL_AREA_STYLE_COLOUR('',#15799);
#16844 = STYLED_ITEM('color',(#16845),#11642);
#16845 = PRESENTATION_STYLE_ASSIGNMENT((#16846));
#16846 = SURFACE_STYLE_USAGE(.BOTH.,#16847);
#16847 = SURFACE_SIDE_STYLE('',(#16848));
#16848 = SURFACE_STYLE_FILL_AREA(#16849);
#16849 = FILL_AREA_STYLE('',(#16850));
#16850 = FILL_AREA_STYLE_COLOUR('',#15799);
#16851 = STYLED_ITEM('color',(#16852),#11659);
#16852 = PRESENTATION_STYLE_ASSIGNMENT((#16853));
#16853 = SURFACE_STYLE_USAGE(.BOTH.,#16854);
#16854 = SURFACE_SIDE_STYLE('',(#16855));
#16855 = SURFACE_STYLE_FILL_AREA(#16856);
#16856 = FILL_AREA_STYLE('',(#16857));
#16857 = FILL_AREA_STYLE_COLOUR('',#15799);
#16858 = STYLED_ITEM('color',(#16859),#11690);
#16859 = PRESENTATION_STYLE_ASSIGNMENT((#16860));
#16860 = SURFACE_STYLE_USAGE(.BOTH.,#16861);
#16861 = SURFACE_SIDE_STYLE('',(#16862));
#16862 = SURFACE_STYLE_FILL_AREA(#16863);
#16863 = FILL_AREA_STYLE('',(#16864));
#16864 = FILL_AREA_STYLE_COLOUR('',#15799);
#16865 = STYLED_ITEM('color',(#16866),#11714);
#16866 = PRESENTATION_STYLE_ASSIGNMENT((#16867));
#16867 = SURFACE_STYLE_USAGE(.BOTH.,#16868);
#16868 = SURFACE_SIDE_STYLE('',(#16869));
#16869 = SURFACE_STYLE_FILL_AREA(#16870);
#16870 = FILL_AREA_STYLE('',(#16871));
#16871 = FILL_AREA_STYLE_COLOUR('',#15799);
#16872 = STYLED_ITEM('color',(#16873),#11738);
#16873 = PRESENTATION_STYLE_ASSIGNMENT((#16874));
#16874 = SURFACE_STYLE_USAGE(.BOTH.,#16875);
#16875 = SURFACE_SIDE_STYLE('',(#16876));
#16876 = SURFACE_STYLE_FILL_AREA(#16877);
#16877 = FILL_AREA_STYLE('',(#16878));
#16878 = FILL_AREA_STYLE_COLOUR('',#15799);
#16879 = STYLED_ITEM('color',(#16880),#11755);
#16880 = PRESENTATION_STYLE_ASSIGNMENT((#16881));
#16881 = SURFACE_STYLE_USAGE(.BOTH.,#16882);
#16882 = SURFACE_SIDE_STYLE('',(#16883));
#16883 = SURFACE_STYLE_FILL_AREA(#16884);
#16884 = FILL_AREA_STYLE('',(#16885));
#16885 = FILL_AREA_STYLE_COLOUR('',#15799);
#16886 = STYLED_ITEM('color',(#16887),#11786);
#16887 = PRESENTATION_STYLE_ASSIGNMENT((#16888));
#16888 = SURFACE_STYLE_USAGE(.BOTH.,#16889);
#16889 = SURFACE_SIDE_STYLE('',(#16890));
#16890 = SURFACE_STYLE_FILL_AREA(#16891);
#16891 = FILL_AREA_STYLE('',(#16892));
#16892 = FILL_AREA_STYLE_COLOUR('',#15799);
#16893 = STYLED_ITEM('color',(#16894),#11810);
#16894 = PRESENTATION_STYLE_ASSIGNMENT((#16895));
#16895 = SURFACE_STYLE_USAGE(.BOTH.,#16896);
#16896 = SURFACE_SIDE_STYLE('',(#16897));
#16897 = SURFACE_STYLE_FILL_AREA(#16898);
#16898 = FILL_AREA_STYLE('',(#16899));
#16899 = FILL_AREA_STYLE_COLOUR('',#15799);
#16900 = STYLED_ITEM('color',(#16901),#11834);
#16901 = PRESENTATION_STYLE_ASSIGNMENT((#16902));
#16902 = SURFACE_STYLE_USAGE(.BOTH.,#16903);
#16903 = SURFACE_SIDE_STYLE('',(#16904));
#16904 = SURFACE_STYLE_FILL_AREA(#16905);
#16905 = FILL_AREA_STYLE('',(#16906));
#16906 = FILL_AREA_STYLE_COLOUR('',#15799);
#16907 = STYLED_ITEM('color',(#16908),#11851);
#16908 = PRESENTATION_STYLE_ASSIGNMENT((#16909));
#16909 = SURFACE_STYLE_USAGE(.BOTH.,#16910);
#16910 = SURFACE_SIDE_STYLE('',(#16911));
#16911 = SURFACE_STYLE_FILL_AREA(#16912);
#16912 = FILL_AREA_STYLE('',(#16913));
#16913 = FILL_AREA_STYLE_COLOUR('',#15799);
#16914 = STYLED_ITEM('color',(#16915),#11882);
#16915 = PRESENTATION_STYLE_ASSIGNMENT((#16916));
#16916 = SURFACE_STYLE_USAGE(.BOTH.,#16917);
#16917 = SURFACE_SIDE_STYLE('',(#16918));
#16918 = SURFACE_STYLE_FILL_AREA(#16919);
#16919 = FILL_AREA_STYLE('',(#16920));
#16920 = FILL_AREA_STYLE_COLOUR('',#15799);
#16921 = STYLED_ITEM('color',(#16922),#11906);
#16922 = PRESENTATION_STYLE_ASSIGNMENT((#16923));
#16923 = SURFACE_STYLE_USAGE(.BOTH.,#16924);
#16924 = SURFACE_SIDE_STYLE('',(#16925));
#16925 = SURFACE_STYLE_FILL_AREA(#16926);
#16926 = FILL_AREA_STYLE('',(#16927));
#16927 = FILL_AREA_STYLE_COLOUR('',#15799);
#16928 = STYLED_ITEM('color',(#16929),#11930);
#16929 = PRESENTATION_STYLE_ASSIGNMENT((#16930));
#16930 = SURFACE_STYLE_USAGE(.BOTH.,#16931);
#16931 = SURFACE_SIDE_STYLE('',(#16932));
#16932 = SURFACE_STYLE_FILL_AREA(#16933);
#16933 = FILL_AREA_STYLE('',(#16934));
#16934 = FILL_AREA_STYLE_COLOUR('',#15799);
#16935 = STYLED_ITEM('color',(#16936),#11947);
#16936 = PRESENTATION_STYLE_ASSIGNMENT((#16937));
#16937 = SURFACE_STYLE_USAGE(.BOTH.,#16938);
#16938 = SURFACE_SIDE_STYLE('',(#16939));
#16939 = SURFACE_STYLE_FILL_AREA(#16940);
#16940 = FILL_AREA_STYLE('',(#16941));
#16941 = FILL_AREA_STYLE_COLOUR('',#15799);
#16942 = STYLED_ITEM('color',(#16943),#11978);
#16943 = PRESENTATION_STYLE_ASSIGNMENT((#16944));
#16944 = SURFACE_STYLE_USAGE(.BOTH.,#16945);
#16945 = SURFACE_SIDE_STYLE('',(#16946));
#16946 = SURFACE_STYLE_FILL_AREA(#16947);
#16947 = FILL_AREA_STYLE('',(#16948));
#16948 = FILL_AREA_STYLE_COLOUR('',#15799);
#16949 = STYLED_ITEM('color',(#16950),#12002);
#16950 = PRESENTATION_STYLE_ASSIGNMENT((#16951));
#16951 = SURFACE_STYLE_USAGE(.BOTH.,#16952);
#16952 = SURFACE_SIDE_STYLE('',(#16953));
#16953 = SURFACE_STYLE_FILL_AREA(#16954);
#16954 = FILL_AREA_STYLE('',(#16955));
#16955 = FILL_AREA_STYLE_COLOUR('',#15799);
#16956 = STYLED_ITEM('color',(#16957),#12026);
#16957 = PRESENTATION_STYLE_ASSIGNMENT((#16958));
#16958 = SURFACE_STYLE_USAGE(.BOTH.,#16959);
#16959 = SURFACE_SIDE_STYLE('',(#16960));
#16960 = SURFACE_STYLE_FILL_AREA(#16961);
#16961 = FILL_AREA_STYLE('',(#16962));
#16962 = FILL_AREA_STYLE_COLOUR('',#15799);
#16963 = STYLED_ITEM('color',(#16964),#12043);
#16964 = PRESENTATION_STYLE_ASSIGNMENT((#16965));
#16965 = SURFACE_STYLE_USAGE(.BOTH.,#16966);
#16966 = SURFACE_SIDE_STYLE('',(#16967));
#16967 = SURFACE_STYLE_FILL_AREA(#16968);
#16968 = FILL_AREA_STYLE('',(#16969));
#16969 = FILL_AREA_STYLE_COLOUR('',#15799);
#16970 = STYLED_ITEM('color',(#16971),#12074);
#16971 = PRESENTATION_STYLE_ASSIGNMENT((#16972));
#16972 = SURFACE_STYLE_USAGE(.BOTH.,#16973);
#16973 = SURFACE_SIDE_STYLE('',(#16974));
#16974 = SURFACE_STYLE_FILL_AREA(#16975);
#16975 = FILL_AREA_STYLE('',(#16976));
#16976 = FILL_AREA_STYLE_COLOUR('',#15799);
#16977 = STYLED_ITEM('color',(#16978),#12098);
#16978 = PRESENTATION_STYLE_ASSIGNMENT((#16979));
#16979 = SURFACE_STYLE_USAGE(.BOTH.,#16980);
#16980 = SURFACE_SIDE_STYLE('',(#16981));
#16981 = SURFACE_STYLE_FILL_AREA(#16982);
#16982 = FILL_AREA_STYLE('',(#16983));
#16983 = FILL_AREA_STYLE_COLOUR('',#15799);
#16984 = STYLED_ITEM('color',(#16985),#12122);
#16985 = PRESENTATION_STYLE_ASSIGNMENT((#16986));
#16986 = SURFACE_STYLE_USAGE(.BOTH.,#16987);
#16987 = SURFACE_SIDE_STYLE('',(#16988));
#16988 = SURFACE_STYLE_FILL_AREA(#16989);
#16989 = FILL_AREA_STYLE('',(#16990));
#16990 = FILL_AREA_STYLE_COLOUR('',#15799);
#16991 = STYLED_ITEM('color',(#16992),#12139);
#16992 = PRESENTATION_STYLE_ASSIGNMENT((#16993));
#16993 = SURFACE_STYLE_USAGE(.BOTH.,#16994);
#16994 = SURFACE_SIDE_STYLE('',(#16995));
#16995 = SURFACE_STYLE_FILL_AREA(#16996);
#16996 = FILL_AREA_STYLE('',(#16997));
#16997 = FILL_AREA_STYLE_COLOUR('',#15799);
#16998 = STYLED_ITEM('color',(#16999),#12170);
#16999 = PRESENTATION_STYLE_ASSIGNMENT((#17000));
#17000 = SURFACE_STYLE_USAGE(.BOTH.,#17001);
#17001 = SURFACE_SIDE_STYLE('',(#17002));
#17002 = SURFACE_STYLE_FILL_AREA(#17003);
#17003 = FILL_AREA_STYLE('',(#17004));
#17004 = FILL_AREA_STYLE_COLOUR('',#15799);
#17005 = STYLED_ITEM('color',(#17006),#12194);
#17006 = PRESENTATION_STYLE_ASSIGNMENT((#17007));
#17007 = SURFACE_STYLE_USAGE(.BOTH.,#17008);
#17008 = SURFACE_SIDE_STYLE('',(#17009));
#17009 = SURFACE_STYLE_FILL_AREA(#17010);
#17010 = FILL_AREA_STYLE('',(#17011));
#17011 = FILL_AREA_STYLE_COLOUR('',#15799);
#17012 = STYLED_ITEM('color',(#17013),#12218);
#17013 = PRESENTATION_STYLE_ASSIGNMENT((#17014));
#17014 = SURFACE_STYLE_USAGE(.BOTH.,#17015);
#17015 = SURFACE_SIDE_STYLE('',(#17016));
#17016 = SURFACE_STYLE_FILL_AREA(#17017);
#17017 = FILL_AREA_STYLE('',(#17018));
#17018 = FILL_AREA_STYLE_COLOUR('',#15799);
#17019 = STYLED_ITEM('color',(#17020),#12235);
#17020 = PRESENTATION_STYLE_ASSIGNMENT((#17021));
#17021 = SURFACE_STYLE_USAGE(.BOTH.,#17022);
#17022 = SURFACE_SIDE_STYLE('',(#17023));
#17023 = SURFACE_STYLE_FILL_AREA(#17024);
#17024 = FILL_AREA_STYLE('',(#17025));
#17025 = FILL_AREA_STYLE_COLOUR('',#15799);
#17026 = STYLED_ITEM('color',(#17027),#12266);
#17027 = PRESENTATION_STYLE_ASSIGNMENT((#17028));
#17028 = SURFACE_STYLE_USAGE(.BOTH.,#17029);
#17029 = SURFACE_SIDE_STYLE('',(#17030));
#17030 = SURFACE_STYLE_FILL_AREA(#17031);
#17031 = FILL_AREA_STYLE('',(#17032));
#17032 = FILL_AREA_STYLE_COLOUR('',#15799);
#17033 = STYLED_ITEM('color',(#17034),#12290);
#17034 = PRESENTATION_STYLE_ASSIGNMENT((#17035));
#17035 = SURFACE_STYLE_USAGE(.BOTH.,#17036);
#17036 = SURFACE_SIDE_STYLE('',(#17037));
#17037 = SURFACE_STYLE_FILL_AREA(#17038);
#17038 = FILL_AREA_STYLE('',(#17039));
#17039 = FILL_AREA_STYLE_COLOUR('',#15799);
#17040 = STYLED_ITEM('color',(#17041),#12314);
#17041 = PRESENTATION_STYLE_ASSIGNMENT((#17042));
#17042 = SURFACE_STYLE_USAGE(.BOTH.,#17043);
#17043 = SURFACE_SIDE_STYLE('',(#17044));
#17044 = SURFACE_STYLE_FILL_AREA(#17045);
#17045 = FILL_AREA_STYLE('',(#17046));
#17046 = FILL_AREA_STYLE_COLOUR('',#15799);
#17047 = STYLED_ITEM('color',(#17048),#12331);
#17048 = PRESENTATION_STYLE_ASSIGNMENT((#17049));
#17049 = SURFACE_STYLE_USAGE(.BOTH.,#17050);
#17050 = SURFACE_SIDE_STYLE('',(#17051));
#17051 = SURFACE_STYLE_FILL_AREA(#17052);
#17052 = FILL_AREA_STYLE('',(#17053));
#17053 = FILL_AREA_STYLE_COLOUR('',#15799);
#17054 = STYLED_ITEM('color',(#17055),#12362);
#17055 = PRESENTATION_STYLE_ASSIGNMENT((#17056));
#17056 = SURFACE_STYLE_USAGE(.BOTH.,#17057);
#17057 = SURFACE_SIDE_STYLE('',(#17058));
#17058 = SURFACE_STYLE_FILL_AREA(#17059);
#17059 = FILL_AREA_STYLE('',(#17060));
#17060 = FILL_AREA_STYLE_COLOUR('',#15799);
#17061 = STYLED_ITEM('color',(#17062),#12386);
#17062 = PRESENTATION_STYLE_ASSIGNMENT((#17063));
#17063 = SURFACE_STYLE_USAGE(.BOTH.,#17064);
#17064 = SURFACE_SIDE_STYLE('',(#17065));
#17065 = SURFACE_STYLE_FILL_AREA(#17066);
#17066 = FILL_AREA_STYLE('',(#17067));
#17067 = FILL_AREA_STYLE_COLOUR('',#15799);
#17068 = STYLED_ITEM('color',(#17069),#12410);
#17069 = PRESENTATION_STYLE_ASSIGNMENT((#17070));
#17070 = SURFACE_STYLE_USAGE(.BOTH.,#17071);
#17071 = SURFACE_SIDE_STYLE('',(#17072));
#17072 = SURFACE_STYLE_FILL_AREA(#17073);
#17073 = FILL_AREA_STYLE('',(#17074));
#17074 = FILL_AREA_STYLE_COLOUR('',#15799);
#17075 = STYLED_ITEM('color',(#17076),#12427);
#17076 = PRESENTATION_STYLE_ASSIGNMENT((#17077));
#17077 = SURFACE_STYLE_USAGE(.BOTH.,#17078);
#17078 = SURFACE_SIDE_STYLE('',(#17079));
#17079 = SURFACE_STYLE_FILL_AREA(#17080);
#17080 = FILL_AREA_STYLE('',(#17081));
#17081 = FILL_AREA_STYLE_COLOUR('',#15799);
#17082 = STYLED_ITEM('color',(#17083),#12458);
#17083 = PRESENTATION_STYLE_ASSIGNMENT((#17084));
#17084 = SURFACE_STYLE_USAGE(.BOTH.,#17085);
#17085 = SURFACE_SIDE_STYLE('',(#17086));
#17086 = SURFACE_STYLE_FILL_AREA(#17087);
#17087 = FILL_AREA_STYLE('',(#17088));
#17088 = FILL_AREA_STYLE_COLOUR('',#15799);
#17089 = STYLED_ITEM('color',(#17090),#12482);
#17090 = PRESENTATION_STYLE_ASSIGNMENT((#17091));
#17091 = SURFACE_STYLE_USAGE(.BOTH.,#17092);
#17092 = SURFACE_SIDE_STYLE('',(#17093));
#17093 = SURFACE_STYLE_FILL_AREA(#17094);
#17094 = FILL_AREA_STYLE('',(#17095));
#17095 = FILL_AREA_STYLE_COLOUR('',#15799);
#17096 = STYLED_ITEM('color',(#17097),#12506);
#17097 = PRESENTATION_STYLE_ASSIGNMENT((#17098));
#17098 = SURFACE_STYLE_USAGE(.BOTH.,#17099);
#17099 = SURFACE_SIDE_STYLE('',(#17100));
#17100 = SURFACE_STYLE_FILL_AREA(#17101);
#17101 = FILL_AREA_STYLE('',(#17102));
#17102 = FILL_AREA_STYLE_COLOUR('',#15799);
#17103 = STYLED_ITEM('color',(#17104),#12523);
#17104 = PRESENTATION_STYLE_ASSIGNMENT((#17105));
#17105 = SURFACE_STYLE_USAGE(.BOTH.,#17106);
#17106 = SURFACE_SIDE_STYLE('',(#17107));
#17107 = SURFACE_STYLE_FILL_AREA(#17108);
#17108 = FILL_AREA_STYLE('',(#17109));
#17109 = FILL_AREA_STYLE_COLOUR('',#15799);
#17110 = STYLED_ITEM('color',(#17111),#12554);
#17111 = PRESENTATION_STYLE_ASSIGNMENT((#17112));
#17112 = SURFACE_STYLE_USAGE(.BOTH.,#17113);
#17113 = SURFACE_SIDE_STYLE('',(#17114));
#17114 = SURFACE_STYLE_FILL_AREA(#17115);
#17115 = FILL_AREA_STYLE('',(#17116));
#17116 = FILL_AREA_STYLE_COLOUR('',#15799);
#17117 = STYLED_ITEM('color',(#17118),#12578);
#17118 = PRESENTATION_STYLE_ASSIGNMENT((#17119));
#17119 = SURFACE_STYLE_USAGE(.BOTH.,#17120);
#17120 = SURFACE_SIDE_STYLE('',(#17121));
#17121 = SURFACE_STYLE_FILL_AREA(#17122);
#17122 = FILL_AREA_STYLE('',(#17123));
#17123 = FILL_AREA_STYLE_COLOUR('',#15799);
#17124 = STYLED_ITEM('color',(#17125),#12602);
#17125 = PRESENTATION_STYLE_ASSIGNMENT((#17126));
#17126 = SURFACE_STYLE_USAGE(.BOTH.,#17127);
#17127 = SURFACE_SIDE_STYLE('',(#17128));
#17128 = SURFACE_STYLE_FILL_AREA(#17129);
#17129 = FILL_AREA_STYLE('',(#17130));
#17130 = FILL_AREA_STYLE_COLOUR('',#15799);
#17131 = STYLED_ITEM('color',(#17132),#12619);
#17132 = PRESENTATION_STYLE_ASSIGNMENT((#17133));
#17133 = SURFACE_STYLE_USAGE(.BOTH.,#17134);
#17134 = SURFACE_SIDE_STYLE('',(#17135));
#17135 = SURFACE_STYLE_FILL_AREA(#17136);
#17136 = FILL_AREA_STYLE('',(#17137));
#17137 = FILL_AREA_STYLE_COLOUR('',#15799);
#17138 = STYLED_ITEM('color',(#17139),#12650);
#17139 = PRESENTATION_STYLE_ASSIGNMENT((#17140));
#17140 = SURFACE_STYLE_USAGE(.BOTH.,#17141);
#17141 = SURFACE_SIDE_STYLE('',(#17142));
#17142 = SURFACE_STYLE_FILL_AREA(#17143);
#17143 = FILL_AREA_STYLE('',(#17144));
#17144 = FILL_AREA_STYLE_COLOUR('',#15799);
#17145 = STYLED_ITEM('color',(#17146),#12674);
#17146 = PRESENTATION_STYLE_ASSIGNMENT((#17147));
#17147 = SURFACE_STYLE_USAGE(.BOTH.,#17148);
#17148 = SURFACE_SIDE_STYLE('',(#17149));
#17149 = SURFACE_STYLE_FILL_AREA(#17150);
#17150 = FILL_AREA_STYLE('',(#17151));
#17151 = FILL_AREA_STYLE_COLOUR('',#15799);
#17152 = STYLED_ITEM('color',(#17153),#12698);
#17153 = PRESENTATION_STYLE_ASSIGNMENT((#17154));
#17154 = SURFACE_STYLE_USAGE(.BOTH.,#17155);
#17155 = SURFACE_SIDE_STYLE('',(#17156));
#17156 = SURFACE_STYLE_FILL_AREA(#17157);
#17157 = FILL_AREA_STYLE('',(#17158));
#17158 = FILL_AREA_STYLE_COLOUR('',#15799);
#17159 = STYLED_ITEM('color',(#17160),#12715);
#17160 = PRESENTATION_STYLE_ASSIGNMENT((#17161));
#17161 = SURFACE_STYLE_USAGE(.BOTH.,#17162);
#17162 = SURFACE_SIDE_STYLE('',(#17163));
#17163 = SURFACE_STYLE_FILL_AREA(#17164);
#17164 = FILL_AREA_STYLE('',(#17165));
#17165 = FILL_AREA_STYLE_COLOUR('',#15799);
#17166 = STYLED_ITEM('color',(#17167),#12746);
#17167 = PRESENTATION_STYLE_ASSIGNMENT((#17168));
#17168 = SURFACE_STYLE_USAGE(.BOTH.,#17169);
#17169 = SURFACE_SIDE_STYLE('',(#17170));
#17170 = SURFACE_STYLE_FILL_AREA(#17171);
#17171 = FILL_AREA_STYLE('',(#17172));
#17172 = FILL_AREA_STYLE_COLOUR('',#15799);
#17173 = STYLED_ITEM('color',(#17174),#12770);
#17174 = PRESENTATION_STYLE_ASSIGNMENT((#17175));
#17175 = SURFACE_STYLE_USAGE(.BOTH.,#17176);
#17176 = SURFACE_SIDE_STYLE('',(#17177));
#17177 = SURFACE_STYLE_FILL_AREA(#17178);
#17178 = FILL_AREA_STYLE('',(#17179));
#17179 = FILL_AREA_STYLE_COLOUR('',#15799);
#17180 = STYLED_ITEM('color',(#17181),#12794);
#17181 = PRESENTATION_STYLE_ASSIGNMENT((#17182));
#17182 = SURFACE_STYLE_USAGE(.BOTH.,#17183);
#17183 = SURFACE_SIDE_STYLE('',(#17184));
#17184 = SURFACE_STYLE_FILL_AREA(#17185);
#17185 = FILL_AREA_STYLE('',(#17186));
#17186 = FILL_AREA_STYLE_COLOUR('',#15799);
#17187 = STYLED_ITEM('color',(#17188),#12811);
#17188 = PRESENTATION_STYLE_ASSIGNMENT((#17189));
#17189 = SURFACE_STYLE_USAGE(.BOTH.,#17190);
#17190 = SURFACE_SIDE_STYLE('',(#17191));
#17191 = SURFACE_STYLE_FILL_AREA(#17192);
#17192 = FILL_AREA_STYLE('',(#17193));
#17193 = FILL_AREA_STYLE_COLOUR('',#15799);
#17194 = STYLED_ITEM('color',(#17195),#12842);
#17195 = PRESENTATION_STYLE_ASSIGNMENT((#17196));
#17196 = SURFACE_STYLE_USAGE(.BOTH.,#17197);
#17197 = SURFACE_SIDE_STYLE('',(#17198));
#17198 = SURFACE_STYLE_FILL_AREA(#17199);
#17199 = FILL_AREA_STYLE('',(#17200));
#17200 = FILL_AREA_STYLE_COLOUR('',#15799);
#17201 = STYLED_ITEM('color',(#17202),#12866);
#17202 = PRESENTATION_STYLE_ASSIGNMENT((#17203));
#17203 = SURFACE_STYLE_USAGE(.BOTH.,#17204);
#17204 = SURFACE_SIDE_STYLE('',(#17205));
#17205 = SURFACE_STYLE_FILL_AREA(#17206);
#17206 = FILL_AREA_STYLE('',(#17207));
#17207 = FILL_AREA_STYLE_COLOUR('',#15799);
#17208 = STYLED_ITEM('color',(#17209),#12890);
#17209 = PRESENTATION_STYLE_ASSIGNMENT((#17210));
#17210 = SURFACE_STYLE_USAGE(.BOTH.,#17211);
#17211 = SURFACE_SIDE_STYLE('',(#17212));
#17212 = SURFACE_STYLE_FILL_AREA(#17213);
#17213 = FILL_AREA_STYLE('',(#17214));
#17214 = FILL_AREA_STYLE_COLOUR('',#15799);
#17215 = STYLED_ITEM('color',(#17216),#12907);
#17216 = PRESENTATION_STYLE_ASSIGNMENT((#17217));
#17217 = SURFACE_STYLE_USAGE(.BOTH.,#17218);
#17218 = SURFACE_SIDE_STYLE('',(#17219));
#17219 = SURFACE_STYLE_FILL_AREA(#17220);
#17220 = FILL_AREA_STYLE('',(#17221));
#17221 = FILL_AREA_STYLE_COLOUR('',#15799);
#17222 = STYLED_ITEM('color',(#17223),#12938);
#17223 = PRESENTATION_STYLE_ASSIGNMENT((#17224));
#17224 = SURFACE_STYLE_USAGE(.BOTH.,#17225);
#17225 = SURFACE_SIDE_STYLE('',(#17226));
#17226 = SURFACE_STYLE_FILL_AREA(#17227);
#17227 = FILL_AREA_STYLE('',(#17228));
#17228 = FILL_AREA_STYLE_COLOUR('',#15799);
#17229 = STYLED_ITEM('color',(#17230),#12962);
#17230 = PRESENTATION_STYLE_ASSIGNMENT((#17231));
#17231 = SURFACE_STYLE_USAGE(.BOTH.,#17232);
#17232 = SURFACE_SIDE_STYLE('',(#17233));
#17233 = SURFACE_STYLE_FILL_AREA(#17234);
#17234 = FILL_AREA_STYLE('',(#17235));
#17235 = FILL_AREA_STYLE_COLOUR('',#15799);
#17236 = STYLED_ITEM('color',(#17237),#12986);
#17237 = PRESENTATION_STYLE_ASSIGNMENT((#17238));
#17238 = SURFACE_STYLE_USAGE(.BOTH.,#17239);
#17239 = SURFACE_SIDE_STYLE('',(#17240));
#17240 = SURFACE_STYLE_FILL_AREA(#17241);
#17241 = FILL_AREA_STYLE('',(#17242));
#17242 = FILL_AREA_STYLE_COLOUR('',#15799);
#17243 = STYLED_ITEM('color',(#17244),#13003);
#17244 = PRESENTATION_STYLE_ASSIGNMENT((#17245));
#17245 = SURFACE_STYLE_USAGE(.BOTH.,#17246);
#17246 = SURFACE_SIDE_STYLE('',(#17247));
#17247 = SURFACE_STYLE_FILL_AREA(#17248);
#17248 = FILL_AREA_STYLE('',(#17249));
#17249 = FILL_AREA_STYLE_COLOUR('',#15799);
#17250 = STYLED_ITEM('color',(#17251),#13034);
#17251 = PRESENTATION_STYLE_ASSIGNMENT((#17252));
#17252 = SURFACE_STYLE_USAGE(.BOTH.,#17253);
#17253 = SURFACE_SIDE_STYLE('',(#17254));
#17254 = SURFACE_STYLE_FILL_AREA(#17255);
#17255 = FILL_AREA_STYLE('',(#17256));
#17256 = FILL_AREA_STYLE_COLOUR('',#15799);
#17257 = STYLED_ITEM('color',(#17258),#13058);
#17258 = PRESENTATION_STYLE_ASSIGNMENT((#17259));
#17259 = SURFACE_STYLE_USAGE(.BOTH.,#17260);
#17260 = SURFACE_SIDE_STYLE('',(#17261));
#17261 = SURFACE_STYLE_FILL_AREA(#17262);
#17262 = FILL_AREA_STYLE('',(#17263));
#17263 = FILL_AREA_STYLE_COLOUR('',#15799);
#17264 = STYLED_ITEM('color',(#17265),#13082);
#17265 = PRESENTATION_STYLE_ASSIGNMENT((#17266));
#17266 = SURFACE_STYLE_USAGE(.BOTH.,#17267);
#17267 = SURFACE_SIDE_STYLE('',(#17268));
#17268 = SURFACE_STYLE_FILL_AREA(#17269);
#17269 = FILL_AREA_STYLE('',(#17270));
#17270 = FILL_AREA_STYLE_COLOUR('',#15799);
#17271 = STYLED_ITEM('color',(#17272),#13099);
#17272 = PRESENTATION_STYLE_ASSIGNMENT((#17273));
#17273 = SURFACE_STYLE_USAGE(.BOTH.,#17274);
#17274 = SURFACE_SIDE_STYLE('',(#17275));
#17275 = SURFACE_STYLE_FILL_AREA(#17276);
#17276 = FILL_AREA_STYLE('',(#17277));
#17277 = FILL_AREA_STYLE_COLOUR('',#15799);
#17278 = STYLED_ITEM('color',(#17279),#13130);
#17279 = PRESENTATION_STYLE_ASSIGNMENT((#17280));
#17280 = SURFACE_STYLE_USAGE(.BOTH.,#17281);
#17281 = SURFACE_SIDE_STYLE('',(#17282));
#17282 = SURFACE_STYLE_FILL_AREA(#17283);
#17283 = FILL_AREA_STYLE('',(#17284));
#17284 = FILL_AREA_STYLE_COLOUR('',#15799);
#17285 = STYLED_ITEM('color',(#17286),#13154);
#17286 = PRESENTATION_STYLE_ASSIGNMENT((#17287));
#17287 = SURFACE_STYLE_USAGE(.BOTH.,#17288);
#17288 = SURFACE_SIDE_STYLE('',(#17289));
#17289 = SURFACE_STYLE_FILL_AREA(#17290);
#17290 = FILL_AREA_STYLE('',(#17291));
#17291 = FILL_AREA_STYLE_COLOUR('',#15799);
#17292 = STYLED_ITEM('color',(#17293),#13178);
#17293 = PRESENTATION_STYLE_ASSIGNMENT((#17294));
#17294 = SURFACE_STYLE_USAGE(.BOTH.,#17295);
#17295 = SURFACE_SIDE_STYLE('',(#17296));
#17296 = SURFACE_STYLE_FILL_AREA(#17297);
#17297 = FILL_AREA_STYLE('',(#17298));
#17298 = FILL_AREA_STYLE_COLOUR('',#15799);
#17299 = STYLED_ITEM('color',(#17300),#13195);
#17300 = PRESENTATION_STYLE_ASSIGNMENT((#17301));
#17301 = SURFACE_STYLE_USAGE(.BOTH.,#17302);
#17302 = SURFACE_SIDE_STYLE('',(#17303));
#17303 = SURFACE_STYLE_FILL_AREA(#17304);
#17304 = FILL_AREA_STYLE('',(#17305));
#17305 = FILL_AREA_STYLE_COLOUR('',#15799);
#17306 = STYLED_ITEM('color',(#17307),#13226);
#17307 = PRESENTATION_STYLE_ASSIGNMENT((#17308));
#17308 = SURFACE_STYLE_USAGE(.BOTH.,#17309);
#17309 = SURFACE_SIDE_STYLE('',(#17310));
#17310 = SURFACE_STYLE_FILL_AREA(#17311);
#17311 = FILL_AREA_STYLE('',(#17312));
#17312 = FILL_AREA_STYLE_COLOUR('',#15799);
#17313 = STYLED_ITEM('color',(#17314),#13250);
#17314 = PRESENTATION_STYLE_ASSIGNMENT((#17315));
#17315 = SURFACE_STYLE_USAGE(.BOTH.,#17316);
#17316 = SURFACE_SIDE_STYLE('',(#17317));
#17317 = SURFACE_STYLE_FILL_AREA(#17318);
#17318 = FILL_AREA_STYLE('',(#17319));
#17319 = FILL_AREA_STYLE_COLOUR('',#15799);
#17320 = STYLED_ITEM('color',(#17321),#13274);
#17321 = PRESENTATION_STYLE_ASSIGNMENT((#17322));
#17322 = SURFACE_STYLE_USAGE(.BOTH.,#17323);
#17323 = SURFACE_SIDE_STYLE('',(#17324));
#17324 = SURFACE_STYLE_FILL_AREA(#17325);
#17325 = FILL_AREA_STYLE('',(#17326));
#17326 = FILL_AREA_STYLE_COLOUR('',#15799);
#17327 = STYLED_ITEM('color',(#17328),#13291);
#17328 = PRESENTATION_STYLE_ASSIGNMENT((#17329));
#17329 = SURFACE_STYLE_USAGE(.BOTH.,#17330);
#17330 = SURFACE_SIDE_STYLE('',(#17331));
#17331 = SURFACE_STYLE_FILL_AREA(#17332);
#17332 = FILL_AREA_STYLE('',(#17333));
#17333 = FILL_AREA_STYLE_COLOUR('',#15799);
#17334 = STYLED_ITEM('color',(#17335),#13322);
#17335 = PRESENTATION_STYLE_ASSIGNMENT((#17336));
#17336 = SURFACE_STYLE_USAGE(.BOTH.,#17337);
#17337 = SURFACE_SIDE_STYLE('',(#17338));
#17338 = SURFACE_STYLE_FILL_AREA(#17339);
#17339 = FILL_AREA_STYLE('',(#17340));
#17340 = FILL_AREA_STYLE_COLOUR('',#15799);
#17341 = STYLED_ITEM('color',(#17342),#13346);
#17342 = PRESENTATION_STYLE_ASSIGNMENT((#17343));
#17343 = SURFACE_STYLE_USAGE(.BOTH.,#17344);
#17344 = SURFACE_SIDE_STYLE('',(#17345));
#17345 = SURFACE_STYLE_FILL_AREA(#17346);
#17346 = FILL_AREA_STYLE('',(#17347));
#17347 = FILL_AREA_STYLE_COLOUR('',#15799);
#17348 = STYLED_ITEM('color',(#17349),#13370);
#17349 = PRESENTATION_STYLE_ASSIGNMENT((#17350));
#17350 = SURFACE_STYLE_USAGE(.BOTH.,#17351);
#17351 = SURFACE_SIDE_STYLE('',(#17352));
#17352 = SURFACE_STYLE_FILL_AREA(#17353);
#17353 = FILL_AREA_STYLE('',(#17354));
#17354 = FILL_AREA_STYLE_COLOUR('',#15799);
#17355 = STYLED_ITEM('color',(#17356),#13387);
#17356 = PRESENTATION_STYLE_ASSIGNMENT((#17357));
#17357 = SURFACE_STYLE_USAGE(.BOTH.,#17358);
#17358 = SURFACE_SIDE_STYLE('',(#17359));
#17359 = SURFACE_STYLE_FILL_AREA(#17360);
#17360 = FILL_AREA_STYLE('',(#17361));
#17361 = FILL_AREA_STYLE_COLOUR('',#15799);
#17362 = STYLED_ITEM('color',(#17363),#13418);
#17363 = PRESENTATION_STYLE_ASSIGNMENT((#17364));
#17364 = SURFACE_STYLE_USAGE(.BOTH.,#17365);
#17365 = SURFACE_SIDE_STYLE('',(#17366));
#17366 = SURFACE_STYLE_FILL_AREA(#17367);
#17367 = FILL_AREA_STYLE('',(#17368));
#17368 = FILL_AREA_STYLE_COLOUR('',#15799);
#17369 = STYLED_ITEM('color',(#17370),#13442);
#17370 = PRESENTATION_STYLE_ASSIGNMENT((#17371));
#17371 = SURFACE_STYLE_USAGE(.BOTH.,#17372);
#17372 = SURFACE_SIDE_STYLE('',(#17373));
#17373 = SURFACE_STYLE_FILL_AREA(#17374);
#17374 = FILL_AREA_STYLE('',(#17375));
#17375 = FILL_AREA_STYLE_COLOUR('',#15799);
#17376 = STYLED_ITEM('color',(#17377),#13466);
#17377 = PRESENTATION_STYLE_ASSIGNMENT((#17378));
#17378 = SURFACE_STYLE_USAGE(.BOTH.,#17379);
#17379 = SURFACE_SIDE_STYLE('',(#17380));
#17380 = SURFACE_STYLE_FILL_AREA(#17381);
#17381 = FILL_AREA_STYLE('',(#17382));
#17382 = FILL_AREA_STYLE_COLOUR('',#15799);
#17383 = STYLED_ITEM('color',(#17384),#13483);
#17384 = PRESENTATION_STYLE_ASSIGNMENT((#17385));
#17385 = SURFACE_STYLE_USAGE(.BOTH.,#17386);
#17386 = SURFACE_SIDE_STYLE('',(#17387));
#17387 = SURFACE_STYLE_FILL_AREA(#17388);
#17388 = FILL_AREA_STYLE('',(#17389));
#17389 = FILL_AREA_STYLE_COLOUR('',#16598);
#17390 = STYLED_ITEM('color',(#17391),#13506);
#17391 = PRESENTATION_STYLE_ASSIGNMENT((#17392));
#17392 = SURFACE_STYLE_USAGE(.BOTH.,#17393);
#17393 = SURFACE_SIDE_STYLE('',(#17394));
#17394 = SURFACE_STYLE_FILL_AREA(#17395);
#17395 = FILL_AREA_STYLE('',(#17396));
#17396 = FILL_AREA_STYLE_COLOUR('',#15799);
#17397 = STYLED_ITEM('color',(#17398),#13518);
#17398 = PRESENTATION_STYLE_ASSIGNMENT((#17399));
#17399 = SURFACE_STYLE_USAGE(.BOTH.,#17400);
#17400 = SURFACE_SIDE_STYLE('',(#17401));
#17401 = SURFACE_STYLE_FILL_AREA(#17402);
#17402 = FILL_AREA_STYLE('',(#17403));
#17403 = FILL_AREA_STYLE_COLOUR('',#15799);
#17404 = STYLED_ITEM('color',(#17405),#13530);
#17405 = PRESENTATION_STYLE_ASSIGNMENT((#17406));
#17406 = SURFACE_STYLE_USAGE(.BOTH.,#17407);
#17407 = SURFACE_SIDE_STYLE('',(#17408));
#17408 = SURFACE_STYLE_FILL_AREA(#17409);
#17409 = FILL_AREA_STYLE('',(#17410));
#17410 = FILL_AREA_STYLE_COLOUR('',#15799);
#17411 = STYLED_ITEM('color',(#17412),#13542);
#17412 = PRESENTATION_STYLE_ASSIGNMENT((#17413));
#17413 = SURFACE_STYLE_USAGE(.BOTH.,#17414);
#17414 = SURFACE_SIDE_STYLE('',(#17415));
#17415 = SURFACE_STYLE_FILL_AREA(#17416);
#17416 = FILL_AREA_STYLE('',(#17417));
#17417 = FILL_AREA_STYLE_COLOUR('',#15799);
#17418 = STYLED_ITEM('color',(#17419),#13554);
#17419 = PRESENTATION_STYLE_ASSIGNMENT((#17420));
#17420 = SURFACE_STYLE_USAGE(.BOTH.,#17421);
#17421 = SURFACE_SIDE_STYLE('',(#17422));
#17422 = SURFACE_STYLE_FILL_AREA(#17423);
#17423 = FILL_AREA_STYLE('',(#17424));
#17424 = FILL_AREA_STYLE_COLOUR('',#15799);
#17425 = STYLED_ITEM('color',(#17426),#13566);
#17426 = PRESENTATION_STYLE_ASSIGNMENT((#17427));
#17427 = SURFACE_STYLE_USAGE(.BOTH.,#17428);
#17428 = SURFACE_SIDE_STYLE('',(#17429));
#17429 = SURFACE_STYLE_FILL_AREA(#17430);
#17430 = FILL_AREA_STYLE('',(#17431));
#17431 = FILL_AREA_STYLE_COLOUR('',#15799);
#17432 = STYLED_ITEM('color',(#17433),#13578);
#17433 = PRESENTATION_STYLE_ASSIGNMENT((#17434));
#17434 = SURFACE_STYLE_USAGE(.BOTH.,#17435);
#17435 = SURFACE_SIDE_STYLE('',(#17436));
#17436 = SURFACE_STYLE_FILL_AREA(#17437);
#17437 = FILL_AREA_STYLE('',(#17438));
#17438 = FILL_AREA_STYLE_COLOUR('',#15799);
#17439 = STYLED_ITEM('color',(#17440),#13590);
#17440 = PRESENTATION_STYLE_ASSIGNMENT((#17441));
#17441 = SURFACE_STYLE_USAGE(.BOTH.,#17442);
#17442 = SURFACE_SIDE_STYLE('',(#17443));
#17443 = SURFACE_STYLE_FILL_AREA(#17444);
#17444 = FILL_AREA_STYLE('',(#17445));
#17445 = FILL_AREA_STYLE_COLOUR('',#15799);
#17446 = STYLED_ITEM('color',(#17447),#13602);
#17447 = PRESENTATION_STYLE_ASSIGNMENT((#17448));
#17448 = SURFACE_STYLE_USAGE(.BOTH.,#17449);
#17449 = SURFACE_SIDE_STYLE('',(#17450));
#17450 = SURFACE_STYLE_FILL_AREA(#17451);
#17451 = FILL_AREA_STYLE('',(#17452));
#17452 = FILL_AREA_STYLE_COLOUR('',#15799);
#17453 = STYLED_ITEM('color',(#17454),#13614);
#17454 = PRESENTATION_STYLE_ASSIGNMENT((#17455));
#17455 = SURFACE_STYLE_USAGE(.BOTH.,#17456);
#17456 = SURFACE_SIDE_STYLE('',(#17457));
#17457 = SURFACE_STYLE_FILL_AREA(#17458);
#17458 = FILL_AREA_STYLE('',(#17459));
#17459 = FILL_AREA_STYLE_COLOUR('',#15799);
#17460 = STYLED_ITEM('color',(#17461),#13626);
#17461 = PRESENTATION_STYLE_ASSIGNMENT((#17462));
#17462 = SURFACE_STYLE_USAGE(.BOTH.,#17463);
#17463 = SURFACE_SIDE_STYLE('',(#17464));
#17464 = SURFACE_STYLE_FILL_AREA(#17465);
#17465 = FILL_AREA_STYLE('',(#17466));
#17466 = FILL_AREA_STYLE_COLOUR('',#15799);
#17467 = STYLED_ITEM('color',(#17468),#13638);
#17468 = PRESENTATION_STYLE_ASSIGNMENT((#17469));
#17469 = SURFACE_STYLE_USAGE(.BOTH.,#17470);
#17470 = SURFACE_SIDE_STYLE('',(#17471));
#17471 = SURFACE_STYLE_FILL_AREA(#17472);
#17472 = FILL_AREA_STYLE('',(#17473));
#17473 = FILL_AREA_STYLE_COLOUR('',#15799);
#17474 = STYLED_ITEM('color',(#17475),#13650);
#17475 = PRESENTATION_STYLE_ASSIGNMENT((#17476));
#17476 = SURFACE_STYLE_USAGE(.BOTH.,#17477);
#17477 = SURFACE_SIDE_STYLE('',(#17478));
#17478 = SURFACE_STYLE_FILL_AREA(#17479);
#17479 = FILL_AREA_STYLE('',(#17480));
#17480 = FILL_AREA_STYLE_COLOUR('',#15799);
#17481 = STYLED_ITEM('color',(#17482),#13662);
#17482 = PRESENTATION_STYLE_ASSIGNMENT((#17483));
#17483 = SURFACE_STYLE_USAGE(.BOTH.,#17484);
#17484 = SURFACE_SIDE_STYLE('',(#17485));
#17485 = SURFACE_STYLE_FILL_AREA(#17486);
#17486 = FILL_AREA_STYLE('',(#17487));
#17487 = FILL_AREA_STYLE_COLOUR('',#15799);
#17488 = STYLED_ITEM('color',(#17489),#13674);
#17489 = PRESENTATION_STYLE_ASSIGNMENT((#17490));
#17490 = SURFACE_STYLE_USAGE(.BOTH.,#17491);
#17491 = SURFACE_SIDE_STYLE('',(#17492));
#17492 = SURFACE_STYLE_FILL_AREA(#17493);
#17493 = FILL_AREA_STYLE('',(#17494));
#17494 = FILL_AREA_STYLE_COLOUR('',#15799);
#17495 = STYLED_ITEM('color',(#17496),#13686);
#17496 = PRESENTATION_STYLE_ASSIGNMENT((#17497));
#17497 = SURFACE_STYLE_USAGE(.BOTH.,#17498);
#17498 = SURFACE_SIDE_STYLE('',(#17499));
#17499 = SURFACE_STYLE_FILL_AREA(#17500);
#17500 = FILL_AREA_STYLE('',(#17501));
#17501 = FILL_AREA_STYLE_COLOUR('',#15799);
#17502 = STYLED_ITEM('color',(#17503),#13698);
#17503 = PRESENTATION_STYLE_ASSIGNMENT((#17504));
#17504 = SURFACE_STYLE_USAGE(.BOTH.,#17505);
#17505 = SURFACE_SIDE_STYLE('',(#17506));
#17506 = SURFACE_STYLE_FILL_AREA(#17507);
#17507 = FILL_AREA_STYLE('',(#17508));
#17508 = FILL_AREA_STYLE_COLOUR('',#15799);
#17509 = STYLED_ITEM('color',(#17510),#13710);
#17510 = PRESENTATION_STYLE_ASSIGNMENT((#17511));
#17511 = SURFACE_STYLE_USAGE(.BOTH.,#17512);
#17512 = SURFACE_SIDE_STYLE('',(#17513));
#17513 = SURFACE_STYLE_FILL_AREA(#17514);
#17514 = FILL_AREA_STYLE('',(#17515));
#17515 = FILL_AREA_STYLE_COLOUR('',#15799);
#17516 = STYLED_ITEM('color',(#17517),#13722);
#17517 = PRESENTATION_STYLE_ASSIGNMENT((#17518));
#17518 = SURFACE_STYLE_USAGE(.BOTH.,#17519);
#17519 = SURFACE_SIDE_STYLE('',(#17520));
#17520 = SURFACE_STYLE_FILL_AREA(#17521);
#17521 = FILL_AREA_STYLE('',(#17522));
#17522 = FILL_AREA_STYLE_COLOUR('',#15799);
#17523 = STYLED_ITEM('color',(#17524),#13734);
#17524 = PRESENTATION_STYLE_ASSIGNMENT((#17525));
#17525 = SURFACE_STYLE_USAGE(.BOTH.,#17526);
#17526 = SURFACE_SIDE_STYLE('',(#17527));
#17527 = SURFACE_STYLE_FILL_AREA(#17528);
#17528 = FILL_AREA_STYLE('',(#17529));
#17529 = FILL_AREA_STYLE_COLOUR('',#15799);
#17530 = STYLED_ITEM('color',(#17531),#13746);
#17531 = PRESENTATION_STYLE_ASSIGNMENT((#17532));
#17532 = SURFACE_STYLE_USAGE(.BOTH.,#17533);
#17533 = SURFACE_SIDE_STYLE('',(#17534));
#17534 = SURFACE_STYLE_FILL_AREA(#17535);
#17535 = FILL_AREA_STYLE('',(#17536));
#17536 = FILL_AREA_STYLE_COLOUR('',#15799);
#17537 = STYLED_ITEM('color',(#17538),#13758);
#17538 = PRESENTATION_STYLE_ASSIGNMENT((#17539));
#17539 = SURFACE_STYLE_USAGE(.BOTH.,#17540);
#17540 = SURFACE_SIDE_STYLE('',(#17541));
#17541 = SURFACE_STYLE_FILL_AREA(#17542);
#17542 = FILL_AREA_STYLE('',(#17543));
#17543 = FILL_AREA_STYLE_COLOUR('',#15799);
#17544 = STYLED_ITEM('color',(#17545),#13770);
#17545 = PRESENTATION_STYLE_ASSIGNMENT((#17546));
#17546 = SURFACE_STYLE_USAGE(.BOTH.,#17547);
#17547 = SURFACE_SIDE_STYLE('',(#17548));
#17548 = SURFACE_STYLE_FILL_AREA(#17549);
#17549 = FILL_AREA_STYLE('',(#17550));
#17550 = FILL_AREA_STYLE_COLOUR('',#15799);
#17551 = STYLED_ITEM('color',(#17552),#13782);
#17552 = PRESENTATION_STYLE_ASSIGNMENT((#17553));
#17553 = SURFACE_STYLE_USAGE(.BOTH.,#17554);
#17554 = SURFACE_SIDE_STYLE('',(#17555));
#17555 = SURFACE_STYLE_FILL_AREA(#17556);
#17556 = FILL_AREA_STYLE('',(#17557));
#17557 = FILL_AREA_STYLE_COLOUR('',#15799);
#17558 = STYLED_ITEM('color',(#17559),#13794);
#17559 = PRESENTATION_STYLE_ASSIGNMENT((#17560));
#17560 = SURFACE_STYLE_USAGE(.BOTH.,#17561);
#17561 = SURFACE_SIDE_STYLE('',(#17562));
#17562 = SURFACE_STYLE_FILL_AREA(#17563);
#17563 = FILL_AREA_STYLE('',(#17564));
#17564 = FILL_AREA_STYLE_COLOUR('',#15799);
#17565 = STYLED_ITEM('color',(#17566),#13806);
#17566 = PRESENTATION_STYLE_ASSIGNMENT((#17567));
#17567 = SURFACE_STYLE_USAGE(.BOTH.,#17568);
#17568 = SURFACE_SIDE_STYLE('',(#17569));
#17569 = SURFACE_STYLE_FILL_AREA(#17570);
#17570 = FILL_AREA_STYLE('',(#17571));
#17571 = FILL_AREA_STYLE_COLOUR('',#15799);
#17572 = STYLED_ITEM('color',(#17573),#13818);
#17573 = PRESENTATION_STYLE_ASSIGNMENT((#17574));
#17574 = SURFACE_STYLE_USAGE(.BOTH.,#17575);
#17575 = SURFACE_SIDE_STYLE('',(#17576));
#17576 = SURFACE_STYLE_FILL_AREA(#17577);
#17577 = FILL_AREA_STYLE('',(#17578));
#17578 = FILL_AREA_STYLE_COLOUR('',#15799);
#17579 = STYLED_ITEM('color',(#17580),#13830);
#17580 = PRESENTATION_STYLE_ASSIGNMENT((#17581));
#17581 = SURFACE_STYLE_USAGE(.BOTH.,#17582);
#17582 = SURFACE_SIDE_STYLE('',(#17583));
#17583 = SURFACE_STYLE_FILL_AREA(#17584);
#17584 = FILL_AREA_STYLE('',(#17585));
#17585 = FILL_AREA_STYLE_COLOUR('',#17586);
#17586 = COLOUR_RGB('',0.690999977303,0.663999984767,0.597999987832);
#17587 = STYLED_ITEM('color',(#17588),#13855);
#17588 = PRESENTATION_STYLE_ASSIGNMENT((#17589));
#17589 = SURFACE_STYLE_USAGE(.BOTH.,#17590);
#17590 = SURFACE_SIDE_STYLE('',(#17591));
#17591 = SURFACE_STYLE_FILL_AREA(#17592);
#17592 = FILL_AREA_STYLE('',(#17593));
#17593 = FILL_AREA_STYLE_COLOUR('',#17586);
#17594 = MECHANICAL_DESIGN_GEOMETRIC_PRESENTATION_REPRESENTATION('',(
    #17595,#17605,#17614,#17623,#17632,#17641,#17650,#17659,#17668,
    #17677,#17686,#17695,#17704,#17713,#17722,#17731,#17740,#17749,
    #17758,#17767,#17776,#17785,#17794,#17803,#17812,#17821,#17830,
    #17839,#17848,#17857,#17866,#17875,#17884,#17893,#17902,#17911,
    #17920,#17929,#17938,#17947,#17956,#17965,#17974,#17983,#17992,
    #18001,#18010,#18019,#18028,#18037,#18046,#18055,#18064,#18073,
    #18082,#18091,#18100,#18109,#18118,#18127,#18136,#18145,#18154,
    #18163,#18172,#18181,#18190,#18199,#18208,#18217,#18226,#18235,
    #18244,#18253,#18262,#18271,#18280,#18289,#18298,#18307,#18316,
    #18325,#18334,#18343,#18352,#18361,#18370,#18379,#18388,#18397,
    #18406,#18415,#18424,#18433,#18442,#18451,#18460,#18469,#18478,
    #18487,#18496,#18505,#18514,#18523,#18532,#18541,#18550,#18559,
    #18568,#18577,#18586,#18595,#18604,#18613,#18622,#18631,#18640,
    #18649,#18658,#18667,#18676,#18685,#18694,#18703,#18712,#18721,
    #18730,#18739,#18748,#18757,#18766,#18775,#18784,#18793,#18802,
    #18811,#18820,#18829,#18838,#18847,#18856,#18865,#18874,#18883,
    #18892,#18901,#18910,#18919,#18928,#18937,#18946,#18955,#18964,
    #18973,#18982,#18991,#19000,#19009,#19018,#19027,#19036,#19045,
    #19054,#19063,#19072,#19081,#19090,#19099,#19108,#19117,#19126,
    #19135,#19144,#19153,#19162,#19171,#19180,#19189,#19198,#19207,
    #19216,#19225,#19234,#19243,#19252,#19261,#19270,#19279,#19288,
    #19297,#19306,#19315,#19324,#19333,#19342,#19351,#19360,#19369,
    #19378,#19387,#19396,#19405,#19414,#19423,#19432,#19441,#19450,
    #19459,#19468,#19477,#19486,#19495,#19504,#19513,#19522,#19531,
    #19540,#19549,#19558,#19567,#19576,#19585,#19594,#19603,#19612,
    #19621,#19630,#19639,#19648,#19657,#19666,#19675,#19684,#19693,
    #19702,#19711,#19720,#19729,#19738,#19747,#19756,#19765,#19774,
    #19783,#19792,#19801,#19810,#19819,#19828,#19837,#19846,#19855,
    #19864,#19873,#19882),#9674);
#17595 = STYLED_ITEM('color',(#17596),#1820);
#17596 = PRESENTATION_STYLE_ASSIGNMENT((#17597,#17603));
#17597 = SURFACE_STYLE_USAGE(.BOTH.,#17598);
#17598 = SURFACE_SIDE_STYLE('',(#17599));
#17599 = SURFACE_STYLE_FILL_AREA(#17600);
#17600 = FILL_AREA_STYLE('',(#17601));
#17601 = FILL_AREA_STYLE_COLOUR('',#17602);
#17602 = COLOUR_RGB('',0.147999998088,0.145000001626,0.145000001626);
#17603 = CURVE_STYLE('',#17604,POSITIVE_LENGTH_MEASURE(0.1),#17602);
#17604 = DRAUGHTING_PRE_DEFINED_CURVE_FONT('continuous');
#17605 = STYLED_ITEM('color',(#17606),#1986);
#17606 = PRESENTATION_STYLE_ASSIGNMENT((#17607,#17612));
#17607 = SURFACE_STYLE_USAGE(.BOTH.,#17608);
#17608 = SURFACE_SIDE_STYLE('',(#17609));
#17609 = SURFACE_STYLE_FILL_AREA(#17610);
#17610 = FILL_AREA_STYLE('',(#17611));
#17611 = FILL_AREA_STYLE_COLOUR('',#17602);
#17612 = CURVE_STYLE('',#17613,POSITIVE_LENGTH_MEASURE(0.1),#17602);
#17613 = DRAUGHTING_PRE_DEFINED_CURVE_FONT('continuous');
#17614 = STYLED_ITEM('color',(#17615),#2017);
#17615 = PRESENTATION_STYLE_ASSIGNMENT((#17616,#17621));
#17616 = SURFACE_STYLE_USAGE(.BOTH.,#17617);
#17617 = SURFACE_SIDE_STYLE('',(#17618));
#17618 = SURFACE_STYLE_FILL_AREA(#17619);
#17619 = FILL_AREA_STYLE('',(#17620));
#17620 = FILL_AREA_STYLE_COLOUR('',#17602);
#17621 = CURVE_STYLE('',#17622,POSITIVE_LENGTH_MEASURE(0.1),#17602);
#17622 = DRAUGHTING_PRE_DEFINED_CURVE_FONT('continuous');
#17623 = STYLED_ITEM('color',(#17624),#2040);
#17624 = PRESENTATION_STYLE_ASSIGNMENT((#17625,#17630));
#17625 = SURFACE_STYLE_USAGE(.BOTH.,#17626);
#17626 = SURFACE_SIDE_STYLE('',(#17627));
#17627 = SURFACE_STYLE_FILL_AREA(#17628);
#17628 = FILL_AREA_STYLE('',(#17629));
#17629 = FILL_AREA_STYLE_COLOUR('',#17602);
#17630 = CURVE_STYLE('',#17631,POSITIVE_LENGTH_MEASURE(0.1),#17602);
#17631 = DRAUGHTING_PRE_DEFINED_CURVE_FONT('continuous');
#17632 = STYLED_ITEM('color',(#17633),#2070);
#17633 = PRESENTATION_STYLE_ASSIGNMENT((#17634,#17639));
#17634 = SURFACE_STYLE_USAGE(.BOTH.,#17635);
#17635 = SURFACE_SIDE_STYLE('',(#17636));
#17636 = SURFACE_STYLE_FILL_AREA(#17637);
#17637 = FILL_AREA_STYLE('',(#17638));
#17638 = FILL_AREA_STYLE_COLOUR('',#15799);
#17639 = CURVE_STYLE('',#17640,POSITIVE_LENGTH_MEASURE(0.1),#15799);
#17640 = DRAUGHTING_PRE_DEFINED_CURVE_FONT('continuous');
#17641 = STYLED_ITEM('color',(#17642),#2101);
#17642 = PRESENTATION_STYLE_ASSIGNMENT((#17643,#17648));
#17643 = SURFACE_STYLE_USAGE(.BOTH.,#17644);
#17644 = SURFACE_SIDE_STYLE('',(#17645));
#17645 = SURFACE_STYLE_FILL_AREA(#17646);
#17646 = FILL_AREA_STYLE('',(#17647));
#17647 = FILL_AREA_STYLE_COLOUR('',#17602);
#17648 = CURVE_STYLE('',#17649,POSITIVE_LENGTH_MEASURE(0.1),#17602);
#17649 = DRAUGHTING_PRE_DEFINED_CURVE_FONT('continuous');
#17650 = STYLED_ITEM('color',(#17651),#2132);
#17651 = PRESENTATION_STYLE_ASSIGNMENT((#17652,#17657));
#17652 = SURFACE_STYLE_USAGE(.BOTH.,#17653);
#17653 = SURFACE_SIDE_STYLE('',(#17654));
#17654 = SURFACE_STYLE_FILL_AREA(#17655);
#17655 = FILL_AREA_STYLE('',(#17656));
#17656 = FILL_AREA_STYLE_COLOUR('',#15799);
#17657 = CURVE_STYLE('',#17658,POSITIVE_LENGTH_MEASURE(0.1),#15799);
#17658 = DRAUGHTING_PRE_DEFINED_CURVE_FONT('continuous');
#17659 = STYLED_ITEM('color',(#17660),#2163);
#17660 = PRESENTATION_STYLE_ASSIGNMENT((#17661,#17666));
#17661 = SURFACE_STYLE_USAGE(.BOTH.,#17662);
#17662 = SURFACE_SIDE_STYLE('',(#17663));
#17663 = SURFACE_STYLE_FILL_AREA(#17664);
#17664 = FILL_AREA_STYLE('',(#17665));
#17665 = FILL_AREA_STYLE_COLOUR('',#17602);
#17666 = CURVE_STYLE('',#17667,POSITIVE_LENGTH_MEASURE(0.1),#17602);
#17667 = DRAUGHTING_PRE_DEFINED_CURVE_FONT('continuous');
#17668 = STYLED_ITEM('color',(#17669),#2194);
#17669 = PRESENTATION_STYLE_ASSIGNMENT((#17670,#17675));
#17670 = SURFACE_STYLE_USAGE(.BOTH.,#17671);
#17671 = SURFACE_SIDE_STYLE('',(#17672));
#17672 = SURFACE_STYLE_FILL_AREA(#17673);
#17673 = FILL_AREA_STYLE('',(#17674));
#17674 = FILL_AREA_STYLE_COLOUR('',#15799);
#17675 = CURVE_STYLE('',#17676,POSITIVE_LENGTH_MEASURE(0.1),#15799);
#17676 = DRAUGHTING_PRE_DEFINED_CURVE_FONT('continuous');
#17677 = STYLED_ITEM('color',(#17678),#2225);
#17678 = PRESENTATION_STYLE_ASSIGNMENT((#17679,#17684));
#17679 = SURFACE_STYLE_USAGE(.BOTH.,#17680);
#17680 = SURFACE_SIDE_STYLE('',(#17681));
#17681 = SURFACE_STYLE_FILL_AREA(#17682);
#17682 = FILL_AREA_STYLE('',(#17683));
#17683 = FILL_AREA_STYLE_COLOUR('',#17602);
#17684 = CURVE_STYLE('',#17685,POSITIVE_LENGTH_MEASURE(0.1),#17602);
#17685 = DRAUGHTING_PRE_DEFINED_CURVE_FONT('continuous');
#17686 = STYLED_ITEM('color',(#17687),#2256);
#17687 = PRESENTATION_STYLE_ASSIGNMENT((#17688,#17693));
#17688 = SURFACE_STYLE_USAGE(.BOTH.,#17689);
#17689 = SURFACE_SIDE_STYLE('',(#17690));
#17690 = SURFACE_STYLE_FILL_AREA(#17691);
#17691 = FILL_AREA_STYLE('',(#17692));
#17692 = FILL_AREA_STYLE_COLOUR('',#15799);
#17693 = CURVE_STYLE('',#17694,POSITIVE_LENGTH_MEASURE(0.1),#15799);
#17694 = DRAUGHTING_PRE_DEFINED_CURVE_FONT('continuous');
#17695 = STYLED_ITEM('color',(#17696),#2287);
#17696 = PRESENTATION_STYLE_ASSIGNMENT((#17697,#17702));
#17697 = SURFACE_STYLE_USAGE(.BOTH.,#17698);
#17698 = SURFACE_SIDE_STYLE('',(#17699));
#17699 = SURFACE_STYLE_FILL_AREA(#17700);
#17700 = FILL_AREA_STYLE('',(#17701));
#17701 = FILL_AREA_STYLE_COLOUR('',#17602);
#17702 = CURVE_STYLE('',#17703,POSITIVE_LENGTH_MEASURE(0.1),#17602);
#17703 = DRAUGHTING_PRE_DEFINED_CURVE_FONT('continuous');
#17704 = STYLED_ITEM('color',(#17705),#2318);
#17705 = PRESENTATION_STYLE_ASSIGNMENT((#17706,#17711));
#17706 = SURFACE_STYLE_USAGE(.BOTH.,#17707);
#17707 = SURFACE_SIDE_STYLE('',(#17708));
#17708 = SURFACE_STYLE_FILL_AREA(#17709);
#17709 = FILL_AREA_STYLE('',(#17710));
#17710 = FILL_AREA_STYLE_COLOUR('',#15799);
#17711 = CURVE_STYLE('',#17712,POSITIVE_LENGTH_MEASURE(0.1),#15799);
#17712 = DRAUGHTING_PRE_DEFINED_CURVE_FONT('continuous');
#17713 = STYLED_ITEM('color',(#17714),#2349);
#17714 = PRESENTATION_STYLE_ASSIGNMENT((#17715,#17720));
#17715 = SURFACE_STYLE_USAGE(.BOTH.,#17716);
#17716 = SURFACE_SIDE_STYLE('',(#17717));
#17717 = SURFACE_STYLE_FILL_AREA(#17718);
#17718 = FILL_AREA_STYLE('',(#17719));
#17719 = FILL_AREA_STYLE_COLOUR('',#17602);
#17720 = CURVE_STYLE('',#17721,POSITIVE_LENGTH_MEASURE(0.1),#17602);
#17721 = DRAUGHTING_PRE_DEFINED_CURVE_FONT('continuous');
#17722 = STYLED_ITEM('color',(#17723),#2380);
#17723 = PRESENTATION_STYLE_ASSIGNMENT((#17724,#17729));
#17724 = SURFACE_STYLE_USAGE(.BOTH.,#17725);
#17725 = SURFACE_SIDE_STYLE('',(#17726));
#17726 = SURFACE_STYLE_FILL_AREA(#17727);
#17727 = FILL_AREA_STYLE('',(#17728));
#17728 = FILL_AREA_STYLE_COLOUR('',#15799);
#17729 = CURVE_STYLE('',#17730,POSITIVE_LENGTH_MEASURE(0.1),#15799);
#17730 = DRAUGHTING_PRE_DEFINED_CURVE_FONT('continuous');
#17731 = STYLED_ITEM('color',(#17732),#2411);
#17732 = PRESENTATION_STYLE_ASSIGNMENT((#17733,#17738));
#17733 = SURFACE_STYLE_USAGE(.BOTH.,#17734);
#17734 = SURFACE_SIDE_STYLE('',(#17735));
#17735 = SURFACE_STYLE_FILL_AREA(#17736);
#17736 = FILL_AREA_STYLE('',(#17737));
#17737 = FILL_AREA_STYLE_COLOUR('',#17602);
#17738 = CURVE_STYLE('',#17739,POSITIVE_LENGTH_MEASURE(0.1),#17602);
#17739 = DRAUGHTING_PRE_DEFINED_CURVE_FONT('continuous');
#17740 = STYLED_ITEM('color',(#17741),#2442);
#17741 = PRESENTATION_STYLE_ASSIGNMENT((#17742,#17747));
#17742 = SURFACE_STYLE_USAGE(.BOTH.,#17743);
#17743 = SURFACE_SIDE_STYLE('',(#17744));
#17744 = SURFACE_STYLE_FILL_AREA(#17745);
#17745 = FILL_AREA_STYLE('',(#17746));
#17746 = FILL_AREA_STYLE_COLOUR('',#15799);
#17747 = CURVE_STYLE('',#17748,POSITIVE_LENGTH_MEASURE(0.1),#15799);
#17748 = DRAUGHTING_PRE_DEFINED_CURVE_FONT('continuous');
#17749 = STYLED_ITEM('color',(#17750),#2473);
#17750 = PRESENTATION_STYLE_ASSIGNMENT((#17751,#17756));
#17751 = SURFACE_STYLE_USAGE(.BOTH.,#17752);
#17752 = SURFACE_SIDE_STYLE('',(#17753));
#17753 = SURFACE_STYLE_FILL_AREA(#17754);
#17754 = FILL_AREA_STYLE('',(#17755));
#17755 = FILL_AREA_STYLE_COLOUR('',#17602);
#17756 = CURVE_STYLE('',#17757,POSITIVE_LENGTH_MEASURE(0.1),#17602);
#17757 = DRAUGHTING_PRE_DEFINED_CURVE_FONT('continuous');
#17758 = STYLED_ITEM('color',(#17759),#2504);
#17759 = PRESENTATION_STYLE_ASSIGNMENT((#17760,#17765));
#17760 = SURFACE_STYLE_USAGE(.BOTH.,#17761);
#17761 = SURFACE_SIDE_STYLE('',(#17762));
#17762 = SURFACE_STYLE_FILL_AREA(#17763);
#17763 = FILL_AREA_STYLE('',(#17764));
#17764 = FILL_AREA_STYLE_COLOUR('',#15799);
#17765 = CURVE_STYLE('',#17766,POSITIVE_LENGTH_MEASURE(0.1),#15799);
#17766 = DRAUGHTING_PRE_DEFINED_CURVE_FONT('continuous');
#17767 = STYLED_ITEM('color',(#17768),#2535);
#17768 = PRESENTATION_STYLE_ASSIGNMENT((#17769,#17774));
#17769 = SURFACE_STYLE_USAGE(.BOTH.,#17770);
#17770 = SURFACE_SIDE_STYLE('',(#17771));
#17771 = SURFACE_STYLE_FILL_AREA(#17772);
#17772 = FILL_AREA_STYLE('',(#17773));
#17773 = FILL_AREA_STYLE_COLOUR('',#17602);
#17774 = CURVE_STYLE('',#17775,POSITIVE_LENGTH_MEASURE(0.1),#17602);
#17775 = DRAUGHTING_PRE_DEFINED_CURVE_FONT('continuous');
#17776 = STYLED_ITEM('color',(#17777),#2565);
#17777 = PRESENTATION_STYLE_ASSIGNMENT((#17778,#17783));
#17778 = SURFACE_STYLE_USAGE(.BOTH.,#17779);
#17779 = SURFACE_SIDE_STYLE('',(#17780));
#17780 = SURFACE_STYLE_FILL_AREA(#17781);
#17781 = FILL_AREA_STYLE('',(#17782));
#17782 = FILL_AREA_STYLE_COLOUR('',#17602);
#17783 = CURVE_STYLE('',#17784,POSITIVE_LENGTH_MEASURE(0.1),#17602);
#17784 = DRAUGHTING_PRE_DEFINED_CURVE_FONT('continuous');
#17785 = STYLED_ITEM('color',(#17786),#2588);
#17786 = PRESENTATION_STYLE_ASSIGNMENT((#17787,#17792));
#17787 = SURFACE_STYLE_USAGE(.BOTH.,#17788);
#17788 = SURFACE_SIDE_STYLE('',(#17789));
#17789 = SURFACE_STYLE_FILL_AREA(#17790);
#17790 = FILL_AREA_STYLE('',(#17791));
#17791 = FILL_AREA_STYLE_COLOUR('',#17602);
#17792 = CURVE_STYLE('',#17793,POSITIVE_LENGTH_MEASURE(0.1),#17602);
#17793 = DRAUGHTING_PRE_DEFINED_CURVE_FONT('continuous');
#17794 = STYLED_ITEM('color',(#17795),#2733);
#17795 = PRESENTATION_STYLE_ASSIGNMENT((#17796,#17801));
#17796 = SURFACE_STYLE_USAGE(.BOTH.,#17797);
#17797 = SURFACE_SIDE_STYLE('',(#17798));
#17798 = SURFACE_STYLE_FILL_AREA(#17799);
#17799 = FILL_AREA_STYLE('',(#17800));
#17800 = FILL_AREA_STYLE_COLOUR('',#17602);
#17801 = CURVE_STYLE('',#17802,POSITIVE_LENGTH_MEASURE(0.1),#17602);
#17802 = DRAUGHTING_PRE_DEFINED_CURVE_FONT('continuous');
#17803 = STYLED_ITEM('color',(#17804),#2756);
#17804 = PRESENTATION_STYLE_ASSIGNMENT((#17805,#17810));
#17805 = SURFACE_STYLE_USAGE(.BOTH.,#17806);
#17806 = SURFACE_SIDE_STYLE('',(#17807));
#17807 = SURFACE_STYLE_FILL_AREA(#17808);
#17808 = FILL_AREA_STYLE('',(#17809));
#17809 = FILL_AREA_STYLE_COLOUR('',#17602);
#17810 = CURVE_STYLE('',#17811,POSITIVE_LENGTH_MEASURE(0.1),#17602);
#17811 = DRAUGHTING_PRE_DEFINED_CURVE_FONT('continuous');
#17812 = STYLED_ITEM('color',(#17813),#2779);
#17813 = PRESENTATION_STYLE_ASSIGNMENT((#17814,#17819));
#17814 = SURFACE_STYLE_USAGE(.BOTH.,#17815);
#17815 = SURFACE_SIDE_STYLE('',(#17816));
#17816 = SURFACE_STYLE_FILL_AREA(#17817);
#17817 = FILL_AREA_STYLE('',(#17818));
#17818 = FILL_AREA_STYLE_COLOUR('',#17602);
#17819 = CURVE_STYLE('',#17820,POSITIVE_LENGTH_MEASURE(0.1),#17602);
#17820 = DRAUGHTING_PRE_DEFINED_CURVE_FONT('continuous');
#17821 = STYLED_ITEM('color',(#17822),#2835);
#17822 = PRESENTATION_STYLE_ASSIGNMENT((#17823,#17828));
#17823 = SURFACE_STYLE_USAGE(.BOTH.,#17824);
#17824 = SURFACE_SIDE_STYLE('',(#17825));
#17825 = SURFACE_STYLE_FILL_AREA(#17826);
#17826 = FILL_AREA_STYLE('',(#17827));
#17827 = FILL_AREA_STYLE_COLOUR('',#15799);
#17828 = CURVE_STYLE('',#17829,POSITIVE_LENGTH_MEASURE(0.1),#15799);
#17829 = DRAUGHTING_PRE_DEFINED_CURVE_FONT('continuous');
#17830 = STYLED_ITEM('color',(#17831),#2927);
#17831 = PRESENTATION_STYLE_ASSIGNMENT((#17832,#17837));
#17832 = SURFACE_STYLE_USAGE(.BOTH.,#17833);
#17833 = SURFACE_SIDE_STYLE('',(#17834));
#17834 = SURFACE_STYLE_FILL_AREA(#17835);
#17835 = FILL_AREA_STYLE('',(#17836));
#17836 = FILL_AREA_STYLE_COLOUR('',#15799);
#17837 = CURVE_STYLE('',#17838,POSITIVE_LENGTH_MEASURE(0.1),#15799);
#17838 = DRAUGHTING_PRE_DEFINED_CURVE_FONT('continuous');
#17839 = STYLED_ITEM('color',(#17840),#3019);
#17840 = PRESENTATION_STYLE_ASSIGNMENT((#17841,#17846));
#17841 = SURFACE_STYLE_USAGE(.BOTH.,#17842);
#17842 = SURFACE_SIDE_STYLE('',(#17843));
#17843 = SURFACE_STYLE_FILL_AREA(#17844);
#17844 = FILL_AREA_STYLE('',(#17845));
#17845 = FILL_AREA_STYLE_COLOUR('',#15799);
#17846 = CURVE_STYLE('',#17847,POSITIVE_LENGTH_MEASURE(0.1),#15799);
#17847 = DRAUGHTING_PRE_DEFINED_CURVE_FONT('continuous');
#17848 = STYLED_ITEM('color',(#17849),#3036);
#17849 = PRESENTATION_STYLE_ASSIGNMENT((#17850,#17855));
#17850 = SURFACE_STYLE_USAGE(.BOTH.,#17851);
#17851 = SURFACE_SIDE_STYLE('',(#17852));
#17852 = SURFACE_STYLE_FILL_AREA(#17853);
#17853 = FILL_AREA_STYLE('',(#17854));
#17854 = FILL_AREA_STYLE_COLOUR('',#17602);
#17855 = CURVE_STYLE('',#17856,POSITIVE_LENGTH_MEASURE(0.1),#17602);
#17856 = DRAUGHTING_PRE_DEFINED_CURVE_FONT('continuous');
#17857 = STYLED_ITEM('color',(#17858),#3067);
#17858 = PRESENTATION_STYLE_ASSIGNMENT((#17859,#17864));
#17859 = SURFACE_STYLE_USAGE(.BOTH.,#17860);
#17860 = SURFACE_SIDE_STYLE('',(#17861));
#17861 = SURFACE_STYLE_FILL_AREA(#17862);
#17862 = FILL_AREA_STYLE('',(#17863));
#17863 = FILL_AREA_STYLE_COLOUR('',#15799);
#17864 = CURVE_STYLE('',#17865,POSITIVE_LENGTH_MEASURE(0.1),#15799);
#17865 = DRAUGHTING_PRE_DEFINED_CURVE_FONT('continuous');
#17866 = STYLED_ITEM('color',(#17867),#3159);
#17867 = PRESENTATION_STYLE_ASSIGNMENT((#17868,#17873));
#17868 = SURFACE_STYLE_USAGE(.BOTH.,#17869);
#17869 = SURFACE_SIDE_STYLE('',(#17870));
#17870 = SURFACE_STYLE_FILL_AREA(#17871);
#17871 = FILL_AREA_STYLE('',(#17872));
#17872 = FILL_AREA_STYLE_COLOUR('',#15799);
#17873 = CURVE_STYLE('',#17874,POSITIVE_LENGTH_MEASURE(0.1),#15799);
#17874 = DRAUGHTING_PRE_DEFINED_CURVE_FONT('continuous');
#17875 = STYLED_ITEM('color',(#17876),#3251);
#17876 = PRESENTATION_STYLE_ASSIGNMENT((#17877,#17882));
#17877 = SURFACE_STYLE_USAGE(.BOTH.,#17878);
#17878 = SURFACE_SIDE_STYLE('',(#17879));
#17879 = SURFACE_STYLE_FILL_AREA(#17880);
#17880 = FILL_AREA_STYLE('',(#17881));
#17881 = FILL_AREA_STYLE_COLOUR('',#15799);
#17882 = CURVE_STYLE('',#17883,POSITIVE_LENGTH_MEASURE(0.1),#15799);
#17883 = DRAUGHTING_PRE_DEFINED_CURVE_FONT('continuous');
#17884 = STYLED_ITEM('color',(#17885),#3268);
#17885 = PRESENTATION_STYLE_ASSIGNMENT((#17886,#17891));
#17886 = SURFACE_STYLE_USAGE(.BOTH.,#17887);
#17887 = SURFACE_SIDE_STYLE('',(#17888));
#17888 = SURFACE_STYLE_FILL_AREA(#17889);
#17889 = FILL_AREA_STYLE('',(#17890));
#17890 = FILL_AREA_STYLE_COLOUR('',#17602);
#17891 = CURVE_STYLE('',#17892,POSITIVE_LENGTH_MEASURE(0.1),#17602);
#17892 = DRAUGHTING_PRE_DEFINED_CURVE_FONT('continuous');
#17893 = STYLED_ITEM('color',(#17894),#3299);
#17894 = PRESENTATION_STYLE_ASSIGNMENT((#17895,#17900));
#17895 = SURFACE_STYLE_USAGE(.BOTH.,#17896);
#17896 = SURFACE_SIDE_STYLE('',(#17897));
#17897 = SURFACE_STYLE_FILL_AREA(#17898);
#17898 = FILL_AREA_STYLE('',(#17899));
#17899 = FILL_AREA_STYLE_COLOUR('',#15799);
#17900 = CURVE_STYLE('',#17901,POSITIVE_LENGTH_MEASURE(0.1),#15799);
#17901 = DRAUGHTING_PRE_DEFINED_CURVE_FONT('continuous');
#17902 = STYLED_ITEM('color',(#17903),#3391);
#17903 = PRESENTATION_STYLE_ASSIGNMENT((#17904,#17909));
#17904 = SURFACE_STYLE_USAGE(.BOTH.,#17905);
#17905 = SURFACE_SIDE_STYLE('',(#17906));
#17906 = SURFACE_STYLE_FILL_AREA(#17907);
#17907 = FILL_AREA_STYLE('',(#17908));
#17908 = FILL_AREA_STYLE_COLOUR('',#15799);
#17909 = CURVE_STYLE('',#17910,POSITIVE_LENGTH_MEASURE(0.1),#15799);
#17910 = DRAUGHTING_PRE_DEFINED_CURVE_FONT('continuous');
#17911 = STYLED_ITEM('color',(#17912),#3483);
#17912 = PRESENTATION_STYLE_ASSIGNMENT((#17913,#17918));
#17913 = SURFACE_STYLE_USAGE(.BOTH.,#17914);
#17914 = SURFACE_SIDE_STYLE('',(#17915));
#17915 = SURFACE_STYLE_FILL_AREA(#17916);
#17916 = FILL_AREA_STYLE('',(#17917));
#17917 = FILL_AREA_STYLE_COLOUR('',#15799);
#17918 = CURVE_STYLE('',#17919,POSITIVE_LENGTH_MEASURE(0.1),#15799);
#17919 = DRAUGHTING_PRE_DEFINED_CURVE_FONT('continuous');
#17920 = STYLED_ITEM('color',(#17921),#3500);
#17921 = PRESENTATION_STYLE_ASSIGNMENT((#17922,#17927));
#17922 = SURFACE_STYLE_USAGE(.BOTH.,#17923);
#17923 = SURFACE_SIDE_STYLE('',(#17924));
#17924 = SURFACE_STYLE_FILL_AREA(#17925);
#17925 = FILL_AREA_STYLE('',(#17926));
#17926 = FILL_AREA_STYLE_COLOUR('',#17602);
#17927 = CURVE_STYLE('',#17928,POSITIVE_LENGTH_MEASURE(0.1),#17602);
#17928 = DRAUGHTING_PRE_DEFINED_CURVE_FONT('continuous');
#17929 = STYLED_ITEM('color',(#17930),#3531);
#17930 = PRESENTATION_STYLE_ASSIGNMENT((#17931,#17936));
#17931 = SURFACE_STYLE_USAGE(.BOTH.,#17932);
#17932 = SURFACE_SIDE_STYLE('',(#17933));
#17933 = SURFACE_STYLE_FILL_AREA(#17934);
#17934 = FILL_AREA_STYLE('',(#17935));
#17935 = FILL_AREA_STYLE_COLOUR('',#15799);
#17936 = CURVE_STYLE('',#17937,POSITIVE_LENGTH_MEASURE(0.1),#15799);
#17937 = DRAUGHTING_PRE_DEFINED_CURVE_FONT('continuous');
#17938 = STYLED_ITEM('color',(#17939),#3623);
#17939 = PRESENTATION_STYLE_ASSIGNMENT((#17940,#17945));
#17940 = SURFACE_STYLE_USAGE(.BOTH.,#17941);
#17941 = SURFACE_SIDE_STYLE('',(#17942));
#17942 = SURFACE_STYLE_FILL_AREA(#17943);
#17943 = FILL_AREA_STYLE('',(#17944));
#17944 = FILL_AREA_STYLE_COLOUR('',#15799);
#17945 = CURVE_STYLE('',#17946,POSITIVE_LENGTH_MEASURE(0.1),#15799);
#17946 = DRAUGHTING_PRE_DEFINED_CURVE_FONT('continuous');
#17947 = STYLED_ITEM('color',(#17948),#3715);
#17948 = PRESENTATION_STYLE_ASSIGNMENT((#17949,#17954));
#17949 = SURFACE_STYLE_USAGE(.BOTH.,#17950);
#17950 = SURFACE_SIDE_STYLE('',(#17951));
#17951 = SURFACE_STYLE_FILL_AREA(#17952);
#17952 = FILL_AREA_STYLE('',(#17953));
#17953 = FILL_AREA_STYLE_COLOUR('',#15799);
#17954 = CURVE_STYLE('',#17955,POSITIVE_LENGTH_MEASURE(0.1),#15799);
#17955 = DRAUGHTING_PRE_DEFINED_CURVE_FONT('continuous');
#17956 = STYLED_ITEM('color',(#17957),#3732);
#17957 = PRESENTATION_STYLE_ASSIGNMENT((#17958,#17963));
#17958 = SURFACE_STYLE_USAGE(.BOTH.,#17959);
#17959 = SURFACE_SIDE_STYLE('',(#17960));
#17960 = SURFACE_STYLE_FILL_AREA(#17961);
#17961 = FILL_AREA_STYLE('',(#17962));
#17962 = FILL_AREA_STYLE_COLOUR('',#17602);
#17963 = CURVE_STYLE('',#17964,POSITIVE_LENGTH_MEASURE(0.1),#17602);
#17964 = DRAUGHTING_PRE_DEFINED_CURVE_FONT('continuous');
#17965 = STYLED_ITEM('color',(#17966),#3763);
#17966 = PRESENTATION_STYLE_ASSIGNMENT((#17967,#17972));
#17967 = SURFACE_STYLE_USAGE(.BOTH.,#17968);
#17968 = SURFACE_SIDE_STYLE('',(#17969));
#17969 = SURFACE_STYLE_FILL_AREA(#17970);
#17970 = FILL_AREA_STYLE('',(#17971));
#17971 = FILL_AREA_STYLE_COLOUR('',#15799);
#17972 = CURVE_STYLE('',#17973,POSITIVE_LENGTH_MEASURE(0.1),#15799);
#17973 = DRAUGHTING_PRE_DEFINED_CURVE_FONT('continuous');
#17974 = STYLED_ITEM('color',(#17975),#3855);
#17975 = PRESENTATION_STYLE_ASSIGNMENT((#17976,#17981));
#17976 = SURFACE_STYLE_USAGE(.BOTH.,#17977);
#17977 = SURFACE_SIDE_STYLE('',(#17978));
#17978 = SURFACE_STYLE_FILL_AREA(#17979);
#17979 = FILL_AREA_STYLE('',(#17980));
#17980 = FILL_AREA_STYLE_COLOUR('',#15799);
#17981 = CURVE_STYLE('',#17982,POSITIVE_LENGTH_MEASURE(0.1),#15799);
#17982 = DRAUGHTING_PRE_DEFINED_CURVE_FONT('continuous');
#17983 = STYLED_ITEM('color',(#17984),#3947);
#17984 = PRESENTATION_STYLE_ASSIGNMENT((#17985,#17990));
#17985 = SURFACE_STYLE_USAGE(.BOTH.,#17986);
#17986 = SURFACE_SIDE_STYLE('',(#17987));
#17987 = SURFACE_STYLE_FILL_AREA(#17988);
#17988 = FILL_AREA_STYLE('',(#17989));
#17989 = FILL_AREA_STYLE_COLOUR('',#15799);
#17990 = CURVE_STYLE('',#17991,POSITIVE_LENGTH_MEASURE(0.1),#15799);
#17991 = DRAUGHTING_PRE_DEFINED_CURVE_FONT('continuous');
#17992 = STYLED_ITEM('color',(#17993),#3964);
#17993 = PRESENTATION_STYLE_ASSIGNMENT((#17994,#17999));
#17994 = SURFACE_STYLE_USAGE(.BOTH.,#17995);
#17995 = SURFACE_SIDE_STYLE('',(#17996));
#17996 = SURFACE_STYLE_FILL_AREA(#17997);
#17997 = FILL_AREA_STYLE('',(#17998));
#17998 = FILL_AREA_STYLE_COLOUR('',#17602);
#17999 = CURVE_STYLE('',#18000,POSITIVE_LENGTH_MEASURE(0.1),#17602);
#18000 = DRAUGHTING_PRE_DEFINED_CURVE_FONT('continuous');
#18001 = STYLED_ITEM('color',(#18002),#3995);
#18002 = PRESENTATION_STYLE_ASSIGNMENT((#18003,#18008));
#18003 = SURFACE_STYLE_USAGE(.BOTH.,#18004);
#18004 = SURFACE_SIDE_STYLE('',(#18005));
#18005 = SURFACE_STYLE_FILL_AREA(#18006);
#18006 = FILL_AREA_STYLE('',(#18007));
#18007 = FILL_AREA_STYLE_COLOUR('',#15799);
#18008 = CURVE_STYLE('',#18009,POSITIVE_LENGTH_MEASURE(0.1),#15799);
#18009 = DRAUGHTING_PRE_DEFINED_CURVE_FONT('continuous');
#18010 = STYLED_ITEM('color',(#18011),#4087);
#18011 = PRESENTATION_STYLE_ASSIGNMENT((#18012,#18017));
#18012 = SURFACE_STYLE_USAGE(.BOTH.,#18013);
#18013 = SURFACE_SIDE_STYLE('',(#18014));
#18014 = SURFACE_STYLE_FILL_AREA(#18015);
#18015 = FILL_AREA_STYLE('',(#18016));
#18016 = FILL_AREA_STYLE_COLOUR('',#15799);
#18017 = CURVE_STYLE('',#18018,POSITIVE_LENGTH_MEASURE(0.1),#15799);
#18018 = DRAUGHTING_PRE_DEFINED_CURVE_FONT('continuous');
#18019 = STYLED_ITEM('color',(#18020),#4179);
#18020 = PRESENTATION_STYLE_ASSIGNMENT((#18021,#18026));
#18021 = SURFACE_STYLE_USAGE(.BOTH.,#18022);
#18022 = SURFACE_SIDE_STYLE('',(#18023));
#18023 = SURFACE_STYLE_FILL_AREA(#18024);
#18024 = FILL_AREA_STYLE('',(#18025));
#18025 = FILL_AREA_STYLE_COLOUR('',#15799);
#18026 = CURVE_STYLE('',#18027,POSITIVE_LENGTH_MEASURE(0.1),#15799);
#18027 = DRAUGHTING_PRE_DEFINED_CURVE_FONT('continuous');
#18028 = STYLED_ITEM('color',(#18029),#4196);
#18029 = PRESENTATION_STYLE_ASSIGNMENT((#18030,#18035));
#18030 = SURFACE_STYLE_USAGE(.BOTH.,#18031);
#18031 = SURFACE_SIDE_STYLE('',(#18032));
#18032 = SURFACE_STYLE_FILL_AREA(#18033);
#18033 = FILL_AREA_STYLE('',(#18034));
#18034 = FILL_AREA_STYLE_COLOUR('',#17602);
#18035 = CURVE_STYLE('',#18036,POSITIVE_LENGTH_MEASURE(0.1),#17602);
#18036 = DRAUGHTING_PRE_DEFINED_CURVE_FONT('continuous');
#18037 = STYLED_ITEM('color',(#18038),#4227);
#18038 = PRESENTATION_STYLE_ASSIGNMENT((#18039,#18044));
#18039 = SURFACE_STYLE_USAGE(.BOTH.,#18040);
#18040 = SURFACE_SIDE_STYLE('',(#18041));
#18041 = SURFACE_STYLE_FILL_AREA(#18042);
#18042 = FILL_AREA_STYLE('',(#18043));
#18043 = FILL_AREA_STYLE_COLOUR('',#15799);
#18044 = CURVE_STYLE('',#18045,POSITIVE_LENGTH_MEASURE(0.1),#15799);
#18045 = DRAUGHTING_PRE_DEFINED_CURVE_FONT('continuous');
#18046 = STYLED_ITEM('color',(#18047),#4319);
#18047 = PRESENTATION_STYLE_ASSIGNMENT((#18048,#18053));
#18048 = SURFACE_STYLE_USAGE(.BOTH.,#18049);
#18049 = SURFACE_SIDE_STYLE('',(#18050));
#18050 = SURFACE_STYLE_FILL_AREA(#18051);
#18051 = FILL_AREA_STYLE('',(#18052));
#18052 = FILL_AREA_STYLE_COLOUR('',#15799);
#18053 = CURVE_STYLE('',#18054,POSITIVE_LENGTH_MEASURE(0.1),#15799);
#18054 = DRAUGHTING_PRE_DEFINED_CURVE_FONT('continuous');
#18055 = STYLED_ITEM('color',(#18056),#4411);
#18056 = PRESENTATION_STYLE_ASSIGNMENT((#18057,#18062));
#18057 = SURFACE_STYLE_USAGE(.BOTH.,#18058);
#18058 = SURFACE_SIDE_STYLE('',(#18059));
#18059 = SURFACE_STYLE_FILL_AREA(#18060);
#18060 = FILL_AREA_STYLE('',(#18061));
#18061 = FILL_AREA_STYLE_COLOUR('',#15799);
#18062 = CURVE_STYLE('',#18063,POSITIVE_LENGTH_MEASURE(0.1),#15799);
#18063 = DRAUGHTING_PRE_DEFINED_CURVE_FONT('continuous');
#18064 = STYLED_ITEM('color',(#18065),#4428);
#18065 = PRESENTATION_STYLE_ASSIGNMENT((#18066,#18071));
#18066 = SURFACE_STYLE_USAGE(.BOTH.,#18067);
#18067 = SURFACE_SIDE_STYLE('',(#18068));
#18068 = SURFACE_STYLE_FILL_AREA(#18069);
#18069 = FILL_AREA_STYLE('',(#18070));
#18070 = FILL_AREA_STYLE_COLOUR('',#17602);
#18071 = CURVE_STYLE('',#18072,POSITIVE_LENGTH_MEASURE(0.1),#17602);
#18072 = DRAUGHTING_PRE_DEFINED_CURVE_FONT('continuous');
#18073 = STYLED_ITEM('color',(#18074),#4459);
#18074 = PRESENTATION_STYLE_ASSIGNMENT((#18075,#18080));
#18075 = SURFACE_STYLE_USAGE(.BOTH.,#18076);
#18076 = SURFACE_SIDE_STYLE('',(#18077));
#18077 = SURFACE_STYLE_FILL_AREA(#18078);
#18078 = FILL_AREA_STYLE('',(#18079));
#18079 = FILL_AREA_STYLE_COLOUR('',#15799);
#18080 = CURVE_STYLE('',#18081,POSITIVE_LENGTH_MEASURE(0.1),#15799);
#18081 = DRAUGHTING_PRE_DEFINED_CURVE_FONT('continuous');
#18082 = STYLED_ITEM('color',(#18083),#4551);
#18083 = PRESENTATION_STYLE_ASSIGNMENT((#18084,#18089));
#18084 = SURFACE_STYLE_USAGE(.BOTH.,#18085);
#18085 = SURFACE_SIDE_STYLE('',(#18086));
#18086 = SURFACE_STYLE_FILL_AREA(#18087);
#18087 = FILL_AREA_STYLE('',(#18088));
#18088 = FILL_AREA_STYLE_COLOUR('',#15799);
#18089 = CURVE_STYLE('',#18090,POSITIVE_LENGTH_MEASURE(0.1),#15799);
#18090 = DRAUGHTING_PRE_DEFINED_CURVE_FONT('continuous');
#18091 = STYLED_ITEM('color',(#18092),#4643);
#18092 = PRESENTATION_STYLE_ASSIGNMENT((#18093,#18098));
#18093 = SURFACE_STYLE_USAGE(.BOTH.,#18094);
#18094 = SURFACE_SIDE_STYLE('',(#18095));
#18095 = SURFACE_STYLE_FILL_AREA(#18096);
#18096 = FILL_AREA_STYLE('',(#18097));
#18097 = FILL_AREA_STYLE_COLOUR('',#15799);
#18098 = CURVE_STYLE('',#18099,POSITIVE_LENGTH_MEASURE(0.1),#15799);
#18099 = DRAUGHTING_PRE_DEFINED_CURVE_FONT('continuous');
#18100 = STYLED_ITEM('color',(#18101),#4660);
#18101 = PRESENTATION_STYLE_ASSIGNMENT((#18102,#18107));
#18102 = SURFACE_STYLE_USAGE(.BOTH.,#18103);
#18103 = SURFACE_SIDE_STYLE('',(#18104));
#18104 = SURFACE_STYLE_FILL_AREA(#18105);
#18105 = FILL_AREA_STYLE('',(#18106));
#18106 = FILL_AREA_STYLE_COLOUR('',#17602);
#18107 = CURVE_STYLE('',#18108,POSITIVE_LENGTH_MEASURE(0.1),#17602);
#18108 = DRAUGHTING_PRE_DEFINED_CURVE_FONT('continuous');
#18109 = STYLED_ITEM('color',(#18110),#4716);
#18110 = PRESENTATION_STYLE_ASSIGNMENT((#18111,#18116));
#18111 = SURFACE_STYLE_USAGE(.BOTH.,#18112);
#18112 = SURFACE_SIDE_STYLE('',(#18113));
#18113 = SURFACE_STYLE_FILL_AREA(#18114);
#18114 = FILL_AREA_STYLE('',(#18115));
#18115 = FILL_AREA_STYLE_COLOUR('',#17602);
#18116 = CURVE_STYLE('',#18117,POSITIVE_LENGTH_MEASURE(0.1),#17602);
#18117 = DRAUGHTING_PRE_DEFINED_CURVE_FONT('continuous');
#18118 = STYLED_ITEM('color',(#18119),#4733);
#18119 = PRESENTATION_STYLE_ASSIGNMENT((#18120,#18125));
#18120 = SURFACE_STYLE_USAGE(.BOTH.,#18121);
#18121 = SURFACE_SIDE_STYLE('',(#18122));
#18122 = SURFACE_STYLE_FILL_AREA(#18123);
#18123 = FILL_AREA_STYLE('',(#18124));
#18124 = FILL_AREA_STYLE_COLOUR('',#15799);
#18125 = CURVE_STYLE('',#18126,POSITIVE_LENGTH_MEASURE(0.1),#15799);
#18126 = DRAUGHTING_PRE_DEFINED_CURVE_FONT('continuous');
#18127 = STYLED_ITEM('color',(#18128),#4764);
#18128 = PRESENTATION_STYLE_ASSIGNMENT((#18129,#18134));
#18129 = SURFACE_STYLE_USAGE(.BOTH.,#18130);
#18130 = SURFACE_SIDE_STYLE('',(#18131));
#18131 = SURFACE_STYLE_FILL_AREA(#18132);
#18132 = FILL_AREA_STYLE('',(#18133));
#18133 = FILL_AREA_STYLE_COLOUR('',#17602);
#18134 = CURVE_STYLE('',#18135,POSITIVE_LENGTH_MEASURE(0.1),#17602);
#18135 = DRAUGHTING_PRE_DEFINED_CURVE_FONT('continuous');
#18136 = STYLED_ITEM('color',(#18137),#4795);
#18137 = PRESENTATION_STYLE_ASSIGNMENT((#18138,#18143));
#18138 = SURFACE_STYLE_USAGE(.BOTH.,#18139);
#18139 = SURFACE_SIDE_STYLE('',(#18140));
#18140 = SURFACE_STYLE_FILL_AREA(#18141);
#18141 = FILL_AREA_STYLE('',(#18142));
#18142 = FILL_AREA_STYLE_COLOUR('',#15799);
#18143 = CURVE_STYLE('',#18144,POSITIVE_LENGTH_MEASURE(0.1),#15799);
#18144 = DRAUGHTING_PRE_DEFINED_CURVE_FONT('continuous');
#18145 = STYLED_ITEM('color',(#18146),#4826);
#18146 = PRESENTATION_STYLE_ASSIGNMENT((#18147,#18152));
#18147 = SURFACE_STYLE_USAGE(.BOTH.,#18148);
#18148 = SURFACE_SIDE_STYLE('',(#18149));
#18149 = SURFACE_STYLE_FILL_AREA(#18150);
#18150 = FILL_AREA_STYLE('',(#18151));
#18151 = FILL_AREA_STYLE_COLOUR('',#17602);
#18152 = CURVE_STYLE('',#18153,POSITIVE_LENGTH_MEASURE(0.1),#17602);
#18153 = DRAUGHTING_PRE_DEFINED_CURVE_FONT('continuous');
#18154 = STYLED_ITEM('color',(#18155),#4857);
#18155 = PRESENTATION_STYLE_ASSIGNMENT((#18156,#18161));
#18156 = SURFACE_STYLE_USAGE(.BOTH.,#18157);
#18157 = SURFACE_SIDE_STYLE('',(#18158));
#18158 = SURFACE_STYLE_FILL_AREA(#18159);
#18159 = FILL_AREA_STYLE('',(#18160));
#18160 = FILL_AREA_STYLE_COLOUR('',#15799);
#18161 = CURVE_STYLE('',#18162,POSITIVE_LENGTH_MEASURE(0.1),#15799);
#18162 = DRAUGHTING_PRE_DEFINED_CURVE_FONT('continuous');
#18163 = STYLED_ITEM('color',(#18164),#4888);
#18164 = PRESENTATION_STYLE_ASSIGNMENT((#18165,#18170));
#18165 = SURFACE_STYLE_USAGE(.BOTH.,#18166);
#18166 = SURFACE_SIDE_STYLE('',(#18167));
#18167 = SURFACE_STYLE_FILL_AREA(#18168);
#18168 = FILL_AREA_STYLE('',(#18169));
#18169 = FILL_AREA_STYLE_COLOUR('',#17602);
#18170 = CURVE_STYLE('',#18171,POSITIVE_LENGTH_MEASURE(0.1),#17602);
#18171 = DRAUGHTING_PRE_DEFINED_CURVE_FONT('continuous');
#18172 = STYLED_ITEM('color',(#18173),#4919);
#18173 = PRESENTATION_STYLE_ASSIGNMENT((#18174,#18179));
#18174 = SURFACE_STYLE_USAGE(.BOTH.,#18175);
#18175 = SURFACE_SIDE_STYLE('',(#18176));
#18176 = SURFACE_STYLE_FILL_AREA(#18177);
#18177 = FILL_AREA_STYLE('',(#18178));
#18178 = FILL_AREA_STYLE_COLOUR('',#15799);
#18179 = CURVE_STYLE('',#18180,POSITIVE_LENGTH_MEASURE(0.1),#15799);
#18180 = DRAUGHTING_PRE_DEFINED_CURVE_FONT('continuous');
#18181 = STYLED_ITEM('color',(#18182),#4950);
#18182 = PRESENTATION_STYLE_ASSIGNMENT((#18183,#18188));
#18183 = SURFACE_STYLE_USAGE(.BOTH.,#18184);
#18184 = SURFACE_SIDE_STYLE('',(#18185));
#18185 = SURFACE_STYLE_FILL_AREA(#18186);
#18186 = FILL_AREA_STYLE('',(#18187));
#18187 = FILL_AREA_STYLE_COLOUR('',#17602);
#18188 = CURVE_STYLE('',#18189,POSITIVE_LENGTH_MEASURE(0.1),#17602);
#18189 = DRAUGHTING_PRE_DEFINED_CURVE_FONT('continuous');
#18190 = STYLED_ITEM('color',(#18191),#4981);
#18191 = PRESENTATION_STYLE_ASSIGNMENT((#18192,#18197));
#18192 = SURFACE_STYLE_USAGE(.BOTH.,#18193);
#18193 = SURFACE_SIDE_STYLE('',(#18194));
#18194 = SURFACE_STYLE_FILL_AREA(#18195);
#18195 = FILL_AREA_STYLE('',(#18196));
#18196 = FILL_AREA_STYLE_COLOUR('',#15799);
#18197 = CURVE_STYLE('',#18198,POSITIVE_LENGTH_MEASURE(0.1),#15799);
#18198 = DRAUGHTING_PRE_DEFINED_CURVE_FONT('continuous');
#18199 = STYLED_ITEM('color',(#18200),#5012);
#18200 = PRESENTATION_STYLE_ASSIGNMENT((#18201,#18206));
#18201 = SURFACE_STYLE_USAGE(.BOTH.,#18202);
#18202 = SURFACE_SIDE_STYLE('',(#18203));
#18203 = SURFACE_STYLE_FILL_AREA(#18204);
#18204 = FILL_AREA_STYLE('',(#18205));
#18205 = FILL_AREA_STYLE_COLOUR('',#17602);
#18206 = CURVE_STYLE('',#18207,POSITIVE_LENGTH_MEASURE(0.1),#17602);
#18207 = DRAUGHTING_PRE_DEFINED_CURVE_FONT('continuous');
#18208 = STYLED_ITEM('color',(#18209),#5043);
#18209 = PRESENTATION_STYLE_ASSIGNMENT((#18210,#18215));
#18210 = SURFACE_STYLE_USAGE(.BOTH.,#18211);
#18211 = SURFACE_SIDE_STYLE('',(#18212));
#18212 = SURFACE_STYLE_FILL_AREA(#18213);
#18213 = FILL_AREA_STYLE('',(#18214));
#18214 = FILL_AREA_STYLE_COLOUR('',#15799);
#18215 = CURVE_STYLE('',#18216,POSITIVE_LENGTH_MEASURE(0.1),#15799);
#18216 = DRAUGHTING_PRE_DEFINED_CURVE_FONT('continuous');
#18217 = STYLED_ITEM('color',(#18218),#5074);
#18218 = PRESENTATION_STYLE_ASSIGNMENT((#18219,#18224));
#18219 = SURFACE_STYLE_USAGE(.BOTH.,#18220);
#18220 = SURFACE_SIDE_STYLE('',(#18221));
#18221 = SURFACE_STYLE_FILL_AREA(#18222);
#18222 = FILL_AREA_STYLE('',(#18223));
#18223 = FILL_AREA_STYLE_COLOUR('',#17602);
#18224 = CURVE_STYLE('',#18225,POSITIVE_LENGTH_MEASURE(0.1),#17602);
#18225 = DRAUGHTING_PRE_DEFINED_CURVE_FONT('continuous');
#18226 = STYLED_ITEM('color',(#18227),#5105);
#18227 = PRESENTATION_STYLE_ASSIGNMENT((#18228,#18233));
#18228 = SURFACE_STYLE_USAGE(.BOTH.,#18229);
#18229 = SURFACE_SIDE_STYLE('',(#18230));
#18230 = SURFACE_STYLE_FILL_AREA(#18231);
#18231 = FILL_AREA_STYLE('',(#18232));
#18232 = FILL_AREA_STYLE_COLOUR('',#15799);
#18233 = CURVE_STYLE('',#18234,POSITIVE_LENGTH_MEASURE(0.1),#15799);
#18234 = DRAUGHTING_PRE_DEFINED_CURVE_FONT('continuous');
#18235 = STYLED_ITEM('color',(#18236),#5136);
#18236 = PRESENTATION_STYLE_ASSIGNMENT((#18237,#18242));
#18237 = SURFACE_STYLE_USAGE(.BOTH.,#18238);
#18238 = SURFACE_SIDE_STYLE('',(#18239));
#18239 = SURFACE_STYLE_FILL_AREA(#18240);
#18240 = FILL_AREA_STYLE('',(#18241));
#18241 = FILL_AREA_STYLE_COLOUR('',#17602);
#18242 = CURVE_STYLE('',#18243,POSITIVE_LENGTH_MEASURE(0.1),#17602);
#18243 = DRAUGHTING_PRE_DEFINED_CURVE_FONT('continuous');
#18244 = STYLED_ITEM('color',(#18245),#5167);
#18245 = PRESENTATION_STYLE_ASSIGNMENT((#18246,#18251));
#18246 = SURFACE_STYLE_USAGE(.BOTH.,#18247);
#18247 = SURFACE_SIDE_STYLE('',(#18248));
#18248 = SURFACE_STYLE_FILL_AREA(#18249);
#18249 = FILL_AREA_STYLE('',(#18250));
#18250 = FILL_AREA_STYLE_COLOUR('',#15799);
#18251 = CURVE_STYLE('',#18252,POSITIVE_LENGTH_MEASURE(0.1),#15799);
#18252 = DRAUGHTING_PRE_DEFINED_CURVE_FONT('continuous');
#18253 = STYLED_ITEM('color',(#18254),#5198);
#18254 = PRESENTATION_STYLE_ASSIGNMENT((#18255,#18260));
#18255 = SURFACE_STYLE_USAGE(.BOTH.,#18256);
#18256 = SURFACE_SIDE_STYLE('',(#18257));
#18257 = SURFACE_STYLE_FILL_AREA(#18258);
#18258 = FILL_AREA_STYLE('',(#18259));
#18259 = FILL_AREA_STYLE_COLOUR('',#17602);
#18260 = CURVE_STYLE('',#18261,POSITIVE_LENGTH_MEASURE(0.1),#17602);
#18261 = DRAUGHTING_PRE_DEFINED_CURVE_FONT('continuous');
#18262 = STYLED_ITEM('color',(#18263),#5215);
#18263 = PRESENTATION_STYLE_ASSIGNMENT((#18264,#18269));
#18264 = SURFACE_STYLE_USAGE(.BOTH.,#18265);
#18265 = SURFACE_SIDE_STYLE('',(#18266));
#18266 = SURFACE_STYLE_FILL_AREA(#18267);
#18267 = FILL_AREA_STYLE('',(#18268));
#18268 = FILL_AREA_STYLE_COLOUR('',#15799);
#18269 = CURVE_STYLE('',#18270,POSITIVE_LENGTH_MEASURE(0.1),#15799);
#18270 = DRAUGHTING_PRE_DEFINED_CURVE_FONT('continuous');
#18271 = STYLED_ITEM('color',(#18272),#5260);
#18272 = PRESENTATION_STYLE_ASSIGNMENT((#18273,#18278));
#18273 = SURFACE_STYLE_USAGE(.BOTH.,#18274);
#18274 = SURFACE_SIDE_STYLE('',(#18275));
#18275 = SURFACE_STYLE_FILL_AREA(#18276);
#18276 = FILL_AREA_STYLE('',(#18277));
#18277 = FILL_AREA_STYLE_COLOUR('',#17602);
#18278 = CURVE_STYLE('',#18279,POSITIVE_LENGTH_MEASURE(0.1),#17602);
#18279 = DRAUGHTING_PRE_DEFINED_CURVE_FONT('continuous');
#18280 = STYLED_ITEM('color',(#18281),#5401);
#18281 = PRESENTATION_STYLE_ASSIGNMENT((#18282,#18287));
#18282 = SURFACE_STYLE_USAGE(.BOTH.,#18283);
#18283 = SURFACE_SIDE_STYLE('',(#18284));
#18284 = SURFACE_STYLE_FILL_AREA(#18285);
#18285 = FILL_AREA_STYLE('',(#18286));
#18286 = FILL_AREA_STYLE_COLOUR('',#17602);
#18287 = CURVE_STYLE('',#18288,POSITIVE_LENGTH_MEASURE(0.1),#17602);
#18288 = DRAUGHTING_PRE_DEFINED_CURVE_FONT('continuous');
#18289 = STYLED_ITEM('color',(#18290),#5424);
#18290 = PRESENTATION_STYLE_ASSIGNMENT((#18291,#18296));
#18291 = SURFACE_STYLE_USAGE(.BOTH.,#18292);
#18292 = SURFACE_SIDE_STYLE('',(#18293));
#18293 = SURFACE_STYLE_FILL_AREA(#18294);
#18294 = FILL_AREA_STYLE('',(#18295));
#18295 = FILL_AREA_STYLE_COLOUR('',#17602);
#18296 = CURVE_STYLE('',#18297,POSITIVE_LENGTH_MEASURE(0.1),#17602);
#18297 = DRAUGHTING_PRE_DEFINED_CURVE_FONT('continuous');
#18298 = STYLED_ITEM('color',(#18299),#5503);
#18299 = PRESENTATION_STYLE_ASSIGNMENT((#18300,#18305));
#18300 = SURFACE_STYLE_USAGE(.BOTH.,#18301);
#18301 = SURFACE_SIDE_STYLE('',(#18302));
#18302 = SURFACE_STYLE_FILL_AREA(#18303);
#18303 = FILL_AREA_STYLE('',(#18304));
#18304 = FILL_AREA_STYLE_COLOUR('',#15799);
#18305 = CURVE_STYLE('',#18306,POSITIVE_LENGTH_MEASURE(0.1),#15799);
#18306 = DRAUGHTING_PRE_DEFINED_CURVE_FONT('continuous');
#18307 = STYLED_ITEM('color',(#18308),#5522);
#18308 = PRESENTATION_STYLE_ASSIGNMENT((#18309,#18314));
#18309 = SURFACE_STYLE_USAGE(.BOTH.,#18310);
#18310 = SURFACE_SIDE_STYLE('',(#18311));
#18311 = SURFACE_STYLE_FILL_AREA(#18312);
#18312 = FILL_AREA_STYLE('',(#18313));
#18313 = FILL_AREA_STYLE_COLOUR('',#15799);
#18314 = CURVE_STYLE('',#18315,POSITIVE_LENGTH_MEASURE(0.1),#15799);
#18315 = DRAUGHTING_PRE_DEFINED_CURVE_FONT('continuous');
#18316 = STYLED_ITEM('color',(#18317),#5539);
#18317 = PRESENTATION_STYLE_ASSIGNMENT((#18318,#18323));
#18318 = SURFACE_STYLE_USAGE(.BOTH.,#18319);
#18319 = SURFACE_SIDE_STYLE('',(#18320));
#18320 = SURFACE_STYLE_FILL_AREA(#18321);
#18321 = FILL_AREA_STYLE('',(#18322));
#18322 = FILL_AREA_STYLE_COLOUR('',#15799);
#18323 = CURVE_STYLE('',#18324,POSITIVE_LENGTH_MEASURE(0.1),#15799);
#18324 = DRAUGHTING_PRE_DEFINED_CURVE_FONT('continuous');
#18325 = STYLED_ITEM('color',(#18326),#5556);
#18326 = PRESENTATION_STYLE_ASSIGNMENT((#18327,#18332));
#18327 = SURFACE_STYLE_USAGE(.BOTH.,#18328);
#18328 = SURFACE_SIDE_STYLE('',(#18329));
#18329 = SURFACE_STYLE_FILL_AREA(#18330);
#18330 = FILL_AREA_STYLE('',(#18331));
#18331 = FILL_AREA_STYLE_COLOUR('',#15799);
#18332 = CURVE_STYLE('',#18333,POSITIVE_LENGTH_MEASURE(0.1),#15799);
#18333 = DRAUGHTING_PRE_DEFINED_CURVE_FONT('continuous');
#18334 = STYLED_ITEM('color',(#18335),#5573);
#18335 = PRESENTATION_STYLE_ASSIGNMENT((#18336,#18341));
#18336 = SURFACE_STYLE_USAGE(.BOTH.,#18337);
#18337 = SURFACE_SIDE_STYLE('',(#18338));
#18338 = SURFACE_STYLE_FILL_AREA(#18339);
#18339 = FILL_AREA_STYLE('',(#18340));
#18340 = FILL_AREA_STYLE_COLOUR('',#15799);
#18341 = CURVE_STYLE('',#18342,POSITIVE_LENGTH_MEASURE(0.1),#15799);
#18342 = DRAUGHTING_PRE_DEFINED_CURVE_FONT('continuous');
#18343 = STYLED_ITEM('color',(#18344),#5590);
#18344 = PRESENTATION_STYLE_ASSIGNMENT((#18345,#18350));
#18345 = SURFACE_STYLE_USAGE(.BOTH.,#18346);
#18346 = SURFACE_SIDE_STYLE('',(#18347));
#18347 = SURFACE_STYLE_FILL_AREA(#18348);
#18348 = FILL_AREA_STYLE('',(#18349));
#18349 = FILL_AREA_STYLE_COLOUR('',#15799);
#18350 = CURVE_STYLE('',#18351,POSITIVE_LENGTH_MEASURE(0.1),#15799);
#18351 = DRAUGHTING_PRE_DEFINED_CURVE_FONT('continuous');
#18352 = STYLED_ITEM('color',(#18353),#5607);
#18353 = PRESENTATION_STYLE_ASSIGNMENT((#18354,#18359));
#18354 = SURFACE_STYLE_USAGE(.BOTH.,#18355);
#18355 = SURFACE_SIDE_STYLE('',(#18356));
#18356 = SURFACE_STYLE_FILL_AREA(#18357);
#18357 = FILL_AREA_STYLE('',(#18358));
#18358 = FILL_AREA_STYLE_COLOUR('',#15799);
#18359 = CURVE_STYLE('',#18360,POSITIVE_LENGTH_MEASURE(0.1),#15799);
#18360 = DRAUGHTING_PRE_DEFINED_CURVE_FONT('continuous');
#18361 = STYLED_ITEM('color',(#18362),#5624);
#18362 = PRESENTATION_STYLE_ASSIGNMENT((#18363,#18368));
#18363 = SURFACE_STYLE_USAGE(.BOTH.,#18364);
#18364 = SURFACE_SIDE_STYLE('',(#18365));
#18365 = SURFACE_STYLE_FILL_AREA(#18366);
#18366 = FILL_AREA_STYLE('',(#18367));
#18367 = FILL_AREA_STYLE_COLOUR('',#15799);
#18368 = CURVE_STYLE('',#18369,POSITIVE_LENGTH_MEASURE(0.1),#15799);
#18369 = DRAUGHTING_PRE_DEFINED_CURVE_FONT('continuous');
#18370 = STYLED_ITEM('color',(#18371),#5641);
#18371 = PRESENTATION_STYLE_ASSIGNMENT((#18372,#18377));
#18372 = SURFACE_STYLE_USAGE(.BOTH.,#18373);
#18373 = SURFACE_SIDE_STYLE('',(#18374));
#18374 = SURFACE_STYLE_FILL_AREA(#18375);
#18375 = FILL_AREA_STYLE('',(#18376));
#18376 = FILL_AREA_STYLE_COLOUR('',#15799);
#18377 = CURVE_STYLE('',#18378,POSITIVE_LENGTH_MEASURE(0.1),#15799);
#18378 = DRAUGHTING_PRE_DEFINED_CURVE_FONT('continuous');
#18379 = STYLED_ITEM('color',(#18380),#5653);
#18380 = PRESENTATION_STYLE_ASSIGNMENT((#18381,#18386));
#18381 = SURFACE_STYLE_USAGE(.BOTH.,#18382);
#18382 = SURFACE_SIDE_STYLE('',(#18383));
#18383 = SURFACE_STYLE_FILL_AREA(#18384);
#18384 = FILL_AREA_STYLE('',(#18385));
#18385 = FILL_AREA_STYLE_COLOUR('',#15799);
#18386 = CURVE_STYLE('',#18387,POSITIVE_LENGTH_MEASURE(0.1),#15799);
#18387 = DRAUGHTING_PRE_DEFINED_CURVE_FONT('continuous');
#18388 = STYLED_ITEM('color',(#18389),#5672);
#18389 = PRESENTATION_STYLE_ASSIGNMENT((#18390,#18395));
#18390 = SURFACE_STYLE_USAGE(.BOTH.,#18391);
#18391 = SURFACE_SIDE_STYLE('',(#18392));
#18392 = SURFACE_STYLE_FILL_AREA(#18393);
#18393 = FILL_AREA_STYLE('',(#18394));
#18394 = FILL_AREA_STYLE_COLOUR('',#15799);
#18395 = CURVE_STYLE('',#18396,POSITIVE_LENGTH_MEASURE(0.1),#15799);
#18396 = DRAUGHTING_PRE_DEFINED_CURVE_FONT('continuous');
#18397 = STYLED_ITEM('color',(#18398),#5689);
#18398 = PRESENTATION_STYLE_ASSIGNMENT((#18399,#18404));
#18399 = SURFACE_STYLE_USAGE(.BOTH.,#18400);
#18400 = SURFACE_SIDE_STYLE('',(#18401));
#18401 = SURFACE_STYLE_FILL_AREA(#18402);
#18402 = FILL_AREA_STYLE('',(#18403));
#18403 = FILL_AREA_STYLE_COLOUR('',#15799);
#18404 = CURVE_STYLE('',#18405,POSITIVE_LENGTH_MEASURE(0.1),#15799);
#18405 = DRAUGHTING_PRE_DEFINED_CURVE_FONT('continuous');
#18406 = STYLED_ITEM('color',(#18407),#5706);
#18407 = PRESENTATION_STYLE_ASSIGNMENT((#18408,#18413));
#18408 = SURFACE_STYLE_USAGE(.BOTH.,#18409);
#18409 = SURFACE_SIDE_STYLE('',(#18410));
#18410 = SURFACE_STYLE_FILL_AREA(#18411);
#18411 = FILL_AREA_STYLE('',(#18412));
#18412 = FILL_AREA_STYLE_COLOUR('',#15799);
#18413 = CURVE_STYLE('',#18414,POSITIVE_LENGTH_MEASURE(0.1),#15799);
#18414 = DRAUGHTING_PRE_DEFINED_CURVE_FONT('continuous');
#18415 = STYLED_ITEM('color',(#18416),#5723);
#18416 = PRESENTATION_STYLE_ASSIGNMENT((#18417,#18422));
#18417 = SURFACE_STYLE_USAGE(.BOTH.,#18418);
#18418 = SURFACE_SIDE_STYLE('',(#18419));
#18419 = SURFACE_STYLE_FILL_AREA(#18420);
#18420 = FILL_AREA_STYLE('',(#18421));
#18421 = FILL_AREA_STYLE_COLOUR('',#15799);
#18422 = CURVE_STYLE('',#18423,POSITIVE_LENGTH_MEASURE(0.1),#15799);
#18423 = DRAUGHTING_PRE_DEFINED_CURVE_FONT('continuous');
#18424 = STYLED_ITEM('color',(#18425),#5740);
#18425 = PRESENTATION_STYLE_ASSIGNMENT((#18426,#18431));
#18426 = SURFACE_STYLE_USAGE(.BOTH.,#18427);
#18427 = SURFACE_SIDE_STYLE('',(#18428));
#18428 = SURFACE_STYLE_FILL_AREA(#18429);
#18429 = FILL_AREA_STYLE('',(#18430));
#18430 = FILL_AREA_STYLE_COLOUR('',#15799);
#18431 = CURVE_STYLE('',#18432,POSITIVE_LENGTH_MEASURE(0.1),#15799);
#18432 = DRAUGHTING_PRE_DEFINED_CURVE_FONT('continuous');
#18433 = STYLED_ITEM('color',(#18434),#5757);
#18434 = PRESENTATION_STYLE_ASSIGNMENT((#18435,#18440));
#18435 = SURFACE_STYLE_USAGE(.BOTH.,#18436);
#18436 = SURFACE_SIDE_STYLE('',(#18437));
#18437 = SURFACE_STYLE_FILL_AREA(#18438);
#18438 = FILL_AREA_STYLE('',(#18439));
#18439 = FILL_AREA_STYLE_COLOUR('',#15799);
#18440 = CURVE_STYLE('',#18441,POSITIVE_LENGTH_MEASURE(0.1),#15799);
#18441 = DRAUGHTING_PRE_DEFINED_CURVE_FONT('continuous');
#18442 = STYLED_ITEM('color',(#18443),#5774);
#18443 = PRESENTATION_STYLE_ASSIGNMENT((#18444,#18449));
#18444 = SURFACE_STYLE_USAGE(.BOTH.,#18445);
#18445 = SURFACE_SIDE_STYLE('',(#18446));
#18446 = SURFACE_STYLE_FILL_AREA(#18447);
#18447 = FILL_AREA_STYLE('',(#18448));
#18448 = FILL_AREA_STYLE_COLOUR('',#15799);
#18449 = CURVE_STYLE('',#18450,POSITIVE_LENGTH_MEASURE(0.1),#15799);
#18450 = DRAUGHTING_PRE_DEFINED_CURVE_FONT('continuous');
#18451 = STYLED_ITEM('color',(#18452),#5791);
#18452 = PRESENTATION_STYLE_ASSIGNMENT((#18453,#18458));
#18453 = SURFACE_STYLE_USAGE(.BOTH.,#18454);
#18454 = SURFACE_SIDE_STYLE('',(#18455));
#18455 = SURFACE_STYLE_FILL_AREA(#18456);
#18456 = FILL_AREA_STYLE('',(#18457));
#18457 = FILL_AREA_STYLE_COLOUR('',#15799);
#18458 = CURVE_STYLE('',#18459,POSITIVE_LENGTH_MEASURE(0.1),#15799);
#18459 = DRAUGHTING_PRE_DEFINED_CURVE_FONT('continuous');
#18460 = STYLED_ITEM('color',(#18461),#5803);
#18461 = PRESENTATION_STYLE_ASSIGNMENT((#18462,#18467));
#18462 = SURFACE_STYLE_USAGE(.BOTH.,#18463);
#18463 = SURFACE_SIDE_STYLE('',(#18464));
#18464 = SURFACE_STYLE_FILL_AREA(#18465);
#18465 = FILL_AREA_STYLE('',(#18466));
#18466 = FILL_AREA_STYLE_COLOUR('',#15799);
#18467 = CURVE_STYLE('',#18468,POSITIVE_LENGTH_MEASURE(0.1),#15799);
#18468 = DRAUGHTING_PRE_DEFINED_CURVE_FONT('continuous');
#18469 = STYLED_ITEM('color',(#18470),#5822);
#18470 = PRESENTATION_STYLE_ASSIGNMENT((#18471,#18476));
#18471 = SURFACE_STYLE_USAGE(.BOTH.,#18472);
#18472 = SURFACE_SIDE_STYLE('',(#18473));
#18473 = SURFACE_STYLE_FILL_AREA(#18474);
#18474 = FILL_AREA_STYLE('',(#18475));
#18475 = FILL_AREA_STYLE_COLOUR('',#15799);
#18476 = CURVE_STYLE('',#18477,POSITIVE_LENGTH_MEASURE(0.1),#15799);
#18477 = DRAUGHTING_PRE_DEFINED_CURVE_FONT('continuous');
#18478 = STYLED_ITEM('color',(#18479),#5839);
#18479 = PRESENTATION_STYLE_ASSIGNMENT((#18480,#18485));
#18480 = SURFACE_STYLE_USAGE(.BOTH.,#18481);
#18481 = SURFACE_SIDE_STYLE('',(#18482));
#18482 = SURFACE_STYLE_FILL_AREA(#18483);
#18483 = FILL_AREA_STYLE('',(#18484));
#18484 = FILL_AREA_STYLE_COLOUR('',#15799);
#18485 = CURVE_STYLE('',#18486,POSITIVE_LENGTH_MEASURE(0.1),#15799);
#18486 = DRAUGHTING_PRE_DEFINED_CURVE_FONT('continuous');
#18487 = STYLED_ITEM('color',(#18488),#5856);
#18488 = PRESENTATION_STYLE_ASSIGNMENT((#18489,#18494));
#18489 = SURFACE_STYLE_USAGE(.BOTH.,#18490);
#18490 = SURFACE_SIDE_STYLE('',(#18491));
#18491 = SURFACE_STYLE_FILL_AREA(#18492);
#18492 = FILL_AREA_STYLE('',(#18493));
#18493 = FILL_AREA_STYLE_COLOUR('',#15799);
#18494 = CURVE_STYLE('',#18495,POSITIVE_LENGTH_MEASURE(0.1),#15799);
#18495 = DRAUGHTING_PRE_DEFINED_CURVE_FONT('continuous');
#18496 = STYLED_ITEM('color',(#18497),#5873);
#18497 = PRESENTATION_STYLE_ASSIGNMENT((#18498,#18503));
#18498 = SURFACE_STYLE_USAGE(.BOTH.,#18499);
#18499 = SURFACE_SIDE_STYLE('',(#18500));
#18500 = SURFACE_STYLE_FILL_AREA(#18501);
#18501 = FILL_AREA_STYLE('',(#18502));
#18502 = FILL_AREA_STYLE_COLOUR('',#15799);
#18503 = CURVE_STYLE('',#18504,POSITIVE_LENGTH_MEASURE(0.1),#15799);
#18504 = DRAUGHTING_PRE_DEFINED_CURVE_FONT('continuous');
#18505 = STYLED_ITEM('color',(#18506),#5890);
#18506 = PRESENTATION_STYLE_ASSIGNMENT((#18507,#18512));
#18507 = SURFACE_STYLE_USAGE(.BOTH.,#18508);
#18508 = SURFACE_SIDE_STYLE('',(#18509));
#18509 = SURFACE_STYLE_FILL_AREA(#18510);
#18510 = FILL_AREA_STYLE('',(#18511));
#18511 = FILL_AREA_STYLE_COLOUR('',#15799);
#18512 = CURVE_STYLE('',#18513,POSITIVE_LENGTH_MEASURE(0.1),#15799);
#18513 = DRAUGHTING_PRE_DEFINED_CURVE_FONT('continuous');
#18514 = STYLED_ITEM('color',(#18515),#5907);
#18515 = PRESENTATION_STYLE_ASSIGNMENT((#18516,#18521));
#18516 = SURFACE_STYLE_USAGE(.BOTH.,#18517);
#18517 = SURFACE_SIDE_STYLE('',(#18518));
#18518 = SURFACE_STYLE_FILL_AREA(#18519);
#18519 = FILL_AREA_STYLE('',(#18520));
#18520 = FILL_AREA_STYLE_COLOUR('',#15799);
#18521 = CURVE_STYLE('',#18522,POSITIVE_LENGTH_MEASURE(0.1),#15799);
#18522 = DRAUGHTING_PRE_DEFINED_CURVE_FONT('continuous');
#18523 = STYLED_ITEM('color',(#18524),#5924);
#18524 = PRESENTATION_STYLE_ASSIGNMENT((#18525,#18530));
#18525 = SURFACE_STYLE_USAGE(.BOTH.,#18526);
#18526 = SURFACE_SIDE_STYLE('',(#18527));
#18527 = SURFACE_STYLE_FILL_AREA(#18528);
#18528 = FILL_AREA_STYLE('',(#18529));
#18529 = FILL_AREA_STYLE_COLOUR('',#15799);
#18530 = CURVE_STYLE('',#18531,POSITIVE_LENGTH_MEASURE(0.1),#15799);
#18531 = DRAUGHTING_PRE_DEFINED_CURVE_FONT('continuous');
#18532 = STYLED_ITEM('color',(#18533),#5941);
#18533 = PRESENTATION_STYLE_ASSIGNMENT((#18534,#18539));
#18534 = SURFACE_STYLE_USAGE(.BOTH.,#18535);
#18535 = SURFACE_SIDE_STYLE('',(#18536));
#18536 = SURFACE_STYLE_FILL_AREA(#18537);
#18537 = FILL_AREA_STYLE('',(#18538));
#18538 = FILL_AREA_STYLE_COLOUR('',#15799);
#18539 = CURVE_STYLE('',#18540,POSITIVE_LENGTH_MEASURE(0.1),#15799);
#18540 = DRAUGHTING_PRE_DEFINED_CURVE_FONT('continuous');
#18541 = STYLED_ITEM('color',(#18542),#5953);
#18542 = PRESENTATION_STYLE_ASSIGNMENT((#18543,#18548));
#18543 = SURFACE_STYLE_USAGE(.BOTH.,#18544);
#18544 = SURFACE_SIDE_STYLE('',(#18545));
#18545 = SURFACE_STYLE_FILL_AREA(#18546);
#18546 = FILL_AREA_STYLE('',(#18547));
#18547 = FILL_AREA_STYLE_COLOUR('',#15799);
#18548 = CURVE_STYLE('',#18549,POSITIVE_LENGTH_MEASURE(0.1),#15799);
#18549 = DRAUGHTING_PRE_DEFINED_CURVE_FONT('continuous');
#18550 = STYLED_ITEM('color',(#18551),#5972);
#18551 = PRESENTATION_STYLE_ASSIGNMENT((#18552,#18557));
#18552 = SURFACE_STYLE_USAGE(.BOTH.,#18553);
#18553 = SURFACE_SIDE_STYLE('',(#18554));
#18554 = SURFACE_STYLE_FILL_AREA(#18555);
#18555 = FILL_AREA_STYLE('',(#18556));
#18556 = FILL_AREA_STYLE_COLOUR('',#15799);
#18557 = CURVE_STYLE('',#18558,POSITIVE_LENGTH_MEASURE(0.1),#15799);
#18558 = DRAUGHTING_PRE_DEFINED_CURVE_FONT('continuous');
#18559 = STYLED_ITEM('color',(#18560),#5989);
#18560 = PRESENTATION_STYLE_ASSIGNMENT((#18561,#18566));
#18561 = SURFACE_STYLE_USAGE(.BOTH.,#18562);
#18562 = SURFACE_SIDE_STYLE('',(#18563));
#18563 = SURFACE_STYLE_FILL_AREA(#18564);
#18564 = FILL_AREA_STYLE('',(#18565));
#18565 = FILL_AREA_STYLE_COLOUR('',#15799);
#18566 = CURVE_STYLE('',#18567,POSITIVE_LENGTH_MEASURE(0.1),#15799);
#18567 = DRAUGHTING_PRE_DEFINED_CURVE_FONT('continuous');
#18568 = STYLED_ITEM('color',(#18569),#6006);
#18569 = PRESENTATION_STYLE_ASSIGNMENT((#18570,#18575));
#18570 = SURFACE_STYLE_USAGE(.BOTH.,#18571);
#18571 = SURFACE_SIDE_STYLE('',(#18572));
#18572 = SURFACE_STYLE_FILL_AREA(#18573);
#18573 = FILL_AREA_STYLE('',(#18574));
#18574 = FILL_AREA_STYLE_COLOUR('',#15799);
#18575 = CURVE_STYLE('',#18576,POSITIVE_LENGTH_MEASURE(0.1),#15799);
#18576 = DRAUGHTING_PRE_DEFINED_CURVE_FONT('continuous');
#18577 = STYLED_ITEM('color',(#18578),#6023);
#18578 = PRESENTATION_STYLE_ASSIGNMENT((#18579,#18584));
#18579 = SURFACE_STYLE_USAGE(.BOTH.,#18580);
#18580 = SURFACE_SIDE_STYLE('',(#18581));
#18581 = SURFACE_STYLE_FILL_AREA(#18582);
#18582 = FILL_AREA_STYLE('',(#18583));
#18583 = FILL_AREA_STYLE_COLOUR('',#15799);
#18584 = CURVE_STYLE('',#18585,POSITIVE_LENGTH_MEASURE(0.1),#15799);
#18585 = DRAUGHTING_PRE_DEFINED_CURVE_FONT('continuous');
#18586 = STYLED_ITEM('color',(#18587),#6040);
#18587 = PRESENTATION_STYLE_ASSIGNMENT((#18588,#18593));
#18588 = SURFACE_STYLE_USAGE(.BOTH.,#18589);
#18589 = SURFACE_SIDE_STYLE('',(#18590));
#18590 = SURFACE_STYLE_FILL_AREA(#18591);
#18591 = FILL_AREA_STYLE('',(#18592));
#18592 = FILL_AREA_STYLE_COLOUR('',#15799);
#18593 = CURVE_STYLE('',#18594,POSITIVE_LENGTH_MEASURE(0.1),#15799);
#18594 = DRAUGHTING_PRE_DEFINED_CURVE_FONT('continuous');
#18595 = STYLED_ITEM('color',(#18596),#6057);
#18596 = PRESENTATION_STYLE_ASSIGNMENT((#18597,#18602));
#18597 = SURFACE_STYLE_USAGE(.BOTH.,#18598);
#18598 = SURFACE_SIDE_STYLE('',(#18599));
#18599 = SURFACE_STYLE_FILL_AREA(#18600);
#18600 = FILL_AREA_STYLE('',(#18601));
#18601 = FILL_AREA_STYLE_COLOUR('',#15799);
#18602 = CURVE_STYLE('',#18603,POSITIVE_LENGTH_MEASURE(0.1),#15799);
#18603 = DRAUGHTING_PRE_DEFINED_CURVE_FONT('continuous');
#18604 = STYLED_ITEM('color',(#18605),#6074);
#18605 = PRESENTATION_STYLE_ASSIGNMENT((#18606,#18611));
#18606 = SURFACE_STYLE_USAGE(.BOTH.,#18607);
#18607 = SURFACE_SIDE_STYLE('',(#18608));
#18608 = SURFACE_STYLE_FILL_AREA(#18609);
#18609 = FILL_AREA_STYLE('',(#18610));
#18610 = FILL_AREA_STYLE_COLOUR('',#15799);
#18611 = CURVE_STYLE('',#18612,POSITIVE_LENGTH_MEASURE(0.1),#15799);
#18612 = DRAUGHTING_PRE_DEFINED_CURVE_FONT('continuous');
#18613 = STYLED_ITEM('color',(#18614),#6091);
#18614 = PRESENTATION_STYLE_ASSIGNMENT((#18615,#18620));
#18615 = SURFACE_STYLE_USAGE(.BOTH.,#18616);
#18616 = SURFACE_SIDE_STYLE('',(#18617));
#18617 = SURFACE_STYLE_FILL_AREA(#18618);
#18618 = FILL_AREA_STYLE('',(#18619));
#18619 = FILL_AREA_STYLE_COLOUR('',#15799);
#18620 = CURVE_STYLE('',#18621,POSITIVE_LENGTH_MEASURE(0.1),#15799);
#18621 = DRAUGHTING_PRE_DEFINED_CURVE_FONT('continuous');
#18622 = STYLED_ITEM('color',(#18623),#6103);
#18623 = PRESENTATION_STYLE_ASSIGNMENT((#18624,#18629));
#18624 = SURFACE_STYLE_USAGE(.BOTH.,#18625);
#18625 = SURFACE_SIDE_STYLE('',(#18626));
#18626 = SURFACE_STYLE_FILL_AREA(#18627);
#18627 = FILL_AREA_STYLE('',(#18628));
#18628 = FILL_AREA_STYLE_COLOUR('',#15799);
#18629 = CURVE_STYLE('',#18630,POSITIVE_LENGTH_MEASURE(0.1),#15799);
#18630 = DRAUGHTING_PRE_DEFINED_CURVE_FONT('continuous');
#18631 = STYLED_ITEM('color',(#18632),#6122);
#18632 = PRESENTATION_STYLE_ASSIGNMENT((#18633,#18638));
#18633 = SURFACE_STYLE_USAGE(.BOTH.,#18634);
#18634 = SURFACE_SIDE_STYLE('',(#18635));
#18635 = SURFACE_STYLE_FILL_AREA(#18636);
#18636 = FILL_AREA_STYLE('',(#18637));
#18637 = FILL_AREA_STYLE_COLOUR('',#15799);
#18638 = CURVE_STYLE('',#18639,POSITIVE_LENGTH_MEASURE(0.1),#15799);
#18639 = DRAUGHTING_PRE_DEFINED_CURVE_FONT('continuous');
#18640 = STYLED_ITEM('color',(#18641),#6139);
#18641 = PRESENTATION_STYLE_ASSIGNMENT((#18642,#18647));
#18642 = SURFACE_STYLE_USAGE(.BOTH.,#18643);
#18643 = SURFACE_SIDE_STYLE('',(#18644));
#18644 = SURFACE_STYLE_FILL_AREA(#18645);
#18645 = FILL_AREA_STYLE('',(#18646));
#18646 = FILL_AREA_STYLE_COLOUR('',#15799);
#18647 = CURVE_STYLE('',#18648,POSITIVE_LENGTH_MEASURE(0.1),#15799);
#18648 = DRAUGHTING_PRE_DEFINED_CURVE_FONT('continuous');
#18649 = STYLED_ITEM('color',(#18650),#6156);
#18650 = PRESENTATION_STYLE_ASSIGNMENT((#18651,#18656));
#18651 = SURFACE_STYLE_USAGE(.BOTH.,#18652);
#18652 = SURFACE_SIDE_STYLE('',(#18653));
#18653 = SURFACE_STYLE_FILL_AREA(#18654);
#18654 = FILL_AREA_STYLE('',(#18655));
#18655 = FILL_AREA_STYLE_COLOUR('',#15799);
#18656 = CURVE_STYLE('',#18657,POSITIVE_LENGTH_MEASURE(0.1),#15799);
#18657 = DRAUGHTING_PRE_DEFINED_CURVE_FONT('continuous');
#18658 = STYLED_ITEM('color',(#18659),#6173);
#18659 = PRESENTATION_STYLE_ASSIGNMENT((#18660,#18665));
#18660 = SURFACE_STYLE_USAGE(.BOTH.,#18661);
#18661 = SURFACE_SIDE_STYLE('',(#18662));
#18662 = SURFACE_STYLE_FILL_AREA(#18663);
#18663 = FILL_AREA_STYLE('',(#18664));
#18664 = FILL_AREA_STYLE_COLOUR('',#15799);
#18665 = CURVE_STYLE('',#18666,POSITIVE_LENGTH_MEASURE(0.1),#15799);
#18666 = DRAUGHTING_PRE_DEFINED_CURVE_FONT('continuous');
#18667 = STYLED_ITEM('color',(#18668),#6190);
#18668 = PRESENTATION_STYLE_ASSIGNMENT((#18669,#18674));
#18669 = SURFACE_STYLE_USAGE(.BOTH.,#18670);
#18670 = SURFACE_SIDE_STYLE('',(#18671));
#18671 = SURFACE_STYLE_FILL_AREA(#18672);
#18672 = FILL_AREA_STYLE('',(#18673));
#18673 = FILL_AREA_STYLE_COLOUR('',#15799);
#18674 = CURVE_STYLE('',#18675,POSITIVE_LENGTH_MEASURE(0.1),#15799);
#18675 = DRAUGHTING_PRE_DEFINED_CURVE_FONT('continuous');
#18676 = STYLED_ITEM('color',(#18677),#6207);
#18677 = PRESENTATION_STYLE_ASSIGNMENT((#18678,#18683));
#18678 = SURFACE_STYLE_USAGE(.BOTH.,#18679);
#18679 = SURFACE_SIDE_STYLE('',(#18680));
#18680 = SURFACE_STYLE_FILL_AREA(#18681);
#18681 = FILL_AREA_STYLE('',(#18682));
#18682 = FILL_AREA_STYLE_COLOUR('',#15799);
#18683 = CURVE_STYLE('',#18684,POSITIVE_LENGTH_MEASURE(0.1),#15799);
#18684 = DRAUGHTING_PRE_DEFINED_CURVE_FONT('continuous');
#18685 = STYLED_ITEM('color',(#18686),#6224);
#18686 = PRESENTATION_STYLE_ASSIGNMENT((#18687,#18692));
#18687 = SURFACE_STYLE_USAGE(.BOTH.,#18688);
#18688 = SURFACE_SIDE_STYLE('',(#18689));
#18689 = SURFACE_STYLE_FILL_AREA(#18690);
#18690 = FILL_AREA_STYLE('',(#18691));
#18691 = FILL_AREA_STYLE_COLOUR('',#15799);
#18692 = CURVE_STYLE('',#18693,POSITIVE_LENGTH_MEASURE(0.1),#15799);
#18693 = DRAUGHTING_PRE_DEFINED_CURVE_FONT('continuous');
#18694 = STYLED_ITEM('color',(#18695),#6241);
#18695 = PRESENTATION_STYLE_ASSIGNMENT((#18696,#18701));
#18696 = SURFACE_STYLE_USAGE(.BOTH.,#18697);
#18697 = SURFACE_SIDE_STYLE('',(#18698));
#18698 = SURFACE_STYLE_FILL_AREA(#18699);
#18699 = FILL_AREA_STYLE('',(#18700));
#18700 = FILL_AREA_STYLE_COLOUR('',#15799);
#18701 = CURVE_STYLE('',#18702,POSITIVE_LENGTH_MEASURE(0.1),#15799);
#18702 = DRAUGHTING_PRE_DEFINED_CURVE_FONT('continuous');
#18703 = STYLED_ITEM('color',(#18704),#6253);
#18704 = PRESENTATION_STYLE_ASSIGNMENT((#18705,#18710));
#18705 = SURFACE_STYLE_USAGE(.BOTH.,#18706);
#18706 = SURFACE_SIDE_STYLE('',(#18707));
#18707 = SURFACE_STYLE_FILL_AREA(#18708);
#18708 = FILL_AREA_STYLE('',(#18709));
#18709 = FILL_AREA_STYLE_COLOUR('',#15799);
#18710 = CURVE_STYLE('',#18711,POSITIVE_LENGTH_MEASURE(0.1),#15799);
#18711 = DRAUGHTING_PRE_DEFINED_CURVE_FONT('continuous');
#18712 = STYLED_ITEM('color',(#18713),#6272);
#18713 = PRESENTATION_STYLE_ASSIGNMENT((#18714,#18719));
#18714 = SURFACE_STYLE_USAGE(.BOTH.,#18715);
#18715 = SURFACE_SIDE_STYLE('',(#18716));
#18716 = SURFACE_STYLE_FILL_AREA(#18717);
#18717 = FILL_AREA_STYLE('',(#18718));
#18718 = FILL_AREA_STYLE_COLOUR('',#15799);
#18719 = CURVE_STYLE('',#18720,POSITIVE_LENGTH_MEASURE(0.1),#15799);
#18720 = DRAUGHTING_PRE_DEFINED_CURVE_FONT('continuous');
#18721 = STYLED_ITEM('color',(#18722),#6289);
#18722 = PRESENTATION_STYLE_ASSIGNMENT((#18723,#18728));
#18723 = SURFACE_STYLE_USAGE(.BOTH.,#18724);
#18724 = SURFACE_SIDE_STYLE('',(#18725));
#18725 = SURFACE_STYLE_FILL_AREA(#18726);
#18726 = FILL_AREA_STYLE('',(#18727));
#18727 = FILL_AREA_STYLE_COLOUR('',#15799);
#18728 = CURVE_STYLE('',#18729,POSITIVE_LENGTH_MEASURE(0.1),#15799);
#18729 = DRAUGHTING_PRE_DEFINED_CURVE_FONT('continuous');
#18730 = STYLED_ITEM('color',(#18731),#6306);
#18731 = PRESENTATION_STYLE_ASSIGNMENT((#18732,#18737));
#18732 = SURFACE_STYLE_USAGE(.BOTH.,#18733);
#18733 = SURFACE_SIDE_STYLE('',(#18734));
#18734 = SURFACE_STYLE_FILL_AREA(#18735);
#18735 = FILL_AREA_STYLE('',(#18736));
#18736 = FILL_AREA_STYLE_COLOUR('',#15799);
#18737 = CURVE_STYLE('',#18738,POSITIVE_LENGTH_MEASURE(0.1),#15799);
#18738 = DRAUGHTING_PRE_DEFINED_CURVE_FONT('continuous');
#18739 = STYLED_ITEM('color',(#18740),#6323);
#18740 = PRESENTATION_STYLE_ASSIGNMENT((#18741,#18746));
#18741 = SURFACE_STYLE_USAGE(.BOTH.,#18742);
#18742 = SURFACE_SIDE_STYLE('',(#18743));
#18743 = SURFACE_STYLE_FILL_AREA(#18744);
#18744 = FILL_AREA_STYLE('',(#18745));
#18745 = FILL_AREA_STYLE_COLOUR('',#15799);
#18746 = CURVE_STYLE('',#18747,POSITIVE_LENGTH_MEASURE(0.1),#15799);
#18747 = DRAUGHTING_PRE_DEFINED_CURVE_FONT('continuous');
#18748 = STYLED_ITEM('color',(#18749),#6340);
#18749 = PRESENTATION_STYLE_ASSIGNMENT((#18750,#18755));
#18750 = SURFACE_STYLE_USAGE(.BOTH.,#18751);
#18751 = SURFACE_SIDE_STYLE('',(#18752));
#18752 = SURFACE_STYLE_FILL_AREA(#18753);
#18753 = FILL_AREA_STYLE('',(#18754));
#18754 = FILL_AREA_STYLE_COLOUR('',#15799);
#18755 = CURVE_STYLE('',#18756,POSITIVE_LENGTH_MEASURE(0.1),#15799);
#18756 = DRAUGHTING_PRE_DEFINED_CURVE_FONT('continuous');
#18757 = STYLED_ITEM('color',(#18758),#6357);
#18758 = PRESENTATION_STYLE_ASSIGNMENT((#18759,#18764));
#18759 = SURFACE_STYLE_USAGE(.BOTH.,#18760);
#18760 = SURFACE_SIDE_STYLE('',(#18761));
#18761 = SURFACE_STYLE_FILL_AREA(#18762);
#18762 = FILL_AREA_STYLE('',(#18763));
#18763 = FILL_AREA_STYLE_COLOUR('',#15799);
#18764 = CURVE_STYLE('',#18765,POSITIVE_LENGTH_MEASURE(0.1),#15799);
#18765 = DRAUGHTING_PRE_DEFINED_CURVE_FONT('continuous');
#18766 = STYLED_ITEM('color',(#18767),#6374);
#18767 = PRESENTATION_STYLE_ASSIGNMENT((#18768,#18773));
#18768 = SURFACE_STYLE_USAGE(.BOTH.,#18769);
#18769 = SURFACE_SIDE_STYLE('',(#18770));
#18770 = SURFACE_STYLE_FILL_AREA(#18771);
#18771 = FILL_AREA_STYLE('',(#18772));
#18772 = FILL_AREA_STYLE_COLOUR('',#15799);
#18773 = CURVE_STYLE('',#18774,POSITIVE_LENGTH_MEASURE(0.1),#15799);
#18774 = DRAUGHTING_PRE_DEFINED_CURVE_FONT('continuous');
#18775 = STYLED_ITEM('color',(#18776),#6391);
#18776 = PRESENTATION_STYLE_ASSIGNMENT((#18777,#18782));
#18777 = SURFACE_STYLE_USAGE(.BOTH.,#18778);
#18778 = SURFACE_SIDE_STYLE('',(#18779));
#18779 = SURFACE_STYLE_FILL_AREA(#18780);
#18780 = FILL_AREA_STYLE('',(#18781));
#18781 = FILL_AREA_STYLE_COLOUR('',#15799);
#18782 = CURVE_STYLE('',#18783,POSITIVE_LENGTH_MEASURE(0.1),#15799);
#18783 = DRAUGHTING_PRE_DEFINED_CURVE_FONT('continuous');
#18784 = STYLED_ITEM('color',(#18785),#6403);
#18785 = PRESENTATION_STYLE_ASSIGNMENT((#18786,#18791));
#18786 = SURFACE_STYLE_USAGE(.BOTH.,#18787);
#18787 = SURFACE_SIDE_STYLE('',(#18788));
#18788 = SURFACE_STYLE_FILL_AREA(#18789);
#18789 = FILL_AREA_STYLE('',(#18790));
#18790 = FILL_AREA_STYLE_COLOUR('',#15799);
#18791 = CURVE_STYLE('',#18792,POSITIVE_LENGTH_MEASURE(0.1),#15799);
#18792 = DRAUGHTING_PRE_DEFINED_CURVE_FONT('continuous');
#18793 = STYLED_ITEM('color',(#18794),#6422);
#18794 = PRESENTATION_STYLE_ASSIGNMENT((#18795,#18800));
#18795 = SURFACE_STYLE_USAGE(.BOTH.,#18796);
#18796 = SURFACE_SIDE_STYLE('',(#18797));
#18797 = SURFACE_STYLE_FILL_AREA(#18798);
#18798 = FILL_AREA_STYLE('',(#18799));
#18799 = FILL_AREA_STYLE_COLOUR('',#15799);
#18800 = CURVE_STYLE('',#18801,POSITIVE_LENGTH_MEASURE(0.1),#15799);
#18801 = DRAUGHTING_PRE_DEFINED_CURVE_FONT('continuous');
#18802 = STYLED_ITEM('color',(#18803),#6439);
#18803 = PRESENTATION_STYLE_ASSIGNMENT((#18804,#18809));
#18804 = SURFACE_STYLE_USAGE(.BOTH.,#18805);
#18805 = SURFACE_SIDE_STYLE('',(#18806));
#18806 = SURFACE_STYLE_FILL_AREA(#18807);
#18807 = FILL_AREA_STYLE('',(#18808));
#18808 = FILL_AREA_STYLE_COLOUR('',#15799);
#18809 = CURVE_STYLE('',#18810,POSITIVE_LENGTH_MEASURE(0.1),#15799);
#18810 = DRAUGHTING_PRE_DEFINED_CURVE_FONT('continuous');
#18811 = STYLED_ITEM('color',(#18812),#6456);
#18812 = PRESENTATION_STYLE_ASSIGNMENT((#18813,#18818));
#18813 = SURFACE_STYLE_USAGE(.BOTH.,#18814);
#18814 = SURFACE_SIDE_STYLE('',(#18815));
#18815 = SURFACE_STYLE_FILL_AREA(#18816);
#18816 = FILL_AREA_STYLE('',(#18817));
#18817 = FILL_AREA_STYLE_COLOUR('',#15799);
#18818 = CURVE_STYLE('',#18819,POSITIVE_LENGTH_MEASURE(0.1),#15799);
#18819 = DRAUGHTING_PRE_DEFINED_CURVE_FONT('continuous');
#18820 = STYLED_ITEM('color',(#18821),#6473);
#18821 = PRESENTATION_STYLE_ASSIGNMENT((#18822,#18827));
#18822 = SURFACE_STYLE_USAGE(.BOTH.,#18823);
#18823 = SURFACE_SIDE_STYLE('',(#18824));
#18824 = SURFACE_STYLE_FILL_AREA(#18825);
#18825 = FILL_AREA_STYLE('',(#18826));
#18826 = FILL_AREA_STYLE_COLOUR('',#15799);
#18827 = CURVE_STYLE('',#18828,POSITIVE_LENGTH_MEASURE(0.1),#15799);
#18828 = DRAUGHTING_PRE_DEFINED_CURVE_FONT('continuous');
#18829 = STYLED_ITEM('color',(#18830),#6490);
#18830 = PRESENTATION_STYLE_ASSIGNMENT((#18831,#18836));
#18831 = SURFACE_STYLE_USAGE(.BOTH.,#18832);
#18832 = SURFACE_SIDE_STYLE('',(#18833));
#18833 = SURFACE_STYLE_FILL_AREA(#18834);
#18834 = FILL_AREA_STYLE('',(#18835));
#18835 = FILL_AREA_STYLE_COLOUR('',#15799);
#18836 = CURVE_STYLE('',#18837,POSITIVE_LENGTH_MEASURE(0.1),#15799);
#18837 = DRAUGHTING_PRE_DEFINED_CURVE_FONT('continuous');
#18838 = STYLED_ITEM('color',(#18839),#6507);
#18839 = PRESENTATION_STYLE_ASSIGNMENT((#18840,#18845));
#18840 = SURFACE_STYLE_USAGE(.BOTH.,#18841);
#18841 = SURFACE_SIDE_STYLE('',(#18842));
#18842 = SURFACE_STYLE_FILL_AREA(#18843);
#18843 = FILL_AREA_STYLE('',(#18844));
#18844 = FILL_AREA_STYLE_COLOUR('',#15799);
#18845 = CURVE_STYLE('',#18846,POSITIVE_LENGTH_MEASURE(0.1),#15799);
#18846 = DRAUGHTING_PRE_DEFINED_CURVE_FONT('continuous');
#18847 = STYLED_ITEM('color',(#18848),#6524);
#18848 = PRESENTATION_STYLE_ASSIGNMENT((#18849,#18854));
#18849 = SURFACE_STYLE_USAGE(.BOTH.,#18850);
#18850 = SURFACE_SIDE_STYLE('',(#18851));
#18851 = SURFACE_STYLE_FILL_AREA(#18852);
#18852 = FILL_AREA_STYLE('',(#18853));
#18853 = FILL_AREA_STYLE_COLOUR('',#15799);
#18854 = CURVE_STYLE('',#18855,POSITIVE_LENGTH_MEASURE(0.1),#15799);
#18855 = DRAUGHTING_PRE_DEFINED_CURVE_FONT('continuous');
#18856 = STYLED_ITEM('color',(#18857),#6541);
#18857 = PRESENTATION_STYLE_ASSIGNMENT((#18858,#18863));
#18858 = SURFACE_STYLE_USAGE(.BOTH.,#18859);
#18859 = SURFACE_SIDE_STYLE('',(#18860));
#18860 = SURFACE_STYLE_FILL_AREA(#18861);
#18861 = FILL_AREA_STYLE('',(#18862));
#18862 = FILL_AREA_STYLE_COLOUR('',#15799);
#18863 = CURVE_STYLE('',#18864,POSITIVE_LENGTH_MEASURE(0.1),#15799);
#18864 = DRAUGHTING_PRE_DEFINED_CURVE_FONT('continuous');
#18865 = STYLED_ITEM('color',(#18866),#6553);
#18866 = PRESENTATION_STYLE_ASSIGNMENT((#18867,#18872));
#18867 = SURFACE_STYLE_USAGE(.BOTH.,#18868);
#18868 = SURFACE_SIDE_STYLE('',(#18869));
#18869 = SURFACE_STYLE_FILL_AREA(#18870);
#18870 = FILL_AREA_STYLE('',(#18871));
#18871 = FILL_AREA_STYLE_COLOUR('',#15799);
#18872 = CURVE_STYLE('',#18873,POSITIVE_LENGTH_MEASURE(0.1),#15799);
#18873 = DRAUGHTING_PRE_DEFINED_CURVE_FONT('continuous');
#18874 = STYLED_ITEM('color',(#18875),#6572);
#18875 = PRESENTATION_STYLE_ASSIGNMENT((#18876,#18881));
#18876 = SURFACE_STYLE_USAGE(.BOTH.,#18877);
#18877 = SURFACE_SIDE_STYLE('',(#18878));
#18878 = SURFACE_STYLE_FILL_AREA(#18879);
#18879 = FILL_AREA_STYLE('',(#18880));
#18880 = FILL_AREA_STYLE_COLOUR('',#15799);
#18881 = CURVE_STYLE('',#18882,POSITIVE_LENGTH_MEASURE(0.1),#15799);
#18882 = DRAUGHTING_PRE_DEFINED_CURVE_FONT('continuous');
#18883 = STYLED_ITEM('color',(#18884),#6589);
#18884 = PRESENTATION_STYLE_ASSIGNMENT((#18885,#18890));
#18885 = SURFACE_STYLE_USAGE(.BOTH.,#18886);
#18886 = SURFACE_SIDE_STYLE('',(#18887));
#18887 = SURFACE_STYLE_FILL_AREA(#18888);
#18888 = FILL_AREA_STYLE('',(#18889));
#18889 = FILL_AREA_STYLE_COLOUR('',#15799);
#18890 = CURVE_STYLE('',#18891,POSITIVE_LENGTH_MEASURE(0.1),#15799);
#18891 = DRAUGHTING_PRE_DEFINED_CURVE_FONT('continuous');
#18892 = STYLED_ITEM('color',(#18893),#6606);
#18893 = PRESENTATION_STYLE_ASSIGNMENT((#18894,#18899));
#18894 = SURFACE_STYLE_USAGE(.BOTH.,#18895);
#18895 = SURFACE_SIDE_STYLE('',(#18896));
#18896 = SURFACE_STYLE_FILL_AREA(#18897);
#18897 = FILL_AREA_STYLE('',(#18898));
#18898 = FILL_AREA_STYLE_COLOUR('',#15799);
#18899 = CURVE_STYLE('',#18900,POSITIVE_LENGTH_MEASURE(0.1),#15799);
#18900 = DRAUGHTING_PRE_DEFINED_CURVE_FONT('continuous');
#18901 = STYLED_ITEM('color',(#18902),#6623);
#18902 = PRESENTATION_STYLE_ASSIGNMENT((#18903,#18908));
#18903 = SURFACE_STYLE_USAGE(.BOTH.,#18904);
#18904 = SURFACE_SIDE_STYLE('',(#18905));
#18905 = SURFACE_STYLE_FILL_AREA(#18906);
#18906 = FILL_AREA_STYLE('',(#18907));
#18907 = FILL_AREA_STYLE_COLOUR('',#15799);
#18908 = CURVE_STYLE('',#18909,POSITIVE_LENGTH_MEASURE(0.1),#15799);
#18909 = DRAUGHTING_PRE_DEFINED_CURVE_FONT('continuous');
#18910 = STYLED_ITEM('color',(#18911),#6640);
#18911 = PRESENTATION_STYLE_ASSIGNMENT((#18912,#18917));
#18912 = SURFACE_STYLE_USAGE(.BOTH.,#18913);
#18913 = SURFACE_SIDE_STYLE('',(#18914));
#18914 = SURFACE_STYLE_FILL_AREA(#18915);
#18915 = FILL_AREA_STYLE('',(#18916));
#18916 = FILL_AREA_STYLE_COLOUR('',#15799);
#18917 = CURVE_STYLE('',#18918,POSITIVE_LENGTH_MEASURE(0.1),#15799);
#18918 = DRAUGHTING_PRE_DEFINED_CURVE_FONT('continuous');
#18919 = STYLED_ITEM('color',(#18920),#6657);
#18920 = PRESENTATION_STYLE_ASSIGNMENT((#18921,#18926));
#18921 = SURFACE_STYLE_USAGE(.BOTH.,#18922);
#18922 = SURFACE_SIDE_STYLE('',(#18923));
#18923 = SURFACE_STYLE_FILL_AREA(#18924);
#18924 = FILL_AREA_STYLE('',(#18925));
#18925 = FILL_AREA_STYLE_COLOUR('',#15799);
#18926 = CURVE_STYLE('',#18927,POSITIVE_LENGTH_MEASURE(0.1),#15799);
#18927 = DRAUGHTING_PRE_DEFINED_CURVE_FONT('continuous');
#18928 = STYLED_ITEM('color',(#18929),#6674);
#18929 = PRESENTATION_STYLE_ASSIGNMENT((#18930,#18935));
#18930 = SURFACE_STYLE_USAGE(.BOTH.,#18931);
#18931 = SURFACE_SIDE_STYLE('',(#18932));
#18932 = SURFACE_STYLE_FILL_AREA(#18933);
#18933 = FILL_AREA_STYLE('',(#18934));
#18934 = FILL_AREA_STYLE_COLOUR('',#15799);
#18935 = CURVE_STYLE('',#18936,POSITIVE_LENGTH_MEASURE(0.1),#15799);
#18936 = DRAUGHTING_PRE_DEFINED_CURVE_FONT('continuous');
#18937 = STYLED_ITEM('color',(#18938),#6691);
#18938 = PRESENTATION_STYLE_ASSIGNMENT((#18939,#18944));
#18939 = SURFACE_STYLE_USAGE(.BOTH.,#18940);
#18940 = SURFACE_SIDE_STYLE('',(#18941));
#18941 = SURFACE_STYLE_FILL_AREA(#18942);
#18942 = FILL_AREA_STYLE('',(#18943));
#18943 = FILL_AREA_STYLE_COLOUR('',#15799);
#18944 = CURVE_STYLE('',#18945,POSITIVE_LENGTH_MEASURE(0.1),#15799);
#18945 = DRAUGHTING_PRE_DEFINED_CURVE_FONT('continuous');
#18946 = STYLED_ITEM('color',(#18947),#6703);
#18947 = PRESENTATION_STYLE_ASSIGNMENT((#18948,#18953));
#18948 = SURFACE_STYLE_USAGE(.BOTH.,#18949);
#18949 = SURFACE_SIDE_STYLE('',(#18950));
#18950 = SURFACE_STYLE_FILL_AREA(#18951);
#18951 = FILL_AREA_STYLE('',(#18952));
#18952 = FILL_AREA_STYLE_COLOUR('',#17602);
#18953 = CURVE_STYLE('',#18954,POSITIVE_LENGTH_MEASURE(0.1),#17602);
#18954 = DRAUGHTING_PRE_DEFINED_CURVE_FONT('continuous');
#18955 = STYLED_ITEM('color',(#18956),#6720);
#18956 = PRESENTATION_STYLE_ASSIGNMENT((#18957,#18962));
#18957 = SURFACE_STYLE_USAGE(.BOTH.,#18958);
#18958 = SURFACE_SIDE_STYLE('',(#18959));
#18959 = SURFACE_STYLE_FILL_AREA(#18960);
#18960 = FILL_AREA_STYLE('',(#18961));
#18961 = FILL_AREA_STYLE_COLOUR('',#15799);
#18962 = CURVE_STYLE('',#18963,POSITIVE_LENGTH_MEASURE(0.1),#15799);
#18963 = DRAUGHTING_PRE_DEFINED_CURVE_FONT('continuous');
#18964 = STYLED_ITEM('color',(#18965),#6758);
#18965 = PRESENTATION_STYLE_ASSIGNMENT((#18966,#18971));
#18966 = SURFACE_STYLE_USAGE(.BOTH.,#18967);
#18967 = SURFACE_SIDE_STYLE('',(#18968));
#18968 = SURFACE_STYLE_FILL_AREA(#18969);
#18969 = FILL_AREA_STYLE('',(#18970));
#18970 = FILL_AREA_STYLE_COLOUR('',#15799);
#18971 = CURVE_STYLE('',#18972,POSITIVE_LENGTH_MEASURE(0.1),#15799);
#18972 = DRAUGHTING_PRE_DEFINED_CURVE_FONT('continuous');
#18973 = STYLED_ITEM('color',(#18974),#6843);
#18974 = PRESENTATION_STYLE_ASSIGNMENT((#18975,#18980));
#18975 = SURFACE_STYLE_USAGE(.BOTH.,#18976);
#18976 = SURFACE_SIDE_STYLE('',(#18977));
#18977 = SURFACE_STYLE_FILL_AREA(#18978);
#18978 = FILL_AREA_STYLE('',(#18979));
#18979 = FILL_AREA_STYLE_COLOUR('',#15799);
#18980 = CURVE_STYLE('',#18981,POSITIVE_LENGTH_MEASURE(0.1),#15799);
#18981 = DRAUGHTING_PRE_DEFINED_CURVE_FONT('continuous');
#18982 = STYLED_ITEM('color',(#18983),#6928);
#18983 = PRESENTATION_STYLE_ASSIGNMENT((#18984,#18989));
#18984 = SURFACE_STYLE_USAGE(.BOTH.,#18985);
#18985 = SURFACE_SIDE_STYLE('',(#18986));
#18986 = SURFACE_STYLE_FILL_AREA(#18987);
#18987 = FILL_AREA_STYLE('',(#18988));
#18988 = FILL_AREA_STYLE_COLOUR('',#15799);
#18989 = CURVE_STYLE('',#18990,POSITIVE_LENGTH_MEASURE(0.1),#15799);
#18990 = DRAUGHTING_PRE_DEFINED_CURVE_FONT('continuous');
#18991 = STYLED_ITEM('color',(#18992),#6945);
#18992 = PRESENTATION_STYLE_ASSIGNMENT((#18993,#18998));
#18993 = SURFACE_STYLE_USAGE(.BOTH.,#18994);
#18994 = SURFACE_SIDE_STYLE('',(#18995));
#18995 = SURFACE_STYLE_FILL_AREA(#18996);
#18996 = FILL_AREA_STYLE('',(#18997));
#18997 = FILL_AREA_STYLE_COLOUR('',#17602);
#18998 = CURVE_STYLE('',#18999,POSITIVE_LENGTH_MEASURE(0.1),#17602);
#18999 = DRAUGHTING_PRE_DEFINED_CURVE_FONT('continuous');
#19000 = STYLED_ITEM('color',(#19001),#6962);
#19001 = PRESENTATION_STYLE_ASSIGNMENT((#19002,#19007));
#19002 = SURFACE_STYLE_USAGE(.BOTH.,#19003);
#19003 = SURFACE_SIDE_STYLE('',(#19004));
#19004 = SURFACE_STYLE_FILL_AREA(#19005);
#19005 = FILL_AREA_STYLE('',(#19006));
#19006 = FILL_AREA_STYLE_COLOUR('',#15799);
#19007 = CURVE_STYLE('',#19008,POSITIVE_LENGTH_MEASURE(0.1),#15799);
#19008 = DRAUGHTING_PRE_DEFINED_CURVE_FONT('continuous');
#19009 = STYLED_ITEM('color',(#19010),#7054);
#19010 = PRESENTATION_STYLE_ASSIGNMENT((#19011,#19016));
#19011 = SURFACE_STYLE_USAGE(.BOTH.,#19012);
#19012 = SURFACE_SIDE_STYLE('',(#19013));
#19013 = SURFACE_STYLE_FILL_AREA(#19014);
#19014 = FILL_AREA_STYLE('',(#19015));
#19015 = FILL_AREA_STYLE_COLOUR('',#15799);
#19016 = CURVE_STYLE('',#19017,POSITIVE_LENGTH_MEASURE(0.1),#15799);
#19017 = DRAUGHTING_PRE_DEFINED_CURVE_FONT('continuous');
#19018 = STYLED_ITEM('color',(#19019),#7146);
#19019 = PRESENTATION_STYLE_ASSIGNMENT((#19020,#19025));
#19020 = SURFACE_STYLE_USAGE(.BOTH.,#19021);
#19021 = SURFACE_SIDE_STYLE('',(#19022));
#19022 = SURFACE_STYLE_FILL_AREA(#19023);
#19023 = FILL_AREA_STYLE('',(#19024));
#19024 = FILL_AREA_STYLE_COLOUR('',#15799);
#19025 = CURVE_STYLE('',#19026,POSITIVE_LENGTH_MEASURE(0.1),#15799);
#19026 = DRAUGHTING_PRE_DEFINED_CURVE_FONT('continuous');
#19027 = STYLED_ITEM('color',(#19028),#7163);
#19028 = PRESENTATION_STYLE_ASSIGNMENT((#19029,#19034));
#19029 = SURFACE_STYLE_USAGE(.BOTH.,#19030);
#19030 = SURFACE_SIDE_STYLE('',(#19031));
#19031 = SURFACE_STYLE_FILL_AREA(#19032);
#19032 = FILL_AREA_STYLE('',(#19033));
#19033 = FILL_AREA_STYLE_COLOUR('',#17602);
#19034 = CURVE_STYLE('',#19035,POSITIVE_LENGTH_MEASURE(0.1),#17602);
#19035 = DRAUGHTING_PRE_DEFINED_CURVE_FONT('continuous');
#19036 = STYLED_ITEM('color',(#19037),#7185);
#19037 = PRESENTATION_STYLE_ASSIGNMENT((#19038,#19043));
#19038 = SURFACE_STYLE_USAGE(.BOTH.,#19039);
#19039 = SURFACE_SIDE_STYLE('',(#19040));
#19040 = SURFACE_STYLE_FILL_AREA(#19041);
#19041 = FILL_AREA_STYLE('',(#19042));
#19042 = FILL_AREA_STYLE_COLOUR('',#15799);
#19043 = CURVE_STYLE('',#19044,POSITIVE_LENGTH_MEASURE(0.1),#15799);
#19044 = DRAUGHTING_PRE_DEFINED_CURVE_FONT('continuous');
#19045 = STYLED_ITEM('color',(#19046),#7277);
#19046 = PRESENTATION_STYLE_ASSIGNMENT((#19047,#19052));
#19047 = SURFACE_STYLE_USAGE(.BOTH.,#19048);
#19048 = SURFACE_SIDE_STYLE('',(#19049));
#19049 = SURFACE_STYLE_FILL_AREA(#19050);
#19050 = FILL_AREA_STYLE('',(#19051));
#19051 = FILL_AREA_STYLE_COLOUR('',#15799);
#19052 = CURVE_STYLE('',#19053,POSITIVE_LENGTH_MEASURE(0.1),#15799);
#19053 = DRAUGHTING_PRE_DEFINED_CURVE_FONT('continuous');
#19054 = STYLED_ITEM('color',(#19055),#7369);
#19055 = PRESENTATION_STYLE_ASSIGNMENT((#19056,#19061));
#19056 = SURFACE_STYLE_USAGE(.BOTH.,#19057);
#19057 = SURFACE_SIDE_STYLE('',(#19058));
#19058 = SURFACE_STYLE_FILL_AREA(#19059);
#19059 = FILL_AREA_STYLE('',(#19060));
#19060 = FILL_AREA_STYLE_COLOUR('',#15799);
#19061 = CURVE_STYLE('',#19062,POSITIVE_LENGTH_MEASURE(0.1),#15799);
#19062 = DRAUGHTING_PRE_DEFINED_CURVE_FONT('continuous');
#19063 = STYLED_ITEM('color',(#19064),#7386);
#19064 = PRESENTATION_STYLE_ASSIGNMENT((#19065,#19070));
#19065 = SURFACE_STYLE_USAGE(.BOTH.,#19066);
#19066 = SURFACE_SIDE_STYLE('',(#19067));
#19067 = SURFACE_STYLE_FILL_AREA(#19068);
#19068 = FILL_AREA_STYLE('',(#19069));
#19069 = FILL_AREA_STYLE_COLOUR('',#17602);
#19070 = CURVE_STYLE('',#19071,POSITIVE_LENGTH_MEASURE(0.1),#17602);
#19071 = DRAUGHTING_PRE_DEFINED_CURVE_FONT('continuous');
#19072 = STYLED_ITEM('color',(#19073),#7408);
#19073 = PRESENTATION_STYLE_ASSIGNMENT((#19074,#19079));
#19074 = SURFACE_STYLE_USAGE(.BOTH.,#19075);
#19075 = SURFACE_SIDE_STYLE('',(#19076));
#19076 = SURFACE_STYLE_FILL_AREA(#19077);
#19077 = FILL_AREA_STYLE('',(#19078));
#19078 = FILL_AREA_STYLE_COLOUR('',#15799);
#19079 = CURVE_STYLE('',#19080,POSITIVE_LENGTH_MEASURE(0.1),#15799);
#19080 = DRAUGHTING_PRE_DEFINED_CURVE_FONT('continuous');
#19081 = STYLED_ITEM('color',(#19082),#7500);
#19082 = PRESENTATION_STYLE_ASSIGNMENT((#19083,#19088));
#19083 = SURFACE_STYLE_USAGE(.BOTH.,#19084);
#19084 = SURFACE_SIDE_STYLE('',(#19085));
#19085 = SURFACE_STYLE_FILL_AREA(#19086);
#19086 = FILL_AREA_STYLE('',(#19087));
#19087 = FILL_AREA_STYLE_COLOUR('',#15799);
#19088 = CURVE_STYLE('',#19089,POSITIVE_LENGTH_MEASURE(0.1),#15799);
#19089 = DRAUGHTING_PRE_DEFINED_CURVE_FONT('continuous');
#19090 = STYLED_ITEM('color',(#19091),#7592);
#19091 = PRESENTATION_STYLE_ASSIGNMENT((#19092,#19097));
#19092 = SURFACE_STYLE_USAGE(.BOTH.,#19093);
#19093 = SURFACE_SIDE_STYLE('',(#19094));
#19094 = SURFACE_STYLE_FILL_AREA(#19095);
#19095 = FILL_AREA_STYLE('',(#19096));
#19096 = FILL_AREA_STYLE_COLOUR('',#15799);
#19097 = CURVE_STYLE('',#19098,POSITIVE_LENGTH_MEASURE(0.1),#15799);
#19098 = DRAUGHTING_PRE_DEFINED_CURVE_FONT('continuous');
#19099 = STYLED_ITEM('color',(#19100),#7609);
#19100 = PRESENTATION_STYLE_ASSIGNMENT((#19101,#19106));
#19101 = SURFACE_STYLE_USAGE(.BOTH.,#19102);
#19102 = SURFACE_SIDE_STYLE('',(#19103));
#19103 = SURFACE_STYLE_FILL_AREA(#19104);
#19104 = FILL_AREA_STYLE('',(#19105));
#19105 = FILL_AREA_STYLE_COLOUR('',#17602);
#19106 = CURVE_STYLE('',#19107,POSITIVE_LENGTH_MEASURE(0.1),#17602);
#19107 = DRAUGHTING_PRE_DEFINED_CURVE_FONT('continuous');
#19108 = STYLED_ITEM('color',(#19109),#7631);
#19109 = PRESENTATION_STYLE_ASSIGNMENT((#19110,#19115));
#19110 = SURFACE_STYLE_USAGE(.BOTH.,#19111);
#19111 = SURFACE_SIDE_STYLE('',(#19112));
#19112 = SURFACE_STYLE_FILL_AREA(#19113);
#19113 = FILL_AREA_STYLE('',(#19114));
#19114 = FILL_AREA_STYLE_COLOUR('',#15799);
#19115 = CURVE_STYLE('',#19116,POSITIVE_LENGTH_MEASURE(0.1),#15799);
#19116 = DRAUGHTING_PRE_DEFINED_CURVE_FONT('continuous');
#19117 = STYLED_ITEM('color',(#19118),#7723);
#19118 = PRESENTATION_STYLE_ASSIGNMENT((#19119,#19124));
#19119 = SURFACE_STYLE_USAGE(.BOTH.,#19120);
#19120 = SURFACE_SIDE_STYLE('',(#19121));
#19121 = SURFACE_STYLE_FILL_AREA(#19122);
#19122 = FILL_AREA_STYLE('',(#19123));
#19123 = FILL_AREA_STYLE_COLOUR('',#15799);
#19124 = CURVE_STYLE('',#19125,POSITIVE_LENGTH_MEASURE(0.1),#15799);
#19125 = DRAUGHTING_PRE_DEFINED_CURVE_FONT('continuous');
#19126 = STYLED_ITEM('color',(#19127),#7815);
#19127 = PRESENTATION_STYLE_ASSIGNMENT((#19128,#19133));
#19128 = SURFACE_STYLE_USAGE(.BOTH.,#19129);
#19129 = SURFACE_SIDE_STYLE('',(#19130));
#19130 = SURFACE_STYLE_FILL_AREA(#19131);
#19131 = FILL_AREA_STYLE('',(#19132));
#19132 = FILL_AREA_STYLE_COLOUR('',#15799);
#19133 = CURVE_STYLE('',#19134,POSITIVE_LENGTH_MEASURE(0.1),#15799);
#19134 = DRAUGHTING_PRE_DEFINED_CURVE_FONT('continuous');
#19135 = STYLED_ITEM('color',(#19136),#7832);
#19136 = PRESENTATION_STYLE_ASSIGNMENT((#19137,#19142));
#19137 = SURFACE_STYLE_USAGE(.BOTH.,#19138);
#19138 = SURFACE_SIDE_STYLE('',(#19139));
#19139 = SURFACE_STYLE_FILL_AREA(#19140);
#19140 = FILL_AREA_STYLE('',(#19141));
#19141 = FILL_AREA_STYLE_COLOUR('',#17602);
#19142 = CURVE_STYLE('',#19143,POSITIVE_LENGTH_MEASURE(0.1),#17602);
#19143 = DRAUGHTING_PRE_DEFINED_CURVE_FONT('continuous');
#19144 = STYLED_ITEM('color',(#19145),#7854);
#19145 = PRESENTATION_STYLE_ASSIGNMENT((#19146,#19151));
#19146 = SURFACE_STYLE_USAGE(.BOTH.,#19147);
#19147 = SURFACE_SIDE_STYLE('',(#19148));
#19148 = SURFACE_STYLE_FILL_AREA(#19149);
#19149 = FILL_AREA_STYLE('',(#19150));
#19150 = FILL_AREA_STYLE_COLOUR('',#15799);
#19151 = CURVE_STYLE('',#19152,POSITIVE_LENGTH_MEASURE(0.1),#15799);
#19152 = DRAUGHTING_PRE_DEFINED_CURVE_FONT('continuous');
#19153 = STYLED_ITEM('color',(#19154),#7946);
#19154 = PRESENTATION_STYLE_ASSIGNMENT((#19155,#19160));
#19155 = SURFACE_STYLE_USAGE(.BOTH.,#19156);
#19156 = SURFACE_SIDE_STYLE('',(#19157));
#19157 = SURFACE_STYLE_FILL_AREA(#19158);
#19158 = FILL_AREA_STYLE('',(#19159));
#19159 = FILL_AREA_STYLE_COLOUR('',#15799);
#19160 = CURVE_STYLE('',#19161,POSITIVE_LENGTH_MEASURE(0.1),#15799);
#19161 = DRAUGHTING_PRE_DEFINED_CURVE_FONT('continuous');
#19162 = STYLED_ITEM('color',(#19163),#8038);
#19163 = PRESENTATION_STYLE_ASSIGNMENT((#19164,#19169));
#19164 = SURFACE_STYLE_USAGE(.BOTH.,#19165);
#19165 = SURFACE_SIDE_STYLE('',(#19166));
#19166 = SURFACE_STYLE_FILL_AREA(#19167);
#19167 = FILL_AREA_STYLE('',(#19168));
#19168 = FILL_AREA_STYLE_COLOUR('',#15799);
#19169 = CURVE_STYLE('',#19170,POSITIVE_LENGTH_MEASURE(0.1),#15799);
#19170 = DRAUGHTING_PRE_DEFINED_CURVE_FONT('continuous');
#19171 = STYLED_ITEM('color',(#19172),#8055);
#19172 = PRESENTATION_STYLE_ASSIGNMENT((#19173,#19178));
#19173 = SURFACE_STYLE_USAGE(.BOTH.,#19174);
#19174 = SURFACE_SIDE_STYLE('',(#19175));
#19175 = SURFACE_STYLE_FILL_AREA(#19176);
#19176 = FILL_AREA_STYLE('',(#19177));
#19177 = FILL_AREA_STYLE_COLOUR('',#17602);
#19178 = CURVE_STYLE('',#19179,POSITIVE_LENGTH_MEASURE(0.1),#17602);
#19179 = DRAUGHTING_PRE_DEFINED_CURVE_FONT('continuous');
#19180 = STYLED_ITEM('color',(#19181),#8077);
#19181 = PRESENTATION_STYLE_ASSIGNMENT((#19182,#19187));
#19182 = SURFACE_STYLE_USAGE(.BOTH.,#19183);
#19183 = SURFACE_SIDE_STYLE('',(#19184));
#19184 = SURFACE_STYLE_FILL_AREA(#19185);
#19185 = FILL_AREA_STYLE('',(#19186));
#19186 = FILL_AREA_STYLE_COLOUR('',#15799);
#19187 = CURVE_STYLE('',#19188,POSITIVE_LENGTH_MEASURE(0.1),#15799);
#19188 = DRAUGHTING_PRE_DEFINED_CURVE_FONT('continuous');
#19189 = STYLED_ITEM('color',(#19190),#8169);
#19190 = PRESENTATION_STYLE_ASSIGNMENT((#19191,#19196));
#19191 = SURFACE_STYLE_USAGE(.BOTH.,#19192);
#19192 = SURFACE_SIDE_STYLE('',(#19193));
#19193 = SURFACE_STYLE_FILL_AREA(#19194);
#19194 = FILL_AREA_STYLE('',(#19195));
#19195 = FILL_AREA_STYLE_COLOUR('',#15799);
#19196 = CURVE_STYLE('',#19197,POSITIVE_LENGTH_MEASURE(0.1),#15799);
#19197 = DRAUGHTING_PRE_DEFINED_CURVE_FONT('continuous');
#19198 = STYLED_ITEM('color',(#19199),#8261);
#19199 = PRESENTATION_STYLE_ASSIGNMENT((#19200,#19205));
#19200 = SURFACE_STYLE_USAGE(.BOTH.,#19201);
#19201 = SURFACE_SIDE_STYLE('',(#19202));
#19202 = SURFACE_STYLE_FILL_AREA(#19203);
#19203 = FILL_AREA_STYLE('',(#19204));
#19204 = FILL_AREA_STYLE_COLOUR('',#15799);
#19205 = CURVE_STYLE('',#19206,POSITIVE_LENGTH_MEASURE(0.1),#15799);
#19206 = DRAUGHTING_PRE_DEFINED_CURVE_FONT('continuous');
#19207 = STYLED_ITEM('color',(#19208),#8278);
#19208 = PRESENTATION_STYLE_ASSIGNMENT((#19209,#19214));
#19209 = SURFACE_STYLE_USAGE(.BOTH.,#19210);
#19210 = SURFACE_SIDE_STYLE('',(#19211));
#19211 = SURFACE_STYLE_FILL_AREA(#19212);
#19212 = FILL_AREA_STYLE('',(#19213));
#19213 = FILL_AREA_STYLE_COLOUR('',#17602);
#19214 = CURVE_STYLE('',#19215,POSITIVE_LENGTH_MEASURE(0.1),#17602);
#19215 = DRAUGHTING_PRE_DEFINED_CURVE_FONT('continuous');
#19216 = STYLED_ITEM('color',(#19217),#8295);
#19217 = PRESENTATION_STYLE_ASSIGNMENT((#19218,#19223));
#19218 = SURFACE_STYLE_USAGE(.BOTH.,#19219);
#19219 = SURFACE_SIDE_STYLE('',(#19220));
#19220 = SURFACE_STYLE_FILL_AREA(#19221);
#19221 = FILL_AREA_STYLE('',(#19222));
#19222 = FILL_AREA_STYLE_COLOUR('',#15799);
#19223 = CURVE_STYLE('',#19224,POSITIVE_LENGTH_MEASURE(0.1),#15799);
#19224 = DRAUGHTING_PRE_DEFINED_CURVE_FONT('continuous');
#19225 = STYLED_ITEM('color',(#19226),#8380);
#19226 = PRESENTATION_STYLE_ASSIGNMENT((#19227,#19232));
#19227 = SURFACE_STYLE_USAGE(.BOTH.,#19228);
#19228 = SURFACE_SIDE_STYLE('',(#19229));
#19229 = SURFACE_STYLE_FILL_AREA(#19230);
#19230 = FILL_AREA_STYLE('',(#19231));
#19231 = FILL_AREA_STYLE_COLOUR('',#15799);
#19232 = CURVE_STYLE('',#19233,POSITIVE_LENGTH_MEASURE(0.1),#15799);
#19233 = DRAUGHTING_PRE_DEFINED_CURVE_FONT('continuous');
#19234 = STYLED_ITEM('color',(#19235),#8465);
#19235 = PRESENTATION_STYLE_ASSIGNMENT((#19236,#19241));
#19236 = SURFACE_STYLE_USAGE(.BOTH.,#19237);
#19237 = SURFACE_SIDE_STYLE('',(#19238));
#19238 = SURFACE_STYLE_FILL_AREA(#19239);
#19239 = FILL_AREA_STYLE('',(#19240));
#19240 = FILL_AREA_STYLE_COLOUR('',#15799);
#19241 = CURVE_STYLE('',#19242,POSITIVE_LENGTH_MEASURE(0.1),#15799);
#19242 = DRAUGHTING_PRE_DEFINED_CURVE_FONT('continuous');
#19243 = STYLED_ITEM('color',(#19244),#8482);
#19244 = PRESENTATION_STYLE_ASSIGNMENT((#19245,#19250));
#19245 = SURFACE_STYLE_USAGE(.BOTH.,#19246);
#19246 = SURFACE_SIDE_STYLE('',(#19247));
#19247 = SURFACE_STYLE_FILL_AREA(#19248);
#19248 = FILL_AREA_STYLE('',(#19249));
#19249 = FILL_AREA_STYLE_COLOUR('',#15799);
#19250 = CURVE_STYLE('',#19251,POSITIVE_LENGTH_MEASURE(0.1),#15799);
#19251 = DRAUGHTING_PRE_DEFINED_CURVE_FONT('continuous');
#19252 = STYLED_ITEM('color',(#19253),#8499);
#19253 = PRESENTATION_STYLE_ASSIGNMENT((#19254,#19259));
#19254 = SURFACE_STYLE_USAGE(.BOTH.,#19255);
#19255 = SURFACE_SIDE_STYLE('',(#19256));
#19256 = SURFACE_STYLE_FILL_AREA(#19257);
#19257 = FILL_AREA_STYLE('',(#19258));
#19258 = FILL_AREA_STYLE_COLOUR('',#15799);
#19259 = CURVE_STYLE('',#19260,POSITIVE_LENGTH_MEASURE(0.1),#15799);
#19260 = DRAUGHTING_PRE_DEFINED_CURVE_FONT('continuous');
#19261 = STYLED_ITEM('color',(#19262),#8518);
#19262 = PRESENTATION_STYLE_ASSIGNMENT((#19263,#19268));
#19263 = SURFACE_STYLE_USAGE(.BOTH.,#19264);
#19264 = SURFACE_SIDE_STYLE('',(#19265));
#19265 = SURFACE_STYLE_FILL_AREA(#19266);
#19266 = FILL_AREA_STYLE('',(#19267));
#19267 = FILL_AREA_STYLE_COLOUR('',#15799);
#19268 = CURVE_STYLE('',#19269,POSITIVE_LENGTH_MEASURE(0.1),#15799);
#19269 = DRAUGHTING_PRE_DEFINED_CURVE_FONT('continuous');
#19270 = STYLED_ITEM('color',(#19271),#8537);
#19271 = PRESENTATION_STYLE_ASSIGNMENT((#19272,#19277));
#19272 = SURFACE_STYLE_USAGE(.BOTH.,#19273);
#19273 = SURFACE_SIDE_STYLE('',(#19274));
#19274 = SURFACE_STYLE_FILL_AREA(#19275);
#19275 = FILL_AREA_STYLE('',(#19276));
#19276 = FILL_AREA_STYLE_COLOUR('',#15799);
#19277 = CURVE_STYLE('',#19278,POSITIVE_LENGTH_MEASURE(0.1),#15799);
#19278 = DRAUGHTING_PRE_DEFINED_CURVE_FONT('continuous');
#19279 = STYLED_ITEM('color',(#19280),#8556);
#19280 = PRESENTATION_STYLE_ASSIGNMENT((#19281,#19286));
#19281 = SURFACE_STYLE_USAGE(.BOTH.,#19282);
#19282 = SURFACE_SIDE_STYLE('',(#19283));
#19283 = SURFACE_STYLE_FILL_AREA(#19284);
#19284 = FILL_AREA_STYLE('',(#19285));
#19285 = FILL_AREA_STYLE_COLOUR('',#15799);
#19286 = CURVE_STYLE('',#19287,POSITIVE_LENGTH_MEASURE(0.1),#15799);
#19287 = DRAUGHTING_PRE_DEFINED_CURVE_FONT('continuous');
#19288 = STYLED_ITEM('color',(#19289),#8575);
#19289 = PRESENTATION_STYLE_ASSIGNMENT((#19290,#19295));
#19290 = SURFACE_STYLE_USAGE(.BOTH.,#19291);
#19291 = SURFACE_SIDE_STYLE('',(#19292));
#19292 = SURFACE_STYLE_FILL_AREA(#19293);
#19293 = FILL_AREA_STYLE('',(#19294));
#19294 = FILL_AREA_STYLE_COLOUR('',#15799);
#19295 = CURVE_STYLE('',#19296,POSITIVE_LENGTH_MEASURE(0.1),#15799);
#19296 = DRAUGHTING_PRE_DEFINED_CURVE_FONT('continuous');
#19297 = STYLED_ITEM('color',(#19298),#8594);
#19298 = PRESENTATION_STYLE_ASSIGNMENT((#19299,#19304));
#19299 = SURFACE_STYLE_USAGE(.BOTH.,#19300);
#19300 = SURFACE_SIDE_STYLE('',(#19301));
#19301 = SURFACE_STYLE_FILL_AREA(#19302);
#19302 = FILL_AREA_STYLE('',(#19303));
#19303 = FILL_AREA_STYLE_COLOUR('',#15799);
#19304 = CURVE_STYLE('',#19305,POSITIVE_LENGTH_MEASURE(0.1),#15799);
#19305 = DRAUGHTING_PRE_DEFINED_CURVE_FONT('continuous');
#19306 = STYLED_ITEM('color',(#19307),#8613);
#19307 = PRESENTATION_STYLE_ASSIGNMENT((#19308,#19313));
#19308 = SURFACE_STYLE_USAGE(.BOTH.,#19309);
#19309 = SURFACE_SIDE_STYLE('',(#19310));
#19310 = SURFACE_STYLE_FILL_AREA(#19311);
#19311 = FILL_AREA_STYLE('',(#19312));
#19312 = FILL_AREA_STYLE_COLOUR('',#17602);
#19313 = CURVE_STYLE('',#19314,POSITIVE_LENGTH_MEASURE(0.1),#17602);
#19314 = DRAUGHTING_PRE_DEFINED_CURVE_FONT('continuous');
#19315 = STYLED_ITEM('color',(#19316),#8636);
#19316 = PRESENTATION_STYLE_ASSIGNMENT((#19317,#19322));
#19317 = SURFACE_STYLE_USAGE(.BOTH.,#19318);
#19318 = SURFACE_SIDE_STYLE('',(#19319));
#19319 = SURFACE_STYLE_FILL_AREA(#19320);
#19320 = FILL_AREA_STYLE('',(#19321));
#19321 = FILL_AREA_STYLE_COLOUR('',#15799);
#19322 = CURVE_STYLE('',#19323,POSITIVE_LENGTH_MEASURE(0.1),#15799);
#19323 = DRAUGHTING_PRE_DEFINED_CURVE_FONT('continuous');
#19324 = STYLED_ITEM('color',(#19325),#8653);
#19325 = PRESENTATION_STYLE_ASSIGNMENT((#19326,#19331));
#19326 = SURFACE_STYLE_USAGE(.BOTH.,#19327);
#19327 = SURFACE_SIDE_STYLE('',(#19328));
#19328 = SURFACE_STYLE_FILL_AREA(#19329);
#19329 = FILL_AREA_STYLE('',(#19330));
#19330 = FILL_AREA_STYLE_COLOUR('',#15799);
#19331 = CURVE_STYLE('',#19332,POSITIVE_LENGTH_MEASURE(0.1),#15799);
#19332 = DRAUGHTING_PRE_DEFINED_CURVE_FONT('continuous');
#19333 = STYLED_ITEM('color',(#19334),#8670);
#19334 = PRESENTATION_STYLE_ASSIGNMENT((#19335,#19340));
#19335 = SURFACE_STYLE_USAGE(.BOTH.,#19336);
#19336 = SURFACE_SIDE_STYLE('',(#19337));
#19337 = SURFACE_STYLE_FILL_AREA(#19338);
#19338 = FILL_AREA_STYLE('',(#19339));
#19339 = FILL_AREA_STYLE_COLOUR('',#15799);
#19340 = CURVE_STYLE('',#19341,POSITIVE_LENGTH_MEASURE(0.1),#15799);
#19341 = DRAUGHTING_PRE_DEFINED_CURVE_FONT('continuous');
#19342 = STYLED_ITEM('color',(#19343),#8687);
#19343 = PRESENTATION_STYLE_ASSIGNMENT((#19344,#19349));
#19344 = SURFACE_STYLE_USAGE(.BOTH.,#19345);
#19345 = SURFACE_SIDE_STYLE('',(#19346));
#19346 = SURFACE_STYLE_FILL_AREA(#19347);
#19347 = FILL_AREA_STYLE('',(#19348));
#19348 = FILL_AREA_STYLE_COLOUR('',#15799);
#19349 = CURVE_STYLE('',#19350,POSITIVE_LENGTH_MEASURE(0.1),#15799);
#19350 = DRAUGHTING_PRE_DEFINED_CURVE_FONT('continuous');
#19351 = STYLED_ITEM('color',(#19352),#8704);
#19352 = PRESENTATION_STYLE_ASSIGNMENT((#19353,#19358));
#19353 = SURFACE_STYLE_USAGE(.BOTH.,#19354);
#19354 = SURFACE_SIDE_STYLE('',(#19355));
#19355 = SURFACE_STYLE_FILL_AREA(#19356);
#19356 = FILL_AREA_STYLE('',(#19357));
#19357 = FILL_AREA_STYLE_COLOUR('',#15799);
#19358 = CURVE_STYLE('',#19359,POSITIVE_LENGTH_MEASURE(0.1),#15799);
#19359 = DRAUGHTING_PRE_DEFINED_CURVE_FONT('continuous');
#19360 = STYLED_ITEM('color',(#19361),#8721);
#19361 = PRESENTATION_STYLE_ASSIGNMENT((#19362,#19367));
#19362 = SURFACE_STYLE_USAGE(.BOTH.,#19363);
#19363 = SURFACE_SIDE_STYLE('',(#19364));
#19364 = SURFACE_STYLE_FILL_AREA(#19365);
#19365 = FILL_AREA_STYLE('',(#19366));
#19366 = FILL_AREA_STYLE_COLOUR('',#15799);
#19367 = CURVE_STYLE('',#19368,POSITIVE_LENGTH_MEASURE(0.1),#15799);
#19368 = DRAUGHTING_PRE_DEFINED_CURVE_FONT('continuous');
#19369 = STYLED_ITEM('color',(#19370),#8738);
#19370 = PRESENTATION_STYLE_ASSIGNMENT((#19371,#19376));
#19371 = SURFACE_STYLE_USAGE(.BOTH.,#19372);
#19372 = SURFACE_SIDE_STYLE('',(#19373));
#19373 = SURFACE_STYLE_FILL_AREA(#19374);
#19374 = FILL_AREA_STYLE('',(#19375));
#19375 = FILL_AREA_STYLE_COLOUR('',#15799);
#19376 = CURVE_STYLE('',#19377,POSITIVE_LENGTH_MEASURE(0.1),#15799);
#19377 = DRAUGHTING_PRE_DEFINED_CURVE_FONT('continuous');
#19378 = STYLED_ITEM('color',(#19379),#8755);
#19379 = PRESENTATION_STYLE_ASSIGNMENT((#19380,#19385));
#19380 = SURFACE_STYLE_USAGE(.BOTH.,#19381);
#19381 = SURFACE_SIDE_STYLE('',(#19382));
#19382 = SURFACE_STYLE_FILL_AREA(#19383);
#19383 = FILL_AREA_STYLE('',(#19384));
#19384 = FILL_AREA_STYLE_COLOUR('',#15799);
#19385 = CURVE_STYLE('',#19386,POSITIVE_LENGTH_MEASURE(0.1),#15799);
#19386 = DRAUGHTING_PRE_DEFINED_CURVE_FONT('continuous');
#19387 = STYLED_ITEM('color',(#19388),#8767);
#19388 = PRESENTATION_STYLE_ASSIGNMENT((#19389,#19394));
#19389 = SURFACE_STYLE_USAGE(.BOTH.,#19390);
#19390 = SURFACE_SIDE_STYLE('',(#19391));
#19391 = SURFACE_STYLE_FILL_AREA(#19392);
#19392 = FILL_AREA_STYLE('',(#19393));
#19393 = FILL_AREA_STYLE_COLOUR('',#15799);
#19394 = CURVE_STYLE('',#19395,POSITIVE_LENGTH_MEASURE(0.1),#15799);
#19395 = DRAUGHTING_PRE_DEFINED_CURVE_FONT('continuous');
#19396 = STYLED_ITEM('color',(#19397),#8784);
#19397 = PRESENTATION_STYLE_ASSIGNMENT((#19398,#19403));
#19398 = SURFACE_STYLE_USAGE(.BOTH.,#19399);
#19399 = SURFACE_SIDE_STYLE('',(#19400));
#19400 = SURFACE_STYLE_FILL_AREA(#19401);
#19401 = FILL_AREA_STYLE('',(#19402));
#19402 = FILL_AREA_STYLE_COLOUR('',#15799);
#19403 = CURVE_STYLE('',#19404,POSITIVE_LENGTH_MEASURE(0.1),#15799);
#19404 = DRAUGHTING_PRE_DEFINED_CURVE_FONT('continuous');
#19405 = STYLED_ITEM('color',(#19406),#8801);
#19406 = PRESENTATION_STYLE_ASSIGNMENT((#19407,#19412));
#19407 = SURFACE_STYLE_USAGE(.BOTH.,#19408);
#19408 = SURFACE_SIDE_STYLE('',(#19409));
#19409 = SURFACE_STYLE_FILL_AREA(#19410);
#19410 = FILL_AREA_STYLE('',(#19411));
#19411 = FILL_AREA_STYLE_COLOUR('',#15799);
#19412 = CURVE_STYLE('',#19413,POSITIVE_LENGTH_MEASURE(0.1),#15799);
#19413 = DRAUGHTING_PRE_DEFINED_CURVE_FONT('continuous');
#19414 = STYLED_ITEM('color',(#19415),#8818);
#19415 = PRESENTATION_STYLE_ASSIGNMENT((#19416,#19421));
#19416 = SURFACE_STYLE_USAGE(.BOTH.,#19417);
#19417 = SURFACE_SIDE_STYLE('',(#19418));
#19418 = SURFACE_STYLE_FILL_AREA(#19419);
#19419 = FILL_AREA_STYLE('',(#19420));
#19420 = FILL_AREA_STYLE_COLOUR('',#15799);
#19421 = CURVE_STYLE('',#19422,POSITIVE_LENGTH_MEASURE(0.1),#15799);
#19422 = DRAUGHTING_PRE_DEFINED_CURVE_FONT('continuous');
#19423 = STYLED_ITEM('color',(#19424),#8835);
#19424 = PRESENTATION_STYLE_ASSIGNMENT((#19425,#19430));
#19425 = SURFACE_STYLE_USAGE(.BOTH.,#19426);
#19426 = SURFACE_SIDE_STYLE('',(#19427));
#19427 = SURFACE_STYLE_FILL_AREA(#19428);
#19428 = FILL_AREA_STYLE('',(#19429));
#19429 = FILL_AREA_STYLE_COLOUR('',#15799);
#19430 = CURVE_STYLE('',#19431,POSITIVE_LENGTH_MEASURE(0.1),#15799);
#19431 = DRAUGHTING_PRE_DEFINED_CURVE_FONT('continuous');
#19432 = STYLED_ITEM('color',(#19433),#8852);
#19433 = PRESENTATION_STYLE_ASSIGNMENT((#19434,#19439));
#19434 = SURFACE_STYLE_USAGE(.BOTH.,#19435);
#19435 = SURFACE_SIDE_STYLE('',(#19436));
#19436 = SURFACE_STYLE_FILL_AREA(#19437);
#19437 = FILL_AREA_STYLE('',(#19438));
#19438 = FILL_AREA_STYLE_COLOUR('',#15799);
#19439 = CURVE_STYLE('',#19440,POSITIVE_LENGTH_MEASURE(0.1),#15799);
#19440 = DRAUGHTING_PRE_DEFINED_CURVE_FONT('continuous');
#19441 = STYLED_ITEM('color',(#19442),#8869);
#19442 = PRESENTATION_STYLE_ASSIGNMENT((#19443,#19448));
#19443 = SURFACE_STYLE_USAGE(.BOTH.,#19444);
#19444 = SURFACE_SIDE_STYLE('',(#19445));
#19445 = SURFACE_STYLE_FILL_AREA(#19446);
#19446 = FILL_AREA_STYLE('',(#19447));
#19447 = FILL_AREA_STYLE_COLOUR('',#15799);
#19448 = CURVE_STYLE('',#19449,POSITIVE_LENGTH_MEASURE(0.1),#15799);
#19449 = DRAUGHTING_PRE_DEFINED_CURVE_FONT('continuous');
#19450 = STYLED_ITEM('color',(#19451),#8886);
#19451 = PRESENTATION_STYLE_ASSIGNMENT((#19452,#19457));
#19452 = SURFACE_STYLE_USAGE(.BOTH.,#19453);
#19453 = SURFACE_SIDE_STYLE('',(#19454));
#19454 = SURFACE_STYLE_FILL_AREA(#19455);
#19455 = FILL_AREA_STYLE('',(#19456));
#19456 = FILL_AREA_STYLE_COLOUR('',#15799);
#19457 = CURVE_STYLE('',#19458,POSITIVE_LENGTH_MEASURE(0.1),#15799);
#19458 = DRAUGHTING_PRE_DEFINED_CURVE_FONT('continuous');
#19459 = STYLED_ITEM('color',(#19460),#8898);
#19460 = PRESENTATION_STYLE_ASSIGNMENT((#19461,#19466));
#19461 = SURFACE_STYLE_USAGE(.BOTH.,#19462);
#19462 = SURFACE_SIDE_STYLE('',(#19463));
#19463 = SURFACE_STYLE_FILL_AREA(#19464);
#19464 = FILL_AREA_STYLE('',(#19465));
#19465 = FILL_AREA_STYLE_COLOUR('',#15799);
#19466 = CURVE_STYLE('',#19467,POSITIVE_LENGTH_MEASURE(0.1),#15799);
#19467 = DRAUGHTING_PRE_DEFINED_CURVE_FONT('continuous');
#19468 = STYLED_ITEM('color',(#19469),#8915);
#19469 = PRESENTATION_STYLE_ASSIGNMENT((#19470,#19475));
#19470 = SURFACE_STYLE_USAGE(.BOTH.,#19471);
#19471 = SURFACE_SIDE_STYLE('',(#19472));
#19472 = SURFACE_STYLE_FILL_AREA(#19473);
#19473 = FILL_AREA_STYLE('',(#19474));
#19474 = FILL_AREA_STYLE_COLOUR('',#15799);
#19475 = CURVE_STYLE('',#19476,POSITIVE_LENGTH_MEASURE(0.1),#15799);
#19476 = DRAUGHTING_PRE_DEFINED_CURVE_FONT('continuous');
#19477 = STYLED_ITEM('color',(#19478),#8932);
#19478 = PRESENTATION_STYLE_ASSIGNMENT((#19479,#19484));
#19479 = SURFACE_STYLE_USAGE(.BOTH.,#19480);
#19480 = SURFACE_SIDE_STYLE('',(#19481));
#19481 = SURFACE_STYLE_FILL_AREA(#19482);
#19482 = FILL_AREA_STYLE('',(#19483));
#19483 = FILL_AREA_STYLE_COLOUR('',#15799);
#19484 = CURVE_STYLE('',#19485,POSITIVE_LENGTH_MEASURE(0.1),#15799);
#19485 = DRAUGHTING_PRE_DEFINED_CURVE_FONT('continuous');
#19486 = STYLED_ITEM('color',(#19487),#8949);
#19487 = PRESENTATION_STYLE_ASSIGNMENT((#19488,#19493));
#19488 = SURFACE_STYLE_USAGE(.BOTH.,#19489);
#19489 = SURFACE_SIDE_STYLE('',(#19490));
#19490 = SURFACE_STYLE_FILL_AREA(#19491);
#19491 = FILL_AREA_STYLE('',(#19492));
#19492 = FILL_AREA_STYLE_COLOUR('',#15799);
#19493 = CURVE_STYLE('',#19494,POSITIVE_LENGTH_MEASURE(0.1),#15799);
#19494 = DRAUGHTING_PRE_DEFINED_CURVE_FONT('continuous');
#19495 = STYLED_ITEM('color',(#19496),#8966);
#19496 = PRESENTATION_STYLE_ASSIGNMENT((#19497,#19502));
#19497 = SURFACE_STYLE_USAGE(.BOTH.,#19498);
#19498 = SURFACE_SIDE_STYLE('',(#19499));
#19499 = SURFACE_STYLE_FILL_AREA(#19500);
#19500 = FILL_AREA_STYLE('',(#19501));
#19501 = FILL_AREA_STYLE_COLOUR('',#15799);
#19502 = CURVE_STYLE('',#19503,POSITIVE_LENGTH_MEASURE(0.1),#15799);
#19503 = DRAUGHTING_PRE_DEFINED_CURVE_FONT('continuous');
#19504 = STYLED_ITEM('color',(#19505),#8983);
#19505 = PRESENTATION_STYLE_ASSIGNMENT((#19506,#19511));
#19506 = SURFACE_STYLE_USAGE(.BOTH.,#19507);
#19507 = SURFACE_SIDE_STYLE('',(#19508));
#19508 = SURFACE_STYLE_FILL_AREA(#19509);
#19509 = FILL_AREA_STYLE('',(#19510));
#19510 = FILL_AREA_STYLE_COLOUR('',#15799);
#19511 = CURVE_STYLE('',#19512,POSITIVE_LENGTH_MEASURE(0.1),#15799);
#19512 = DRAUGHTING_PRE_DEFINED_CURVE_FONT('continuous');
#19513 = STYLED_ITEM('color',(#19514),#9000);
#19514 = PRESENTATION_STYLE_ASSIGNMENT((#19515,#19520));
#19515 = SURFACE_STYLE_USAGE(.BOTH.,#19516);
#19516 = SURFACE_SIDE_STYLE('',(#19517));
#19517 = SURFACE_STYLE_FILL_AREA(#19518);
#19518 = FILL_AREA_STYLE('',(#19519));
#19519 = FILL_AREA_STYLE_COLOUR('',#15799);
#19520 = CURVE_STYLE('',#19521,POSITIVE_LENGTH_MEASURE(0.1),#15799);
#19521 = DRAUGHTING_PRE_DEFINED_CURVE_FONT('continuous');
#19522 = STYLED_ITEM('color',(#19523),#9017);
#19523 = PRESENTATION_STYLE_ASSIGNMENT((#19524,#19529));
#19524 = SURFACE_STYLE_USAGE(.BOTH.,#19525);
#19525 = SURFACE_SIDE_STYLE('',(#19526));
#19526 = SURFACE_STYLE_FILL_AREA(#19527);
#19527 = FILL_AREA_STYLE('',(#19528));
#19528 = FILL_AREA_STYLE_COLOUR('',#15799);
#19529 = CURVE_STYLE('',#19530,POSITIVE_LENGTH_MEASURE(0.1),#15799);
#19530 = DRAUGHTING_PRE_DEFINED_CURVE_FONT('continuous');
#19531 = STYLED_ITEM('color',(#19532),#9029);
#19532 = PRESENTATION_STYLE_ASSIGNMENT((#19533,#19538));
#19533 = SURFACE_STYLE_USAGE(.BOTH.,#19534);
#19534 = SURFACE_SIDE_STYLE('',(#19535));
#19535 = SURFACE_STYLE_FILL_AREA(#19536);
#19536 = FILL_AREA_STYLE('',(#19537));
#19537 = FILL_AREA_STYLE_COLOUR('',#15799);
#19538 = CURVE_STYLE('',#19539,POSITIVE_LENGTH_MEASURE(0.1),#15799);
#19539 = DRAUGHTING_PRE_DEFINED_CURVE_FONT('continuous');
#19540 = STYLED_ITEM('color',(#19541),#9046);
#19541 = PRESENTATION_STYLE_ASSIGNMENT((#19542,#19547));
#19542 = SURFACE_STYLE_USAGE(.BOTH.,#19543);
#19543 = SURFACE_SIDE_STYLE('',(#19544));
#19544 = SURFACE_STYLE_FILL_AREA(#19545);
#19545 = FILL_AREA_STYLE('',(#19546));
#19546 = FILL_AREA_STYLE_COLOUR('',#15799);
#19547 = CURVE_STYLE('',#19548,POSITIVE_LENGTH_MEASURE(0.1),#15799);
#19548 = DRAUGHTING_PRE_DEFINED_CURVE_FONT('continuous');
#19549 = STYLED_ITEM('color',(#19550),#9063);
#19550 = PRESENTATION_STYLE_ASSIGNMENT((#19551,#19556));
#19551 = SURFACE_STYLE_USAGE(.BOTH.,#19552);
#19552 = SURFACE_SIDE_STYLE('',(#19553));
#19553 = SURFACE_STYLE_FILL_AREA(#19554);
#19554 = FILL_AREA_STYLE('',(#19555));
#19555 = FILL_AREA_STYLE_COLOUR('',#15799);
#19556 = CURVE_STYLE('',#19557,POSITIVE_LENGTH_MEASURE(0.1),#15799);
#19557 = DRAUGHTING_PRE_DEFINED_CURVE_FONT('continuous');
#19558 = STYLED_ITEM('color',(#19559),#9080);
#19559 = PRESENTATION_STYLE_ASSIGNMENT((#19560,#19565));
#19560 = SURFACE_STYLE_USAGE(.BOTH.,#19561);
#19561 = SURFACE_SIDE_STYLE('',(#19562));
#19562 = SURFACE_STYLE_FILL_AREA(#19563);
#19563 = FILL_AREA_STYLE('',(#19564));
#19564 = FILL_AREA_STYLE_COLOUR('',#15799);
#19565 = CURVE_STYLE('',#19566,POSITIVE_LENGTH_MEASURE(0.1),#15799);
#19566 = DRAUGHTING_PRE_DEFINED_CURVE_FONT('continuous');
#19567 = STYLED_ITEM('color',(#19568),#9097);
#19568 = PRESENTATION_STYLE_ASSIGNMENT((#19569,#19574));
#19569 = SURFACE_STYLE_USAGE(.BOTH.,#19570);
#19570 = SURFACE_SIDE_STYLE('',(#19571));
#19571 = SURFACE_STYLE_FILL_AREA(#19572);
#19572 = FILL_AREA_STYLE('',(#19573));
#19573 = FILL_AREA_STYLE_COLOUR('',#15799);
#19574 = CURVE_STYLE('',#19575,POSITIVE_LENGTH_MEASURE(0.1),#15799);
#19575 = DRAUGHTING_PRE_DEFINED_CURVE_FONT('continuous');
#19576 = STYLED_ITEM('color',(#19577),#9114);
#19577 = PRESENTATION_STYLE_ASSIGNMENT((#19578,#19583));
#19578 = SURFACE_STYLE_USAGE(.BOTH.,#19579);
#19579 = SURFACE_SIDE_STYLE('',(#19580));
#19580 = SURFACE_STYLE_FILL_AREA(#19581);
#19581 = FILL_AREA_STYLE('',(#19582));
#19582 = FILL_AREA_STYLE_COLOUR('',#15799);
#19583 = CURVE_STYLE('',#19584,POSITIVE_LENGTH_MEASURE(0.1),#15799);
#19584 = DRAUGHTING_PRE_DEFINED_CURVE_FONT('continuous');
#19585 = STYLED_ITEM('color',(#19586),#9131);
#19586 = PRESENTATION_STYLE_ASSIGNMENT((#19587,#19592));
#19587 = SURFACE_STYLE_USAGE(.BOTH.,#19588);
#19588 = SURFACE_SIDE_STYLE('',(#19589));
#19589 = SURFACE_STYLE_FILL_AREA(#19590);
#19590 = FILL_AREA_STYLE('',(#19591));
#19591 = FILL_AREA_STYLE_COLOUR('',#15799);
#19592 = CURVE_STYLE('',#19593,POSITIVE_LENGTH_MEASURE(0.1),#15799);
#19593 = DRAUGHTING_PRE_DEFINED_CURVE_FONT('continuous');
#19594 = STYLED_ITEM('color',(#19595),#9148);
#19595 = PRESENTATION_STYLE_ASSIGNMENT((#19596,#19601));
#19596 = SURFACE_STYLE_USAGE(.BOTH.,#19597);
#19597 = SURFACE_SIDE_STYLE('',(#19598));
#19598 = SURFACE_STYLE_FILL_AREA(#19599);
#19599 = FILL_AREA_STYLE('',(#19600));
#19600 = FILL_AREA_STYLE_COLOUR('',#15799);
#19601 = CURVE_STYLE('',#19602,POSITIVE_LENGTH_MEASURE(0.1),#15799);
#19602 = DRAUGHTING_PRE_DEFINED_CURVE_FONT('continuous');
#19603 = STYLED_ITEM('color',(#19604),#9160);
#19604 = PRESENTATION_STYLE_ASSIGNMENT((#19605,#19610));
#19605 = SURFACE_STYLE_USAGE(.BOTH.,#19606);
#19606 = SURFACE_SIDE_STYLE('',(#19607));
#19607 = SURFACE_STYLE_FILL_AREA(#19608);
#19608 = FILL_AREA_STYLE('',(#19609));
#19609 = FILL_AREA_STYLE_COLOUR('',#15799);
#19610 = CURVE_STYLE('',#19611,POSITIVE_LENGTH_MEASURE(0.1),#15799);
#19611 = DRAUGHTING_PRE_DEFINED_CURVE_FONT('continuous');
#19612 = STYLED_ITEM('color',(#19613),#9177);
#19613 = PRESENTATION_STYLE_ASSIGNMENT((#19614,#19619));
#19614 = SURFACE_STYLE_USAGE(.BOTH.,#19615);
#19615 = SURFACE_SIDE_STYLE('',(#19616));
#19616 = SURFACE_STYLE_FILL_AREA(#19617);
#19617 = FILL_AREA_STYLE('',(#19618));
#19618 = FILL_AREA_STYLE_COLOUR('',#15799);
#19619 = CURVE_STYLE('',#19620,POSITIVE_LENGTH_MEASURE(0.1),#15799);
#19620 = DRAUGHTING_PRE_DEFINED_CURVE_FONT('continuous');
#19621 = STYLED_ITEM('color',(#19622),#9194);
#19622 = PRESENTATION_STYLE_ASSIGNMENT((#19623,#19628));
#19623 = SURFACE_STYLE_USAGE(.BOTH.,#19624);
#19624 = SURFACE_SIDE_STYLE('',(#19625));
#19625 = SURFACE_STYLE_FILL_AREA(#19626);
#19626 = FILL_AREA_STYLE('',(#19627));
#19627 = FILL_AREA_STYLE_COLOUR('',#15799);
#19628 = CURVE_STYLE('',#19629,POSITIVE_LENGTH_MEASURE(0.1),#15799);
#19629 = DRAUGHTING_PRE_DEFINED_CURVE_FONT('continuous');
#19630 = STYLED_ITEM('color',(#19631),#9211);
#19631 = PRESENTATION_STYLE_ASSIGNMENT((#19632,#19637));
#19632 = SURFACE_STYLE_USAGE(.BOTH.,#19633);
#19633 = SURFACE_SIDE_STYLE('',(#19634));
#19634 = SURFACE_STYLE_FILL_AREA(#19635);
#19635 = FILL_AREA_STYLE('',(#19636));
#19636 = FILL_AREA_STYLE_COLOUR('',#15799);
#19637 = CURVE_STYLE('',#19638,POSITIVE_LENGTH_MEASURE(0.1),#15799);
#19638 = DRAUGHTING_PRE_DEFINED_CURVE_FONT('continuous');
#19639 = STYLED_ITEM('color',(#19640),#9228);
#19640 = PRESENTATION_STYLE_ASSIGNMENT((#19641,#19646));
#19641 = SURFACE_STYLE_USAGE(.BOTH.,#19642);
#19642 = SURFACE_SIDE_STYLE('',(#19643));
#19643 = SURFACE_STYLE_FILL_AREA(#19644);
#19644 = FILL_AREA_STYLE('',(#19645));
#19645 = FILL_AREA_STYLE_COLOUR('',#15799);
#19646 = CURVE_STYLE('',#19647,POSITIVE_LENGTH_MEASURE(0.1),#15799);
#19647 = DRAUGHTING_PRE_DEFINED_CURVE_FONT('continuous');
#19648 = STYLED_ITEM('color',(#19649),#9245);
#19649 = PRESENTATION_STYLE_ASSIGNMENT((#19650,#19655));
#19650 = SURFACE_STYLE_USAGE(.BOTH.,#19651);
#19651 = SURFACE_SIDE_STYLE('',(#19652));
#19652 = SURFACE_STYLE_FILL_AREA(#19653);
#19653 = FILL_AREA_STYLE('',(#19654));
#19654 = FILL_AREA_STYLE_COLOUR('',#15799);
#19655 = CURVE_STYLE('',#19656,POSITIVE_LENGTH_MEASURE(0.1),#15799);
#19656 = DRAUGHTING_PRE_DEFINED_CURVE_FONT('continuous');
#19657 = STYLED_ITEM('color',(#19658),#9262);
#19658 = PRESENTATION_STYLE_ASSIGNMENT((#19659,#19664));
#19659 = SURFACE_STYLE_USAGE(.BOTH.,#19660);
#19660 = SURFACE_SIDE_STYLE('',(#19661));
#19661 = SURFACE_STYLE_FILL_AREA(#19662);
#19662 = FILL_AREA_STYLE('',(#19663));
#19663 = FILL_AREA_STYLE_COLOUR('',#15799);
#19664 = CURVE_STYLE('',#19665,POSITIVE_LENGTH_MEASURE(0.1),#15799);
#19665 = DRAUGHTING_PRE_DEFINED_CURVE_FONT('continuous');
#19666 = STYLED_ITEM('color',(#19667),#9279);
#19667 = PRESENTATION_STYLE_ASSIGNMENT((#19668,#19673));
#19668 = SURFACE_STYLE_USAGE(.BOTH.,#19669);
#19669 = SURFACE_SIDE_STYLE('',(#19670));
#19670 = SURFACE_STYLE_FILL_AREA(#19671);
#19671 = FILL_AREA_STYLE('',(#19672));
#19672 = FILL_AREA_STYLE_COLOUR('',#15799);
#19673 = CURVE_STYLE('',#19674,POSITIVE_LENGTH_MEASURE(0.1),#15799);
#19674 = DRAUGHTING_PRE_DEFINED_CURVE_FONT('continuous');
#19675 = STYLED_ITEM('color',(#19676),#9291);
#19676 = PRESENTATION_STYLE_ASSIGNMENT((#19677,#19682));
#19677 = SURFACE_STYLE_USAGE(.BOTH.,#19678);
#19678 = SURFACE_SIDE_STYLE('',(#19679));
#19679 = SURFACE_STYLE_FILL_AREA(#19680);
#19680 = FILL_AREA_STYLE('',(#19681));
#19681 = FILL_AREA_STYLE_COLOUR('',#15799);
#19682 = CURVE_STYLE('',#19683,POSITIVE_LENGTH_MEASURE(0.1),#15799);
#19683 = DRAUGHTING_PRE_DEFINED_CURVE_FONT('continuous');
#19684 = STYLED_ITEM('color',(#19685),#9308);
#19685 = PRESENTATION_STYLE_ASSIGNMENT((#19686,#19691));
#19686 = SURFACE_STYLE_USAGE(.BOTH.,#19687);
#19687 = SURFACE_SIDE_STYLE('',(#19688));
#19688 = SURFACE_STYLE_FILL_AREA(#19689);
#19689 = FILL_AREA_STYLE('',(#19690));
#19690 = FILL_AREA_STYLE_COLOUR('',#15799);
#19691 = CURVE_STYLE('',#19692,POSITIVE_LENGTH_MEASURE(0.1),#15799);
#19692 = DRAUGHTING_PRE_DEFINED_CURVE_FONT('continuous');
#19693 = STYLED_ITEM('color',(#19694),#9325);
#19694 = PRESENTATION_STYLE_ASSIGNMENT((#19695,#19700));
#19695 = SURFACE_STYLE_USAGE(.BOTH.,#19696);
#19696 = SURFACE_SIDE_STYLE('',(#19697));
#19697 = SURFACE_STYLE_FILL_AREA(#19698);
#19698 = FILL_AREA_STYLE('',(#19699));
#19699 = FILL_AREA_STYLE_COLOUR('',#15799);
#19700 = CURVE_STYLE('',#19701,POSITIVE_LENGTH_MEASURE(0.1),#15799);
#19701 = DRAUGHTING_PRE_DEFINED_CURVE_FONT('continuous');
#19702 = STYLED_ITEM('color',(#19703),#9342);
#19703 = PRESENTATION_STYLE_ASSIGNMENT((#19704,#19709));
#19704 = SURFACE_STYLE_USAGE(.BOTH.,#19705);
#19705 = SURFACE_SIDE_STYLE('',(#19706));
#19706 = SURFACE_STYLE_FILL_AREA(#19707);
#19707 = FILL_AREA_STYLE('',(#19708));
#19708 = FILL_AREA_STYLE_COLOUR('',#15799);
#19709 = CURVE_STYLE('',#19710,POSITIVE_LENGTH_MEASURE(0.1),#15799);
#19710 = DRAUGHTING_PRE_DEFINED_CURVE_FONT('continuous');
#19711 = STYLED_ITEM('color',(#19712),#9359);
#19712 = PRESENTATION_STYLE_ASSIGNMENT((#19713,#19718));
#19713 = SURFACE_STYLE_USAGE(.BOTH.,#19714);
#19714 = SURFACE_SIDE_STYLE('',(#19715));
#19715 = SURFACE_STYLE_FILL_AREA(#19716);
#19716 = FILL_AREA_STYLE('',(#19717));
#19717 = FILL_AREA_STYLE_COLOUR('',#15799);
#19718 = CURVE_STYLE('',#19719,POSITIVE_LENGTH_MEASURE(0.1),#15799);
#19719 = DRAUGHTING_PRE_DEFINED_CURVE_FONT('continuous');
#19720 = STYLED_ITEM('color',(#19721),#9376);
#19721 = PRESENTATION_STYLE_ASSIGNMENT((#19722,#19727));
#19722 = SURFACE_STYLE_USAGE(.BOTH.,#19723);
#19723 = SURFACE_SIDE_STYLE('',(#19724));
#19724 = SURFACE_STYLE_FILL_AREA(#19725);
#19725 = FILL_AREA_STYLE('',(#19726));
#19726 = FILL_AREA_STYLE_COLOUR('',#15799);
#19727 = CURVE_STYLE('',#19728,POSITIVE_LENGTH_MEASURE(0.1),#15799);
#19728 = DRAUGHTING_PRE_DEFINED_CURVE_FONT('continuous');
#19729 = STYLED_ITEM('color',(#19730),#9393);
#19730 = PRESENTATION_STYLE_ASSIGNMENT((#19731,#19736));
#19731 = SURFACE_STYLE_USAGE(.BOTH.,#19732);
#19732 = SURFACE_SIDE_STYLE('',(#19733));
#19733 = SURFACE_STYLE_FILL_AREA(#19734);
#19734 = FILL_AREA_STYLE('',(#19735));
#19735 = FILL_AREA_STYLE_COLOUR('',#15799);
#19736 = CURVE_STYLE('',#19737,POSITIVE_LENGTH_MEASURE(0.1),#15799);
#19737 = DRAUGHTING_PRE_DEFINED_CURVE_FONT('continuous');
#19738 = STYLED_ITEM('color',(#19739),#9410);
#19739 = PRESENTATION_STYLE_ASSIGNMENT((#19740,#19745));
#19740 = SURFACE_STYLE_USAGE(.BOTH.,#19741);
#19741 = SURFACE_SIDE_STYLE('',(#19742));
#19742 = SURFACE_STYLE_FILL_AREA(#19743);
#19743 = FILL_AREA_STYLE('',(#19744));
#19744 = FILL_AREA_STYLE_COLOUR('',#15799);
#19745 = CURVE_STYLE('',#19746,POSITIVE_LENGTH_MEASURE(0.1),#15799);
#19746 = DRAUGHTING_PRE_DEFINED_CURVE_FONT('continuous');
#19747 = STYLED_ITEM('color',(#19748),#9422);
#19748 = PRESENTATION_STYLE_ASSIGNMENT((#19749,#19754));
#19749 = SURFACE_STYLE_USAGE(.BOTH.,#19750);
#19750 = SURFACE_SIDE_STYLE('',(#19751));
#19751 = SURFACE_STYLE_FILL_AREA(#19752);
#19752 = FILL_AREA_STYLE('',(#19753));
#19753 = FILL_AREA_STYLE_COLOUR('',#15799);
#19754 = CURVE_STYLE('',#19755,POSITIVE_LENGTH_MEASURE(0.1),#15799);
#19755 = DRAUGHTING_PRE_DEFINED_CURVE_FONT('continuous');
#19756 = STYLED_ITEM('color',(#19757),#9439);
#19757 = PRESENTATION_STYLE_ASSIGNMENT((#19758,#19763));
#19758 = SURFACE_STYLE_USAGE(.BOTH.,#19759);
#19759 = SURFACE_SIDE_STYLE('',(#19760));
#19760 = SURFACE_STYLE_FILL_AREA(#19761);
#19761 = FILL_AREA_STYLE('',(#19762));
#19762 = FILL_AREA_STYLE_COLOUR('',#15799);
#19763 = CURVE_STYLE('',#19764,POSITIVE_LENGTH_MEASURE(0.1),#15799);
#19764 = DRAUGHTING_PRE_DEFINED_CURVE_FONT('continuous');
#19765 = STYLED_ITEM('color',(#19766),#9456);
#19766 = PRESENTATION_STYLE_ASSIGNMENT((#19767,#19772));
#19767 = SURFACE_STYLE_USAGE(.BOTH.,#19768);
#19768 = SURFACE_SIDE_STYLE('',(#19769));
#19769 = SURFACE_STYLE_FILL_AREA(#19770);
#19770 = FILL_AREA_STYLE('',(#19771));
#19771 = FILL_AREA_STYLE_COLOUR('',#15799);
#19772 = CURVE_STYLE('',#19773,POSITIVE_LENGTH_MEASURE(0.1),#15799);
#19773 = DRAUGHTING_PRE_DEFINED_CURVE_FONT('continuous');
#19774 = STYLED_ITEM('color',(#19775),#9473);
#19775 = PRESENTATION_STYLE_ASSIGNMENT((#19776,#19781));
#19776 = SURFACE_STYLE_USAGE(.BOTH.,#19777);
#19777 = SURFACE_SIDE_STYLE('',(#19778));
#19778 = SURFACE_STYLE_FILL_AREA(#19779);
#19779 = FILL_AREA_STYLE('',(#19780));
#19780 = FILL_AREA_STYLE_COLOUR('',#15799);
#19781 = CURVE_STYLE('',#19782,POSITIVE_LENGTH_MEASURE(0.1),#15799);
#19782 = DRAUGHTING_PRE_DEFINED_CURVE_FONT('continuous');
#19783 = STYLED_ITEM('color',(#19784),#9490);
#19784 = PRESENTATION_STYLE_ASSIGNMENT((#19785,#19790));
#19785 = SURFACE_STYLE_USAGE(.BOTH.,#19786);
#19786 = SURFACE_SIDE_STYLE('',(#19787));
#19787 = SURFACE_STYLE_FILL_AREA(#19788);
#19788 = FILL_AREA_STYLE('',(#19789));
#19789 = FILL_AREA_STYLE_COLOUR('',#15799);
#19790 = CURVE_STYLE('',#19791,POSITIVE_LENGTH_MEASURE(0.1),#15799);
#19791 = DRAUGHTING_PRE_DEFINED_CURVE_FONT('continuous');
#19792 = STYLED_ITEM('color',(#19793),#9507);
#19793 = PRESENTATION_STYLE_ASSIGNMENT((#19794,#19799));
#19794 = SURFACE_STYLE_USAGE(.BOTH.,#19795);
#19795 = SURFACE_SIDE_STYLE('',(#19796));
#19796 = SURFACE_STYLE_FILL_AREA(#19797);
#19797 = FILL_AREA_STYLE('',(#19798));
#19798 = FILL_AREA_STYLE_COLOUR('',#15799);
#19799 = CURVE_STYLE('',#19800,POSITIVE_LENGTH_MEASURE(0.1),#15799);
#19800 = DRAUGHTING_PRE_DEFINED_CURVE_FONT('continuous');
#19801 = STYLED_ITEM('color',(#19802),#9524);
#19802 = PRESENTATION_STYLE_ASSIGNMENT((#19803,#19808));
#19803 = SURFACE_STYLE_USAGE(.BOTH.,#19804);
#19804 = SURFACE_SIDE_STYLE('',(#19805));
#19805 = SURFACE_STYLE_FILL_AREA(#19806);
#19806 = FILL_AREA_STYLE('',(#19807));
#19807 = FILL_AREA_STYLE_COLOUR('',#15799);
#19808 = CURVE_STYLE('',#19809,POSITIVE_LENGTH_MEASURE(0.1),#15799);
#19809 = DRAUGHTING_PRE_DEFINED_CURVE_FONT('continuous');
#19810 = STYLED_ITEM('color',(#19811),#9541);
#19811 = PRESENTATION_STYLE_ASSIGNMENT((#19812,#19817));
#19812 = SURFACE_STYLE_USAGE(.BOTH.,#19813);
#19813 = SURFACE_SIDE_STYLE('',(#19814));
#19814 = SURFACE_STYLE_FILL_AREA(#19815);
#19815 = FILL_AREA_STYLE('',(#19816));
#19816 = FILL_AREA_STYLE_COLOUR('',#15799);
#19817 = CURVE_STYLE('',#19818,POSITIVE_LENGTH_MEASURE(0.1),#15799);
#19818 = DRAUGHTING_PRE_DEFINED_CURVE_FONT('continuous');
#19819 = STYLED_ITEM('color',(#19820),#9553);
#19820 = PRESENTATION_STYLE_ASSIGNMENT((#19821,#19826));
#19821 = SURFACE_STYLE_USAGE(.BOTH.,#19822);
#19822 = SURFACE_SIDE_STYLE('',(#19823));
#19823 = SURFACE_STYLE_FILL_AREA(#19824);
#19824 = FILL_AREA_STYLE('',(#19825));
#19825 = FILL_AREA_STYLE_COLOUR('',#15799);
#19826 = CURVE_STYLE('',#19827,POSITIVE_LENGTH_MEASURE(0.1),#15799);
#19827 = DRAUGHTING_PRE_DEFINED_CURVE_FONT('continuous');
#19828 = STYLED_ITEM('color',(#19829),#9570);
#19829 = PRESENTATION_STYLE_ASSIGNMENT((#19830,#19835));
#19830 = SURFACE_STYLE_USAGE(.BOTH.,#19831);
#19831 = SURFACE_SIDE_STYLE('',(#19832));
#19832 = SURFACE_STYLE_FILL_AREA(#19833);
#19833 = FILL_AREA_STYLE('',(#19834));
#19834 = FILL_AREA_STYLE_COLOUR('',#15799);
#19835 = CURVE_STYLE('',#19836,POSITIVE_LENGTH_MEASURE(0.1),#15799);
#19836 = DRAUGHTING_PRE_DEFINED_CURVE_FONT('continuous');
#19837 = STYLED_ITEM('color',(#19838),#9587);
#19838 = PRESENTATION_STYLE_ASSIGNMENT((#19839,#19844));
#19839 = SURFACE_STYLE_USAGE(.BOTH.,#19840);
#19840 = SURFACE_SIDE_STYLE('',(#19841));
#19841 = SURFACE_STYLE_FILL_AREA(#19842);
#19842 = FILL_AREA_STYLE('',(#19843));
#19843 = FILL_AREA_STYLE_COLOUR('',#15799);
#19844 = CURVE_STYLE('',#19845,POSITIVE_LENGTH_MEASURE(0.1),#15799);
#19845 = DRAUGHTING_PRE_DEFINED_CURVE_FONT('continuous');
#19846 = STYLED_ITEM('color',(#19847),#9604);
#19847 = PRESENTATION_STYLE_ASSIGNMENT((#19848,#19853));
#19848 = SURFACE_STYLE_USAGE(.BOTH.,#19849);
#19849 = SURFACE_SIDE_STYLE('',(#19850));
#19850 = SURFACE_STYLE_FILL_AREA(#19851);
#19851 = FILL_AREA_STYLE('',(#19852));
#19852 = FILL_AREA_STYLE_COLOUR('',#15799);
#19853 = CURVE_STYLE('',#19854,POSITIVE_LENGTH_MEASURE(0.1),#15799);
#19854 = DRAUGHTING_PRE_DEFINED_CURVE_FONT('continuous');
#19855 = STYLED_ITEM('color',(#19856),#9621);
#19856 = PRESENTATION_STYLE_ASSIGNMENT((#19857,#19862));
#19857 = SURFACE_STYLE_USAGE(.BOTH.,#19858);
#19858 = SURFACE_SIDE_STYLE('',(#19859));
#19859 = SURFACE_STYLE_FILL_AREA(#19860);
#19860 = FILL_AREA_STYLE('',(#19861));
#19861 = FILL_AREA_STYLE_COLOUR('',#15799);
#19862 = CURVE_STYLE('',#19863,POSITIVE_LENGTH_MEASURE(0.1),#15799);
#19863 = DRAUGHTING_PRE_DEFINED_CURVE_FONT('continuous');
#19864 = STYLED_ITEM('color',(#19865),#9638);
#19865 = PRESENTATION_STYLE_ASSIGNMENT((#19866,#19871));
#19866 = SURFACE_STYLE_USAGE(.BOTH.,#19867);
#19867 = SURFACE_SIDE_STYLE('',(#19868));
#19868 = SURFACE_STYLE_FILL_AREA(#19869);
#19869 = FILL_AREA_STYLE('',(#19870));
#19870 = FILL_AREA_STYLE_COLOUR('',#15799);
#19871 = CURVE_STYLE('',#19872,POSITIVE_LENGTH_MEASURE(0.1),#15799);
#19872 = DRAUGHTING_PRE_DEFINED_CURVE_FONT('continuous');
#19873 = STYLED_ITEM('color',(#19874),#9655);
#19874 = PRESENTATION_STYLE_ASSIGNMENT((#19875,#19880));
#19875 = SURFACE_STYLE_USAGE(.BOTH.,#19876);
#19876 = SURFACE_SIDE_STYLE('',(#19877));
#19877 = SURFACE_STYLE_FILL_AREA(#19878);
#19878 = FILL_AREA_STYLE('',(#19879));
#19879 = FILL_AREA_STYLE_COLOUR('',#15799);
#19880 = CURVE_STYLE('',#19881,POSITIVE_LENGTH_MEASURE(0.1),#15799);
#19881 = DRAUGHTING_PRE_DEFINED_CURVE_FONT('continuous');
#19882 = STYLED_ITEM('color',(#19883),#9667);
#19883 = PRESENTATION_STYLE_ASSIGNMENT((#19884,#19890));
#19884 = SURFACE_STYLE_USAGE(.BOTH.,#19885);
#19885 = SURFACE_SIDE_STYLE('',(#19886));
#19886 = SURFACE_STYLE_FILL_AREA(#19887);
#19887 = FILL_AREA_STYLE('',(#19888));
#19888 = FILL_AREA_STYLE_COLOUR('',#19889);
#19889 = COLOUR_RGB('',0.690999998585,0.664000007176,0.597999987832);
#19890 = CURVE_STYLE('',#19891,POSITIVE_LENGTH_MEASURE(0.1),#19889);
#19891 = DRAUGHTING_PRE_DEFINED_CURVE_FONT('continuous');
#19892 = MECHANICAL_DESIGN_GEOMETRIC_PRESENTATION_REPRESENTATION('',(
    #19893),#15780);
#19893 = STYLED_ITEM('color',(#19894),#15630);
#19894 = PRESENTATION_STYLE_ASSIGNMENT((#19895));
#19895 = SURFACE_STYLE_USAGE(.BOTH.,#19896);
#19896 = SURFACE_SIDE_STYLE('',(#19897));
#19897 = SURFACE_STYLE_FILL_AREA(#19898);
#19898 = FILL_AREA_STYLE('',(#19899));
#19899 = FILL_AREA_STYLE_COLOUR('',#19900);
#19900 = COLOUR_RGB('',0.313304153717,0.484529207832,0.410020903123);
ENDSEC;
END-ISO-10303-21;
